date,vessel_type,origin_country,freight_rate_usd_per_tonne,bunker_price_usd_per_tonne_ifo380,port_congestion_index
2023-01-01,Handysize,Australia,9.86,455.6,0.221
2023-01-02,Handysize,Australia,9.81,429.7,0.349
2023-01-03,Handysize,Australia,9.42,435.0,0.429
2023-01-04,Handysize,Australia,9.53,462.8,0.803
2023-01-05,Handysize,Australia,9.67,461.2,0.758
2023-01-06,Handysize,Australia,9.92,429.0,0.517
2023-01-07,Handysize,Australia,9.59,431.5,0.505
2023-01-08,Handysize,Australia,9.45,462.8,0.438
2023-01-09,Handysize,Australia,9.32,451.0,0.634
2023-01-10,Handysize,Australia,9.15,429.4,0.511
2023-01-11,Handysize,Australia,9.27,452.1,0.487
2023-01-12,Handysize,Australia,9.47,444.4,0.468
2023-01-13,Handysize,Australia,9.55,452.3,0.815
2023-01-14,Handysize,Australia,9.39,458.8,0.267
2023-01-15,Handysize,Australia,9.77,467.0,0.467
2023-01-16,Handysize,Australia,9.98,453.4,0.282
2023-01-17,Handysize,Australia,10.21,452.2,0.31
2023-01-18,Handysize,Australia,10.16,451.8,0.497
2023-01-19,Handysize,Australia,10.02,448.4,0.233
2023-01-20,Handysize,Australia,10.64,442.7,0.309
2023-01-21,Handysize,Australia,10.71,434.8,0.334
2023-01-22,Handysize,Australia,10.69,469.3,0.276
2023-01-23,Handysize,Australia,10.62,456.1,0.622
2023-01-24,Handysize,Australia,10.35,420.2,0.66
2023-01-25,Handysize,Australia,10.23,460.5,0.241
2023-01-26,Handysize,Australia,10.12,463.6,0.438
2023-01-27,Handysize,Australia,10.26,466.8,0.447
2023-01-28,Handysize,Australia,10.05,452.7,0.573
2023-01-29,Handysize,Australia,10.26,468.4,0.338
2023-01-30,Handysize,Australia,10.23,466.0,0.077
2023-01-31,Handysize,Australia,10.49,473.1,0.48
2023-02-01,Handysize,Australia,10.23,450.9,0.372
2023-02-02,Handysize,Australia,9.92,462.4,0.602
2023-02-03,Handysize,Australia,9.99,475.4,0.294
2023-02-04,Handysize,Australia,9.97,477.2,0.583
2023-02-05,Handysize,Australia,10.37,446.8,0.293
2023-02-06,Handysize,Australia,10.43,461.7,0.259
2023-02-07,Handysize,Australia,10.45,475.3,0.604
2023-02-08,Handysize,Australia,10.6,508.5,0.264
2023-02-09,Handysize,Australia,10.76,462.7,0.525
2023-02-10,Handysize,Australia,10.4,450.5,0.669
2023-02-11,Handysize,Australia,10.66,463.5,0.23
2023-02-12,Handysize,Australia,10.67,466.7,0.559
2023-02-13,Handysize,Australia,10.62,462.3,0.52
2023-02-14,Handysize,Australia,10.71,465.3,0.438
2023-02-15,Handysize,Australia,10.64,463.2,0.21
2023-02-16,Handysize,Australia,10.88,460.1,0.569
2023-02-17,Handysize,Australia,10.68,452.7,0.321
2023-02-18,Handysize,Australia,10.79,492.5,0.376
2023-02-19,Handysize,Australia,10.47,455.1,0.507
2023-02-20,Handysize,Australia,10.39,464.5,0.245
2023-02-21,Handysize,Australia,10.81,453.1,0.412
2023-02-22,Handysize,Australia,10.86,469.2,0.535
2023-02-23,Handysize,Australia,10.5,459.3,0.6
2023-02-24,Handysize,Australia,10.77,465.5,0.429
2023-02-25,Handysize,Australia,10.53,466.4,0.413
2023-02-26,Handysize,Australia,10.39,481.0,0.755
2023-02-27,Handysize,Australia,10.29,467.0,0.614
2023-02-28,Handysize,Australia,10.36,477.7,0.81
2023-03-01,Handysize,Australia,10.42,451.6,0.526
2023-03-02,Handysize,Australia,10.31,465.7,0.451
2023-03-03,Handysize,Australia,10.22,480.4,0.584
2023-03-04,Handysize,Australia,10.67,462.8,0.447
2023-03-05,Handysize,Australia,10.79,470.6,0.61
2023-03-06,Handysize,Australia,10.99,494.1,0.55
2023-03-07,Handysize,Australia,11.18,482.4,0.771
2023-03-08,Handysize,Australia,11.28,478.5,0.671
2023-03-09,Handysize,Australia,11.36,461.8,0.371
2023-03-10,Handysize,Australia,11.27,470.5,0.271
2023-03-11,Handysize,Australia,11.49,495.8,0.357
2023-03-12,Handysize,Australia,11.48,447.0,0.349
2023-03-13,Handysize,Australia,11.73,471.7,0.431
2023-03-14,Handysize,Australia,11.28,494.2,0.788
2023-03-15,Handysize,Australia,11.61,468.2,0.427
2023-03-16,Handysize,Australia,11.64,490.0,0.625
2023-03-17,Handysize,Australia,11.41,464.9,0.31
2023-03-18,Handysize,Australia,10.91,473.4,0.424
2023-03-19,Handysize,Australia,10.86,480.8,0.495
2023-03-20,Handysize,Australia,10.61,424.7,0.683
2023-03-21,Handysize,Australia,11.05,502.7,0.576
2023-03-22,Handysize,Australia,11.24,483.2,0.525
2023-03-23,Handysize,Australia,11.25,468.5,0.314
2023-03-24,Handysize,Australia,11.26,458.8,0.585
2023-03-25,Handysize,Australia,10.97,471.9,0.588
2023-03-26,Handysize,Australia,10.63,493.0,0.496
2023-03-27,Handysize,Australia,11.02,462.0,0.646
2023-03-28,Handysize,Australia,10.71,471.3,0.739
2023-03-29,Handysize,Australia,10.35,487.6,0.604
2023-03-30,Handysize,Australia,10.16,489.6,0.442
2023-03-31,Handysize,Australia,9.71,440.0,0.697
2023-04-01,Handysize,Australia,9.75,484.6,0.486
2023-04-02,Handysize,Australia,9.76,476.5,0.57
2023-04-03,Handysize,Australia,9.65,464.8,0.744
2023-04-04,Handysize,Australia,9.55,466.5,0.494
2023-04-05,Handysize,Australia,9.67,464.3,0.327
2023-04-06,Handysize,Australia,9.6,460.3,0.415
2023-04-07,Handysize,Australia,9.98,458.1,0.434
2023-04-08,Handysize,Australia,9.92,478.9,0.629
2023-04-09,Handysize,Australia,9.97,496.6,0.486
2023-04-10,Handysize,Australia,9.77,486.5,0.532
2023-04-11,Handysize,Australia,9.68,503.2,0.573
2023-04-12,Handysize,Australia,9.95,487.1,0.822
2023-04-13,Handysize,Australia,10.01,494.3,0.674
2023-04-14,Handysize,Australia,10.2,471.4,0.439
2023-04-15,Handysize,Australia,10.04,472.7,0.588
2023-04-16,Handysize,Australia,10.16,430.9,0.498
2023-04-17,Handysize,Australia,10.37,474.8,0.601
2023-04-18,Handysize,Australia,10.65,504.6,0.481
2023-04-19,Handysize,Australia,10.69,484.6,0.781
2023-04-20,Handysize,Australia,10.95,487.9,0.472
2023-04-21,Handysize,Australia,11.12,482.9,0.574
2023-04-22,Handysize,Australia,10.74,481.8,0.754
2023-04-23,Handysize,Australia,10.76,477.8,0.37
2023-04-24,Handysize,Australia,10.65,492.5,0.233
2023-04-25,Handysize,Australia,10.3,508.0,0.407
2023-04-26,Handysize,Australia,10.43,500.7,0.508
2023-04-27,Handysize,Australia,10.46,491.3,0.636
2023-04-28,Handysize,Australia,10.36,482.8,0.533
2023-04-29,Handysize,Australia,9.95,494.3,0.362
2023-04-30,Handysize,Australia,9.75,516.3,0.516
2023-05-01,Handysize,Australia,9.69,471.2,0.573
2023-05-02,Handysize,Australia,9.55,499.4,0.557
2023-05-03,Handysize,Australia,9.61,511.6,0.509
2023-05-04,Handysize,Australia,9.65,493.9,0.429
2023-05-05,Handysize,Australia,9.6,501.7,0.417
2023-05-06,Handysize,Australia,9.57,492.3,0.354
2023-05-07,Handysize,Australia,9.6,475.5,0.442
2023-05-08,Handysize,Australia,9.38,509.1,0.352
2023-05-09,Handysize,Australia,9.72,497.5,0.861
2023-05-10,Handysize,Australia,10.01,466.6,0.378
2023-05-11,Handysize,Australia,9.73,498.6,0.237
2023-05-12,Handysize,Australia,9.74,486.8,0.207
2023-05-13,Handysize,Australia,9.79,503.8,0.548
2023-05-14,Handysize,Australia,9.89,498.9,0.674
2023-05-15,Handysize,Australia,10.15,489.4,0.413
2023-05-16,Handysize,Australia,10.28,518.6,0.59
2023-05-17,Handysize,Australia,10.28,478.0,0.52
2023-05-18,Handysize,Australia,10.37,480.2,0.229
2023-05-19,Handysize,Australia,10.09,495.1,0.463
2023-05-20,Handysize,Australia,10.14,527.7,0.459
2023-05-21,Handysize,Australia,10.03,514.7,0.474
2023-05-22,Handysize,Australia,9.79,501.0,0.625
2023-05-23,Handysize,Australia,9.91,499.7,0.464
2023-05-24,Handysize,Australia,9.78,488.7,0.641
2023-05-25,Handysize,Australia,9.7,521.6,0.633
2023-05-26,Handysize,Australia,9.77,458.4,0.776
2023-05-27,Handysize,Australia,9.54,469.3,0.438
2023-05-28,Handysize,Australia,9.57,459.4,0.765
2023-05-29,Handysize,Australia,9.77,510.3,0.805
2023-05-30,Handysize,Australia,9.78,508.7,0.658
2023-05-31,Handysize,Australia,9.92,480.8,0.796
2023-06-01,Handysize,Australia,9.91,461.0,0.651
2023-06-02,Handysize,Australia,9.91,532.4,0.396
2023-06-03,Handysize,Australia,10.49,515.0,0.849
2023-06-04,Handysize,Australia,10.7,500.7,0.532
2023-06-05,Handysize,Australia,10.73,470.3,0.458
2023-06-06,Handysize,Australia,10.64,489.1,0.645
2023-06-07,Handysize,Australia,10.92,486.9,0.743
2023-06-08,Handysize,Australia,10.81,489.1,0.487
2023-06-09,Handysize,Australia,10.69,477.8,0.382
2023-06-10,Handysize,Australia,10.35,517.8,0.427
2023-06-11,Handysize,Australia,10.45,483.1,0.583
2023-06-12,Handysize,Australia,10.12,455.2,0.57
2023-06-13,Handysize,Australia,10.26,494.3,0.593
2023-06-14,Handysize,Australia,10.44,486.9,0.409
2023-06-15,Handysize,Australia,10.28,504.3,0.547
2023-06-16,Handysize,Australia,10.47,500.5,0.343
2023-06-17,Handysize,Australia,10.48,485.0,0.302
2023-06-18,Handysize,Australia,10.34,515.1,0.882
2023-06-19,Handysize,Australia,10.2,503.0,0.718
2023-06-20,Handysize,Australia,10.23,525.9,0.312
2023-06-21,Handysize,Australia,10.76,493.5,0.578
2023-06-22,Handysize,Australia,10.75,496.2,0.618
2023-06-23,Handysize,Australia,10.66,517.5,0.215
2023-06-24,Handysize,Australia,10.63,478.2,0.284
2023-06-25,Handysize,Australia,10.8,501.7,0.686
2023-06-26,Handysize,Australia,11.01,506.1,0.498
2023-06-27,Handysize,Australia,10.76,503.4,0.431
2023-06-28,Handysize,Australia,10.79,513.2,0.617
2023-06-29,Handysize,Australia,10.8,515.4,0.461
2023-06-30,Handysize,Australia,11.0,490.4,0.679
2023-07-01,Handysize,Australia,10.87,503.2,0.389
2023-07-02,Handysize,Australia,10.56,499.0,0.877
2023-07-03,Handysize,Australia,9.96,489.1,0.777
2023-07-04,Handysize,Australia,9.74,529.0,0.699
2023-07-05,Handysize,Australia,9.95,521.6,0.552
2023-07-06,Handysize,Australia,9.9,491.4,0.804
2023-07-07,Handysize,Australia,9.87,495.3,0.434
2023-07-08,Handysize,Australia,9.67,514.5,0.515
2023-07-09,Handysize,Australia,10.11,497.2,0.701
2023-07-10,Handysize,Australia,9.72,487.4,0.551
2023-07-11,Handysize,Australia,9.65,499.0,0.709
2023-07-12,Handysize,Australia,9.79,525.1,0.508
2023-07-13,Handysize,Australia,9.88,501.9,0.358
2023-07-14,Handysize,Australia,9.61,505.0,0.56
2023-07-15,Handysize,Australia,9.64,508.6,0.367
2023-07-16,Handysize,Australia,9.38,483.2,0.771
2023-07-17,Handysize,Australia,9.23,491.4,0.511
2023-07-18,Handysize,Australia,9.42,494.6,0.554
2023-07-19,Handysize,Australia,9.8,522.9,0.624
2023-07-20,Handysize,Australia,9.79,503.9,0.559
2023-07-21,Handysize,Australia,9.91,506.1,0.461
2023-07-22,Handysize,Australia,9.64,543.2,0.407
2023-07-23,Handysize,Australia,9.55,501.3,0.493
2023-07-24,Handysize,Australia,9.67,516.2,0.505
2023-07-25,Handysize,Australia,9.52,524.7,0.709
2023-07-26,Handysize,Australia,9.34,545.8,0.525
2023-07-27,Handysize,Australia,9.53,526.4,0.226
2023-07-28,Handysize,Australia,9.92,512.2,0.533
2023-07-29,Handysize,Australia,10.24,501.8,0.659
2023-07-30,Handysize,Australia,10.12,487.4,0.898
2023-07-31,Handysize,Australia,9.96,493.2,0.477
2023-08-01,Handysize,Australia,10.27,508.0,0.505
2023-08-02,Handysize,Australia,10.21,512.4,0.617
2023-08-03,Handysize,Australia,10.26,501.9,0.361
2023-08-04,Handysize,Australia,10.17,496.1,0.623
2023-08-05,Handysize,Australia,10.3,509.0,0.479
2023-08-06,Handysize,Australia,10.13,515.3,0.425
2023-08-07,Handysize,Australia,10.07,498.6,0.569
2023-08-08,Handysize,Australia,10.14,507.7,0.273
2023-08-09,Handysize,Australia,9.77,509.1,0.222
2023-08-10,Handysize,Australia,10.37,505.2,0.637
2023-08-11,Handysize,Australia,9.88,493.4,0.467
2023-08-12,Handysize,Australia,9.51,514.3,0.462
2023-08-13,Handysize,Australia,9.3,494.0,0.498
2023-08-14,Handysize,Australia,9.16,507.6,0.644
2023-08-15,Handysize,Australia,9.53,519.4,0.654
2023-08-16,Handysize,Australia,9.54,523.7,0.497
2023-08-17,Handysize,Australia,9.47,503.2,0.31
2023-08-18,Handysize,Australia,9.3,512.1,0.39
2023-08-19,Handysize,Australia,9.5,506.0,0.517
2023-08-20,Handysize,Australia,9.45,495.4,0.611
2023-08-21,Handysize,Australia,9.39,498.7,0.331
2023-08-22,Handysize,Australia,9.4,501.9,0.378
2023-08-23,Handysize,Australia,9.62,504.3,0.3
2023-08-24,Handysize,Australia,9.52,499.6,0.55
2023-08-25,Handysize,Australia,9.65,522.6,0.37
2023-08-26,Handysize,Australia,9.62,499.3,0.76
2023-08-27,Handysize,Australia,9.26,528.9,0.642
2023-08-28,Handysize,Australia,9.16,518.4,0.463
2023-08-29,Handysize,Australia,9.17,525.8,0.387
2023-08-30,Handysize,Australia,9.34,497.5,0.577
2023-08-31,Handysize,Australia,8.96,500.0,0.64
2023-09-01,Handysize,Australia,8.78,513.8,0.421
2023-09-02,Handysize,Australia,8.56,547.1,0.28
2023-09-03,Handysize,Australia,8.61,533.1,0.089
2023-09-04,Handysize,Australia,8.49,522.8,0.435
2023-09-05,Handysize,Australia,8.25,487.4,0.549
2023-09-06,Handysize,Australia,8.16,501.9,0.258
2023-09-07,Handysize,Australia,8.41,513.4,0.449
2023-09-08,Handysize,Australia,8.82,503.2,0.503
2023-09-09,Handysize,Australia,8.82,527.3,0.563
2023-09-10,Handysize,Australia,8.88,516.2,0.357
2023-09-11,Handysize,Australia,8.97,504.3,0.456
2023-09-12,Handysize,Australia,8.85,492.0,0.456
2023-09-13,Handysize,Australia,8.7,488.5,0.279
2023-09-14,Handysize,Australia,8.84,494.7,0.497
2023-09-15,Handysize,Australia,8.87,512.5,0.574
2023-09-16,Handysize,Australia,8.57,522.4,0.631
2023-09-17,Handysize,Australia,8.7,541.2,0.408
2023-09-18,Handysize,Australia,8.98,516.5,0.351
2023-09-19,Handysize,Australia,8.97,534.8,0.367
2023-09-20,Handysize,Australia,8.92,542.1,0.201
2023-09-21,Handysize,Australia,9.13,518.2,0.489
2023-09-22,Handysize,Australia,9.23,479.7,0.305
2023-09-23,Handysize,Australia,9.22,503.5,0.218
2023-09-24,Handysize,Australia,9.14,515.0,0.414
2023-09-25,Handysize,Australia,9.24,530.5,0.54
2023-09-26,Handysize,Australia,9.85,515.0,0.813
2023-09-27,Handysize,Australia,9.9,533.4,0.191
2023-09-28,Handysize,Australia,9.99,526.9,0.23
2023-09-29,Handysize,Australia,9.66,502.5,0.513
2023-09-30,Handysize,Australia,9.97,486.8,0.21
2023-10-01,Handysize,Australia,10.24,499.4,0.395
2023-10-02,Handysize,Australia,10.17,497.2,0.646
2023-10-03,Handysize,Australia,10.51,514.0,0.306
2023-10-04,Handysize,Australia,10.69,505.5,0.414
2023-10-05,Handysize,Australia,10.63,488.9,0.327
2023-10-06,Handysize,Australia,10.57,524.9,0.319
2023-10-07,Handysize,Australia,10.14,507.5,0.234
2023-10-08,Handysize,Australia,9.87,487.3,0.159
2023-10-09,Handysize,Australia,10.09,520.6,0.548
2023-10-10,Handysize,Australia,10.11,526.3,0.324
2023-10-11,Handysize,Australia,10.1,505.2,0.332
2023-10-12,Handysize,Australia,9.83,519.4,0.427
2023-10-13,Handysize,Australia,9.64,502.8,0.028
2023-10-14,Handysize,Australia,9.65,516.0,0.417
2023-10-15,Handysize,Australia,9.31,494.0,0.407
2023-10-16,Handysize,Australia,9.16,517.6,0.481
2023-10-17,Handysize,Australia,9.01,522.0,0.207
2023-10-18,Handysize,Australia,9.0,509.5,0.488
2023-10-19,Handysize,Australia,8.91,503.9,0.428
2023-10-20,Handysize,Australia,8.96,521.2,0.51
2023-10-21,Handysize,Australia,9.33,515.0,0.216
2023-10-22,Handysize,Australia,9.27,513.0,0.291
2023-10-23,Handysize,Australia,9.2,523.4,0.359
2023-10-24,Handysize,Australia,9.37,504.0,0.158
2023-10-25,Handysize,Australia,9.19,526.5,0.157
2023-10-26,Handysize,Australia,8.79,525.9,0.707
2023-10-27,Handysize,Australia,9.03,505.2,0.368
2023-10-28,Handysize,Australia,9.13,494.0,0.372
2023-10-29,Handysize,Australia,9.45,485.2,0.395
2023-10-30,Handysize,Australia,9.65,476.9,0.496
2023-10-31,Handysize,Australia,9.84,505.6,0.556
2023-11-01,Handysize,Australia,9.6,532.5,0.35
2023-11-02,Handysize,Australia,9.33,515.4,0.197
2023-11-03,Handysize,Australia,9.45,512.6,0.73
2023-11-04,Handysize,Australia,9.66,498.7,0.594
2023-11-05,Handysize,Australia,9.68,529.1,0.277
2023-11-06,Handysize,Australia,9.79,500.9,0.436
2023-11-07,Handysize,Australia,9.63,507.1,0.286
2023-11-08,Handysize,Australia,9.87,513.0,0.691
2023-11-09,Handysize,Australia,9.98,526.6,0.283
2023-11-10,Handysize,Australia,9.76,513.9,0.577
2023-11-11,Handysize,Australia,9.98,495.4,0.414
2023-11-12,Handysize,Australia,10.15,500.5,0.412
2023-11-13,Handysize,Australia,10.05,500.2,0.334
2023-11-14,Handysize,Australia,10.26,500.7,0.204
2023-11-15,Handysize,Australia,10.36,491.0,0.453
2023-11-16,Handysize,Australia,10.08,502.3,0.238
2023-11-17,Handysize,Australia,9.95,537.2,0.596
2023-11-18,Handysize,Australia,9.86,524.3,0.26
2023-11-19,Handysize,Australia,10.0,504.5,0.224
2023-11-20,Handysize,Australia,10.16,484.0,0.572
2023-11-21,Handysize,Australia,10.38,485.2,0.519
2023-11-22,Handysize,Australia,10.32,511.3,0.242
2023-11-23,Handysize,Australia,10.64,521.3,0.294
2023-11-24,Handysize,Australia,10.31,506.0,0.25
2023-11-25,Handysize,Australia,10.29,509.8,0.458
2023-11-26,Handysize,Australia,9.92,509.7,0.383
2023-11-27,Handysize,Australia,9.85,490.1,0.512
2023-11-28,Handysize,Australia,9.79,507.6,0.381
2023-11-29,Handysize,Australia,9.64,519.6,0.225
2023-11-30,Handysize,Australia,9.7,514.1,0.371
2023-12-01,Handysize,Australia,9.47,508.0,0.217
2023-12-02,Handysize,Australia,9.26,489.2,0.21
2023-12-03,Handysize,Australia,9.19,519.6,0.384
2023-12-04,Handysize,Australia,9.11,477.4,0.498
2023-12-05,Handysize,Australia,9.32,472.8,0.535
2023-12-06,Handysize,Australia,9.57,496.5,0.377
2023-12-07,Handysize,Australia,9.48,521.7,0.418
2023-12-08,Handysize,Australia,9.53,477.3,0.277
2023-12-09,Handysize,Australia,9.45,520.8,0.188
2023-12-10,Handysize,Australia,9.54,483.0,0.312
2023-12-11,Handysize,Australia,9.48,511.1,0.404
2023-12-12,Handysize,Australia,9.53,517.3,0.235
2023-12-13,Handysize,Australia,9.33,525.2,0.475
2023-12-14,Handysize,Australia,9.07,505.0,0.08
2023-12-15,Handysize,Australia,8.9,519.3,0.116
2023-12-16,Handysize,Australia,8.91,495.3,0.427
2023-12-17,Handysize,Australia,9.08,528.7,0.107
2023-12-18,Handysize,Australia,9.2,496.8,0.221
2023-12-19,Handysize,Australia,9.29,516.6,0.231
2023-12-20,Handysize,Australia,9.51,511.2,0.0
2023-12-21,Handysize,Australia,9.47,487.9,0.258
2023-12-22,Handysize,Australia,9.35,531.5,0.411
2023-12-23,Handysize,Australia,9.16,520.6,0.353
2023-12-24,Handysize,Australia,9.34,484.1,0.175
2023-12-25,Handysize,Australia,9.13,504.8,0.23
2023-12-26,Handysize,Australia,9.24,511.3,0.468
2023-12-27,Handysize,Australia,9.33,502.8,0.356
2023-12-28,Handysize,Australia,9.38,501.5,0.228
2023-12-29,Handysize,Australia,9.52,493.6,0.282
2023-12-30,Handysize,Australia,9.72,481.5,0.242
2023-12-31,Handysize,Australia,9.87,502.0,0.192
2024-01-01,Handysize,Australia,9.88,515.7,0.465
2024-01-02,Handysize,Australia,9.57,506.5,0.316
2024-01-03,Handysize,Australia,9.59,487.4,0.012
2024-01-04,Handysize,Australia,9.51,501.2,0.421
2024-01-05,Handysize,Australia,9.54,490.3,0.145
2024-01-06,Handysize,Australia,9.57,511.7,0.23
2024-01-07,Handysize,Australia,9.69,487.8,0.265
2024-01-08,Handysize,Australia,9.72,515.2,0.113
2024-01-09,Handysize,Australia,9.8,506.1,0.137
2024-01-10,Handysize,Australia,9.94,470.5,0.105
2024-01-11,Handysize,Australia,9.9,505.4,0.349
2024-01-12,Handysize,Australia,9.75,519.2,0.218
2024-01-13,Handysize,Australia,9.85,483.3,0.361
2024-01-14,Handysize,Australia,9.92,525.8,0.438
2024-01-15,Handysize,Australia,9.83,527.6,0.313
2024-01-16,Handysize,Australia,9.77,505.6,0.266
2024-01-17,Handysize,Australia,9.86,486.7,0.001
2024-01-18,Handysize,Australia,9.97,522.6,0.291
2024-01-19,Handysize,Australia,9.87,483.0,0.23
2024-01-20,Handysize,Australia,9.97,512.3,0.211
2024-01-21,Handysize,Australia,10.07,505.7,0.386
2024-01-22,Handysize,Australia,10.19,509.2,0.495
2024-01-23,Handysize,Australia,10.33,524.8,0.656
2024-01-24,Handysize,Australia,10.37,504.8,0.378
2024-01-25,Handysize,Australia,10.53,498.3,0.445
2024-01-26,Handysize,Australia,10.49,485.5,0.442
2024-01-27,Handysize,Australia,10.58,505.4,0.129
2024-01-28,Handysize,Australia,10.49,481.6,0.407
2024-01-29,Handysize,Australia,10.44,491.0,0.304
2024-01-30,Handysize,Australia,10.39,500.6,0.635
2024-01-31,Handysize,Australia,10.33,483.8,0.316
2024-02-01,Handysize,Australia,10.44,491.1,0.0
2024-02-02,Handysize,Australia,10.52,485.1,0.374
2024-02-03,Handysize,Australia,10.67,511.3,0.124
2024-02-04,Handysize,Australia,10.56,478.0,0.253
2024-02-05,Handysize,Australia,10.62,477.1,0.363
2024-02-06,Handysize,Australia,10.95,503.9,0.285
2024-02-07,Handysize,Australia,10.82,477.8,0.044
2024-02-08,Handysize,Australia,10.26,499.4,0.304
2024-02-09,Handysize,Australia,10.28,499.1,0.184
2024-02-10,Handysize,Australia,10.22,495.9,0.375
2024-02-11,Handysize,Australia,10.41,486.1,0.243
2024-02-12,Handysize,Australia,10.46,489.1,0.36
2024-02-13,Handysize,Australia,10.67,526.5,0.055
2024-02-14,Handysize,Australia,10.45,493.6,0.217
2024-02-15,Handysize,Australia,10.24,497.7,0.213
2024-02-16,Handysize,Australia,10.43,503.5,0.44
2024-02-17,Handysize,Australia,10.27,504.3,0.061
2024-02-18,Handysize,Australia,10.06,482.6,0.227
2024-02-19,Handysize,Australia,10.15,495.3,0.177
2024-02-20,Handysize,Australia,9.89,498.1,0.465
2024-02-21,Handysize,Australia,10.01,487.8,0.086
2024-02-22,Handysize,Australia,9.99,491.1,0.229
2024-02-23,Handysize,Australia,10.33,489.9,0.392
2024-02-24,Handysize,Australia,10.19,494.7,0.247
2024-02-25,Handysize,Australia,9.78,492.8,0.269
2024-02-26,Handysize,Australia,10.02,498.5,0.124
2024-02-27,Handysize,Australia,10.34,498.6,0.524
2024-02-28,Handysize,Australia,10.75,473.4,0.112
2024-02-29,Handysize,Australia,10.64,510.6,0.0
2024-03-01,Handysize,Australia,10.42,471.9,0.211
2024-03-02,Handysize,Australia,10.37,481.0,0.128
2024-03-03,Handysize,Australia,10.55,474.6,0.33
2024-03-04,Handysize,Australia,10.0,507.5,0.066
2024-03-05,Handysize,Australia,10.05,503.1,0.209
2024-03-06,Handysize,Australia,10.56,493.8,0.236
2024-03-07,Handysize,Australia,10.49,482.5,0.392
2024-03-08,Handysize,Australia,10.55,482.4,0.092
2024-03-09,Handysize,Australia,10.53,496.1,0.135
2024-03-10,Handysize,Australia,10.42,471.2,0.323
2024-03-11,Handysize,Australia,10.37,493.9,0.361
2024-03-12,Handysize,Australia,10.52,481.0,0.262
2024-03-13,Handysize,Australia,10.72,480.3,0.498
2024-03-14,Handysize,Australia,10.55,498.2,0.08
2024-03-15,Handysize,Australia,10.94,500.7,0.345
2024-03-16,Handysize,Australia,10.83,493.0,0.114
2024-03-17,Handysize,Australia,10.91,484.9,0.164
2024-03-18,Handysize,Australia,10.78,469.8,0.472
2024-03-19,Handysize,Australia,10.66,498.0,0.164
2024-03-20,Handysize,Australia,10.71,498.7,0.197
2024-03-21,Handysize,Australia,10.47,478.6,0.056
2024-03-22,Handysize,Australia,10.72,481.3,0.198
2024-03-23,Handysize,Australia,10.71,492.5,0.15
2024-03-24,Handysize,Australia,10.8,499.7,0.406
2024-03-25,Handysize,Australia,11.2,519.2,0.336
2024-03-26,Handysize,Australia,11.1,481.7,0.238
2024-03-27,Handysize,Australia,11.03,460.1,0.336
2024-03-28,Handysize,Australia,11.14,508.3,0.204
2024-03-29,Handysize,Australia,11.27,503.7,0.275
2024-03-30,Handysize,Australia,10.92,477.4,0.311
2024-03-31,Handysize,Australia,11.18,472.4,0.151
2024-04-01,Handysize,Australia,11.18,509.9,0.091
2024-04-02,Handysize,Australia,11.12,478.8,0.207
2024-04-03,Handysize,Australia,11.37,479.7,0.471
2024-04-04,Handysize,Australia,11.54,494.4,0.16
2024-04-05,Handysize,Australia,11.31,469.2,0.315
2024-04-06,Handysize,Australia,11.27,496.5,0.23
2024-04-07,Handysize,Australia,11.34,485.7,0.235
2024-04-08,Handysize,Australia,11.07,516.8,0.188
2024-04-09,Handysize,Australia,10.86,442.6,0.409
2024-04-10,Handysize,Australia,11.16,474.5,0.382
2024-04-11,Handysize,Australia,10.92,476.7,0.19
2024-04-12,Handysize,Australia,10.88,472.5,0.395
2024-04-13,Handysize,Australia,10.99,482.2,0.202
2024-04-14,Handysize,Australia,10.97,479.7,0.18
2024-04-15,Handysize,Australia,10.89,463.5,0.356
2024-04-16,Handysize,Australia,10.91,492.7,0.095
2024-04-17,Handysize,Australia,10.97,486.1,0.214
2024-04-18,Handysize,Australia,11.02,488.3,0.434
2024-04-19,Handysize,Australia,11.15,512.2,0.242
2024-04-20,Handysize,Australia,11.23,471.0,0.499
2024-04-21,Handysize,Australia,11.3,483.2,0.283
2024-04-22,Handysize,Australia,11.62,485.1,0.114
2024-04-23,Handysize,Australia,11.74,479.8,0.324
2024-04-24,Handysize,Australia,11.95,474.9,0.162
2024-04-25,Handysize,Australia,11.81,486.7,0.478
2024-04-26,Handysize,Australia,11.74,492.9,0.229
2024-04-27,Handysize,Australia,11.7,464.8,0.319
2024-04-28,Handysize,Australia,11.79,462.6,0.0
2024-04-29,Handysize,Australia,11.69,479.7,0.241
2024-04-30,Handysize,Australia,11.63,496.9,0.746
2024-05-01,Handysize,Australia,11.5,477.6,0.318
2024-05-02,Handysize,Australia,11.15,481.9,0.484
2024-05-03,Handysize,Australia,11.11,493.0,0.327
2024-05-04,Handysize,Australia,11.22,475.2,0.35
2024-05-05,Handysize,Australia,11.15,472.1,0.266
2024-05-06,Handysize,Australia,11.2,461.6,0.223
2024-05-07,Handysize,Australia,11.15,473.1,0.08
2024-05-08,Handysize,Australia,10.9,475.4,0.29
2024-05-09,Handysize,Australia,10.89,461.5,0.29
2024-05-10,Handysize,Australia,10.9,465.2,0.193
2024-05-11,Handysize,Australia,11.0,465.6,0.166
2024-05-12,Handysize,Australia,11.03,455.6,0.408
2024-05-13,Handysize,Australia,10.81,474.5,0.346
2024-05-14,Handysize,Australia,10.72,482.3,0.427
2024-05-15,Handysize,Australia,10.83,461.8,0.558
2024-05-16,Handysize,Australia,10.75,477.9,0.416
2024-05-17,Handysize,Australia,10.75,455.4,0.049
2024-05-18,Handysize,Australia,10.87,460.2,0.315
2024-05-19,Handysize,Australia,10.76,469.5,0.169
2024-05-20,Handysize,Australia,10.72,440.9,0.295
2024-05-21,Handysize,Australia,11.06,483.8,0.62
2024-05-22,Handysize,Australia,10.85,489.6,0.185
2024-05-23,Handysize,Australia,10.5,443.2,0.538
2024-05-24,Handysize,Australia,10.71,471.0,0.311
2024-05-25,Handysize,Australia,10.53,456.3,0.148
2024-05-26,Handysize,Australia,10.38,481.2,0.433
2024-05-27,Handysize,Australia,10.67,474.5,0.479
2024-05-28,Handysize,Australia,10.7,470.4,0.576
2024-05-29,Handysize,Australia,10.83,445.3,0.346
2024-05-30,Handysize,Australia,10.82,463.3,0.189
2024-05-31,Handysize,Australia,10.91,449.4,0.638
2024-06-01,Handysize,Australia,10.96,455.2,0.373
2024-06-02,Handysize,Australia,10.88,441.4,0.392
2024-06-03,Handysize,Australia,10.72,471.7,0.275
2024-06-04,Handysize,Australia,10.56,457.9,0.5
2024-06-05,Handysize,Australia,10.56,458.6,0.121
2024-06-06,Handysize,Australia,10.59,451.6,0.31
2024-06-07,Handysize,Australia,10.7,494.8,0.455
2024-06-08,Handysize,Australia,10.43,460.4,0.171
2024-06-09,Handysize,Australia,10.25,453.0,0.568
2024-06-10,Handysize,Australia,10.08,477.1,0.206
2024-06-11,Handysize,Australia,10.02,473.3,0.477
2024-06-12,Handysize,Australia,10.01,475.9,0.028
2024-06-13,Handysize,Australia,9.93,459.5,0.363
2024-06-14,Handysize,Australia,9.93,477.7,0.06
2024-06-15,Handysize,Australia,9.74,450.2,0.395
2024-06-16,Handysize,Australia,9.82,462.8,0.415
2024-06-17,Handysize,Australia,9.92,469.0,0.293
2024-06-18,Handysize,Australia,9.81,454.5,0.408
2024-06-19,Handysize,Australia,9.81,493.7,0.289
2024-06-20,Handysize,Australia,9.79,445.2,0.499
2024-06-21,Handysize,Australia,9.72,463.8,0.228
2024-06-22,Handysize,Australia,9.73,439.2,0.598
2024-06-23,Handysize,Australia,9.63,464.7,0.451
2024-06-24,Handysize,Australia,9.7,469.8,0.343
2024-06-25,Handysize,Australia,9.63,463.7,0.272
2024-06-26,Handysize,Australia,9.63,452.7,0.731
2024-06-27,Handysize,Australia,9.48,459.2,0.316
2024-06-28,Handysize,Australia,9.5,479.3,0.409
2024-06-29,Handysize,Australia,9.4,459.5,0.378
2024-06-30,Handysize,Australia,9.27,474.4,0.33
2024-07-01,Handysize,Australia,9.32,477.3,0.287
2024-07-02,Handysize,Australia,9.19,445.0,0.257
2024-07-03,Handysize,Australia,9.19,438.6,0.302
2024-07-04,Handysize,Australia,9.01,436.0,0.247
2024-07-05,Handysize,Australia,9.11,481.4,0.652
2024-07-06,Handysize,Australia,9.24,456.5,0.456
2024-07-07,Handysize,Australia,9.5,430.9,0.498
2024-07-08,Handysize,Australia,9.52,456.1,0.288
2024-07-09,Handysize,Australia,9.84,466.2,0.648
2024-07-10,Handysize,Australia,9.83,429.3,0.578
2024-07-11,Handysize,Australia,9.99,442.8,0.48
2024-07-12,Handysize,Australia,10.07,456.3,0.318
2024-07-13,Handysize,Australia,10.15,452.5,0.446
2024-07-14,Handysize,Australia,10.18,436.4,0.577
2024-07-15,Handysize,Australia,10.01,454.0,0.335
2024-07-16,Handysize,Australia,9.98,462.8,0.141
2024-07-17,Handysize,Australia,9.84,457.7,0.374
2024-07-18,Handysize,Australia,9.91,453.3,0.44
2024-07-19,Handysize,Australia,10.09,484.5,0.166
2024-07-20,Handysize,Australia,10.19,449.2,0.275
2024-07-21,Handysize,Australia,10.2,413.9,0.492
2024-07-22,Handysize,Australia,10.2,436.9,0.016
2024-07-23,Handysize,Australia,10.16,426.2,0.424
2024-07-24,Handysize,Australia,10.01,468.3,0.282
2024-07-25,Handysize,Australia,10.19,446.8,0.469
2024-07-26,Handysize,Australia,10.05,463.5,0.375
2024-07-27,Handysize,Australia,9.81,452.1,0.571
2024-07-28,Handysize,Australia,9.7,466.2,0.619
2024-07-29,Handysize,Australia,9.71,439.5,0.486
2024-07-30,Handysize,Australia,9.61,457.9,0.334
2024-07-31,Handysize,Australia,9.38,446.1,0.511
2024-08-01,Handysize,Australia,9.68,441.2,0.408
2024-08-02,Handysize,Australia,9.56,464.2,0.135
2024-08-03,Handysize,Australia,9.43,456.4,0.261
2024-08-04,Handysize,Australia,9.51,452.2,0.681
2024-08-05,Handysize,Australia,9.62,437.4,0.395
2024-08-06,Handysize,Australia,9.45,439.4,0.594
2024-08-07,Handysize,Australia,9.23,447.0,0.302
2024-08-08,Handysize,Australia,9.08,444.9,0.385
2024-08-09,Handysize,Australia,9.17,437.7,0.298
2024-08-10,Handysize,Australia,9.15,433.1,0.618
2024-08-11,Handysize,Australia,8.74,461.2,0.412
2024-08-12,Handysize,Australia,8.84,478.5,0.567
2024-08-13,Handysize,Australia,9.03,429.2,0.353
2024-08-14,Handysize,Australia,8.94,456.4,0.418
2024-08-15,Handysize,Australia,8.86,426.7,0.565
2024-08-16,Handysize,Australia,9.05,449.7,0.655
2024-08-17,Handysize,Australia,8.97,451.5,0.354
2024-08-18,Handysize,Australia,8.92,450.8,0.336
2024-08-19,Handysize,Australia,8.87,424.3,0.674
2024-08-20,Handysize,Australia,8.8,441.5,0.189
2024-08-21,Handysize,Australia,8.76,473.7,0.524
2024-08-22,Handysize,Australia,8.75,441.5,0.296
2024-08-23,Handysize,Australia,8.64,446.6,0.449
2024-08-24,Handysize,Australia,8.71,434.1,0.491
2024-08-25,Handysize,Australia,8.66,452.0,0.404
2024-08-26,Handysize,Australia,8.6,448.6,0.632
2024-08-27,Handysize,Australia,8.36,444.7,0.656
2024-08-28,Handysize,Australia,7.91,430.9,0.509
2024-08-29,Handysize,Australia,8.09,442.1,0.485
2024-08-30,Handysize,Australia,7.99,440.9,0.743
2024-08-31,Handysize,Australia,7.77,426.1,0.313
2024-09-01,Handysize,Australia,7.81,441.9,0.424
2024-09-02,Handysize,Australia,8.0,457.7,0.616
2024-09-03,Handysize,Australia,7.96,431.9,0.402
2024-09-04,Handysize,Australia,7.81,444.9,0.415
2024-09-05,Handysize,Australia,7.8,415.9,0.41
2024-09-06,Handysize,Australia,7.83,444.6,0.517
2024-09-07,Handysize,Australia,8.0,423.6,0.443
2024-09-08,Handysize,Australia,7.97,436.6,0.404
2024-09-09,Handysize,Australia,7.84,443.6,0.61
2024-09-10,Handysize,Australia,7.98,442.7,0.546
2024-09-11,Handysize,Australia,7.99,432.0,0.444
2024-09-12,Handysize,Australia,8.05,418.0,0.492
2024-09-13,Handysize,Australia,8.14,411.6,0.543
2024-09-14,Handysize,Australia,8.2,421.0,0.744
2024-09-15,Handysize,Australia,8.25,459.2,0.563
2024-09-16,Handysize,Australia,8.11,436.0,0.756
2024-09-17,Handysize,Australia,8.06,432.2,0.361
2024-09-18,Handysize,Australia,7.98,452.0,0.245
2024-09-19,Handysize,Australia,8.31,441.6,0.873
2024-09-20,Handysize,Australia,8.32,414.5,0.302
2024-09-21,Handysize,Australia,8.43,407.6,0.712
2024-09-22,Handysize,Australia,8.26,452.1,0.509
2024-09-23,Handysize,Australia,8.39,439.5,0.366
2024-09-24,Handysize,Australia,8.31,438.8,0.497
2024-09-25,Handysize,Australia,8.63,438.9,0.454
2024-09-26,Handysize,Australia,8.7,432.2,0.512
2024-09-27,Handysize,Australia,8.91,456.9,0.586
2024-09-28,Handysize,Australia,9.0,410.2,0.36
2024-09-29,Handysize,Australia,8.75,450.7,0.752
2024-09-30,Handysize,Australia,8.88,421.5,0.488
2024-10-01,Handysize,Australia,8.57,419.1,0.708
2024-10-02,Handysize,Australia,8.75,414.6,0.304
2024-10-03,Handysize,Australia,8.73,438.4,0.453
2024-10-04,Handysize,Australia,8.71,445.7,0.562
2024-10-05,Handysize,Australia,8.87,473.9,0.506
2024-10-06,Handysize,Australia,8.85,445.6,0.74
2024-10-07,Handysize,Australia,8.88,430.3,0.319
2024-10-08,Handysize,Australia,8.84,423.6,0.415
2024-10-09,Handysize,Australia,8.75,423.3,0.495
2024-10-10,Handysize,Australia,8.79,408.4,0.647
2024-10-11,Handysize,Australia,8.96,443.5,0.484
2024-10-12,Handysize,Australia,9.65,393.1,0.65
2024-10-13,Handysize,Australia,9.35,424.2,0.541
2024-10-14,Handysize,Australia,9.57,431.4,0.315
2024-10-15,Handysize,Australia,10.09,410.9,0.36
2024-10-16,Handysize,Australia,10.2,389.3,0.568
2024-10-17,Handysize,Australia,10.27,385.9,0.368
2024-10-18,Handysize,Australia,10.13,393.5,0.766
2024-10-19,Handysize,Australia,9.89,379.4,0.465
2024-10-20,Handysize,Australia,9.93,437.3,0.427
2024-10-21,Handysize,Australia,10.27,405.4,0.262
2024-10-22,Handysize,Australia,10.66,447.4,0.492
2024-10-23,Handysize,Australia,10.52,412.0,0.432
2024-10-24,Handysize,Australia,10.93,407.5,0.571
2024-10-25,Handysize,Australia,10.91,427.1,0.588
2024-10-26,Handysize,Australia,11.41,411.0,0.441
2024-10-27,Handysize,Australia,10.99,413.1,0.543
2024-10-28,Handysize,Australia,10.94,447.2,0.52
2024-10-29,Handysize,Australia,11.17,402.7,0.54
2024-10-30,Handysize,Australia,11.52,428.4,0.69
2024-10-31,Handysize,Australia,11.59,431.4,0.503
2024-11-01,Handysize,Australia,11.79,422.4,0.675
2024-11-02,Handysize,Australia,12.13,432.8,0.523
2024-11-03,Handysize,Australia,11.95,406.4,0.696
2024-11-04,Handysize,Australia,13.02,410.0,0.16
2024-11-05,Handysize,Australia,13.57,399.9,0.339
2024-11-06,Handysize,Australia,13.45,418.0,0.718
2024-11-07,Handysize,Australia,13.65,371.7,0.429
2024-11-08,Handysize,Australia,13.52,438.4,0.663
2024-11-09,Handysize,Australia,13.27,412.9,0.63
2024-11-10,Handysize,Australia,13.12,419.4,0.589
2024-11-11,Handysize,Australia,12.77,418.1,0.294
2024-11-12,Handysize,Australia,13.35,381.6,0.59
2024-11-13,Handysize,Australia,13.51,400.0,0.781
2024-11-14,Handysize,Australia,13.03,397.1,0.492
2024-11-15,Handysize,Australia,12.5,443.1,0.625
2024-11-16,Handysize,Australia,12.59,401.1,0.705
2024-11-17,Handysize,Australia,12.25,435.3,0.358
2024-11-18,Handysize,Australia,12.32,426.6,0.675
2024-11-19,Handysize,Australia,11.9,415.8,0.274
2024-11-20,Handysize,Australia,11.12,435.3,0.222
2024-11-21,Handysize,Australia,11.58,422.6,0.571
2024-11-22,Handysize,Australia,11.0,385.0,0.504
2024-11-23,Handysize,Australia,11.21,419.1,0.6
2024-11-24,Handysize,Australia,11.18,422.1,0.671
2024-11-25,Handysize,Australia,11.09,388.4,0.464
2024-11-26,Handysize,Australia,10.52,417.1,0.715
2024-11-27,Handysize,Australia,10.4,431.5,0.559
2024-11-28,Handysize,Australia,9.89,438.4,0.441
2024-11-29,Handysize,Australia,10.18,418.6,0.917
2024-11-30,Handysize,Australia,9.77,412.0,0.539
2024-12-01,Handysize,Australia,9.71,425.7,0.395
2024-12-02,Handysize,Australia,10.15,405.9,0.55
2024-12-03,Handysize,Australia,9.55,385.8,0.45
2024-12-04,Handysize,Australia,9.54,421.8,0.725
2024-12-05,Handysize,Australia,10.18,436.4,0.503
2024-12-06,Handysize,Australia,10.55,430.8,0.753
2024-12-07,Handysize,Australia,10.46,363.8,0.532
2024-12-08,Handysize,Australia,10.88,417.4,0.551
2024-12-09,Handysize,Australia,11.22,402.0,0.472
2024-12-10,Handysize,Australia,11.28,431.2,0.603
2024-12-11,Handysize,Australia,10.8,401.0,0.564
2024-12-12,Handysize,Australia,10.62,403.9,0.36
2024-12-13,Handysize,Australia,10.84,410.4,0.616
2024-12-14,Handysize,Australia,10.9,423.9,0.595
2024-12-15,Handysize,Australia,10.97,401.4,0.579
2024-12-16,Handysize,Australia,10.68,408.8,0.66
2024-12-17,Handysize,Australia,10.99,430.1,0.615
2024-12-18,Handysize,Australia,10.99,423.4,0.474
2024-12-19,Handysize,Australia,10.91,400.3,0.652
2024-12-20,Handysize,Australia,10.55,413.5,0.572
2024-12-21,Handysize,Australia,10.44,391.6,0.246
2024-12-22,Handysize,Australia,10.01,399.5,0.647
2024-12-23,Handysize,Australia,9.91,424.7,0.533
2024-12-24,Handysize,Australia,9.49,422.4,0.167
2024-12-25,Handysize,Australia,9.73,385.5,0.48
2024-12-26,Handysize,Australia,10.16,416.3,0.772
2024-12-27,Handysize,Australia,10.73,401.6,0.385
2024-12-28,Handysize,Australia,10.52,400.7,0.702
2024-12-29,Handysize,Australia,10.84,391.7,0.416
2024-12-30,Handysize,Australia,10.58,412.1,0.24
2024-12-31,Handysize,Australia,10.38,411.3,0.773
2025-01-01,Handysize,Australia,10.48,402.5,0.492
2025-01-02,Handysize,Australia,10.66,431.4,0.708
2025-01-03,Handysize,Australia,10.94,397.3,0.58
2025-01-04,Handysize,Australia,11.04,362.3,0.55
2025-01-05,Handysize,Australia,11.32,417.9,0.548
2025-01-06,Handysize,Australia,11.15,415.7,0.577
2025-01-07,Handysize,Australia,11.12,413.8,0.512
2025-01-08,Handysize,Australia,11.44,431.4,0.728
2025-01-09,Handysize,Australia,11.33,419.3,0.409
2025-01-10,Handysize,Australia,11.82,434.5,0.764
2025-01-11,Handysize,Australia,11.91,391.6,0.559
2025-01-12,Handysize,Australia,11.75,387.0,0.331
2025-01-13,Handysize,Australia,11.79,402.1,0.624
2025-01-14,Handysize,Australia,11.86,420.3,0.667
2025-01-15,Handysize,Australia,12.15,427.9,0.555
2025-01-16,Handysize,Australia,12.42,386.3,0.84
2025-01-17,Handysize,Australia,12.33,401.2,0.474
2025-01-18,Handysize,Australia,12.23,429.5,0.47
2025-01-19,Handysize,Australia,12.27,409.7,0.466
2025-01-20,Handysize,Australia,12.09,409.1,0.469
2025-01-21,Handysize,Australia,11.66,401.9,0.605
2025-01-22,Handysize,Australia,12.03,411.3,0.573
2025-01-23,Handysize,Australia,11.73,376.7,0.372
2025-01-24,Handysize,Australia,11.56,395.9,0.438
2025-01-25,Handysize,Australia,11.23,379.4,0.379
2025-01-26,Handysize,Australia,11.47,423.2,0.364
2025-01-27,Handysize,Australia,11.58,418.3,0.776
2025-01-28,Handysize,Australia,11.7,393.7,0.442
2025-01-29,Handysize,Australia,11.29,366.3,0.612
2025-01-30,Handysize,Australia,11.16,410.3,0.46
2025-01-31,Handysize,Australia,11.01,401.8,0.528
2025-02-01,Handysize,Australia,10.74,393.5,0.448
2025-02-02,Handysize,Australia,10.64,383.4,0.333
2025-02-03,Handysize,Australia,10.71,407.3,0.401
2025-02-04,Handysize,Australia,10.62,393.4,0.742
2025-02-05,Handysize,Australia,10.81,381.6,0.461
2025-02-06,Handysize,Australia,11.02,380.4,0.358
2025-02-07,Handysize,Australia,11.36,389.3,0.538
2025-02-08,Handysize,Australia,11.48,389.5,0.577
2025-02-09,Handysize,Australia,11.55,384.6,0.631
2025-02-10,Handysize,Australia,11.82,371.4,0.331
2025-02-11,Handysize,Australia,11.62,398.1,0.522
2025-02-12,Handysize,Australia,11.83,416.1,0.204
2025-02-13,Handysize,Australia,11.78,390.4,0.474
2025-02-14,Handysize,Australia,11.8,383.9,0.472
2025-02-15,Handysize,Australia,11.85,391.4,0.612
2025-02-16,Handysize,Australia,12.03,389.2,0.578
2025-02-17,Handysize,Australia,12.14,406.4,0.27
2025-02-18,Handysize,Australia,12.19,383.9,0.618
2025-02-19,Handysize,Australia,11.87,396.1,0.508
2025-02-20,Handysize,Australia,11.89,403.8,0.548
2025-02-21,Handysize,Australia,11.78,400.3,0.513
2025-02-22,Handysize,Australia,11.64,387.3,0.656
2025-02-23,Handysize,Australia,11.37,397.8,0.533
2025-02-24,Handysize,Australia,11.16,382.9,0.631
2025-02-25,Handysize,Australia,11.13,382.2,0.592
2025-02-26,Handysize,Australia,11.17,404.9,0.308
2025-02-27,Handysize,Australia,11.28,390.2,0.427
2025-02-28,Handysize,Australia,11.39,416.5,0.502
2025-03-01,Handysize,Australia,11.58,413.3,0.601
2025-03-02,Handysize,Australia,11.35,391.3,0.445
2025-03-03,Handysize,Australia,11.65,387.6,0.838
2025-03-04,Handysize,Australia,12.02,382.2,0.345
2025-03-05,Handysize,Australia,11.9,384.6,0.763
2025-03-06,Handysize,Australia,11.91,379.5,0.316
2025-03-07,Handysize,Australia,11.87,382.9,0.255
2025-03-08,Handysize,Australia,11.64,388.3,0.391
2025-03-09,Handysize,Australia,11.53,412.6,0.622
2025-03-10,Handysize,Australia,11.48,386.3,0.438
2025-03-11,Handysize,Australia,10.91,392.4,0.522
2025-03-12,Handysize,Australia,10.59,389.9,0.506
2025-03-13,Handysize,Australia,10.85,395.4,0.624
2025-03-14,Handysize,Australia,11.06,381.0,0.373
2025-03-15,Handysize,Australia,11.01,411.1,0.424
2025-03-16,Handysize,Australia,10.82,414.0,0.433
2025-03-17,Handysize,Australia,10.79,371.2,0.202
2025-03-18,Handysize,Australia,10.67,390.0,0.061
2025-03-19,Handysize,Australia,10.58,396.6,0.203
2025-03-20,Handysize,Australia,10.98,405.6,0.63
2025-03-21,Handysize,Australia,10.89,377.1,0.456
2025-03-22,Handysize,Australia,10.88,389.5,0.501
2025-03-23,Handysize,Australia,10.69,376.8,0.401
2025-03-24,Handysize,Australia,10.31,380.8,0.614
2025-03-25,Handysize,Australia,10.05,412.3,0.438
2025-03-26,Handysize,Australia,10.08,427.5,0.649
2025-03-27,Handysize,Australia,10.12,374.4,0.278
2025-03-28,Handysize,Australia,10.05,373.9,0.322
2025-03-29,Handysize,Australia,10.12,383.3,0.298
2025-03-30,Handysize,Australia,9.87,403.4,0.503
2025-03-31,Handysize,Australia,9.86,417.3,0.522
2025-04-01,Handysize,Australia,10.39,380.7,0.301
2025-04-02,Handysize,Australia,10.85,395.8,0.286
2025-04-03,Handysize,Australia,10.36,396.4,0.383
2025-04-04,Handysize,Australia,10.66,381.9,0.246
2025-04-05,Handysize,Australia,10.3,403.4,0.489
2025-04-06,Handysize,Australia,10.34,373.5,0.507
2025-04-07,Handysize,Australia,10.92,389.6,0.365
2025-04-08,Handysize,Australia,11.24,379.8,0.773
2025-04-09,Handysize,Australia,11.25,384.8,0.656
2025-04-10,Handysize,Australia,11.64,406.9,0.764
2025-04-11,Handysize,Australia,11.61,365.2,0.349
2025-04-12,Handysize,Australia,11.63,377.6,0.177
2025-04-13,Handysize,Australia,11.63,369.1,0.42
2025-04-14,Handysize,Australia,11.77,399.8,0.466
2025-04-15,Handysize,Australia,12.42,382.4,0.381
2025-04-16,Handysize,Australia,12.54,389.3,0.594
2025-04-17,Handysize,Australia,12.12,401.5,0.23
2025-04-18,Handysize,Australia,12.17,379.7,0.472
2025-04-19,Handysize,Australia,11.77,408.0,0.487
2025-04-20,Handysize,Australia,12.14,388.6,0.593
2025-04-21,Handysize,Australia,12.34,407.6,0.488
2025-04-22,Handysize,Australia,12.38,409.3,0.518
2025-04-23,Handysize,Australia,11.74,394.0,0.36
2025-04-24,Handysize,Australia,11.73,388.0,0.168
2025-04-25,Handysize,Australia,11.92,409.6,0.681
2025-04-26,Handysize,Australia,11.81,392.2,0.37
2025-04-27,Handysize,Australia,11.91,381.5,0.391
2025-04-28,Handysize,Australia,11.83,342.2,0.503
2025-04-29,Handysize,Australia,11.69,374.8,0.239
2025-04-30,Handysize,Australia,11.33,392.7,0.416
2025-05-01,Handysize,Australia,11.53,413.4,0.232
2025-05-02,Handysize,Australia,11.32,369.8,0.224
2025-05-03,Handysize,Australia,11.25,378.1,0.364
2025-05-04,Handysize,Australia,11.18,404.7,0.351
2025-05-05,Handysize,Australia,10.57,407.2,0.383
2025-05-06,Handysize,Australia,10.27,411.3,0.513
2025-05-07,Handysize,Australia,10.58,366.4,0.456
2025-05-08,Handysize,Australia,10.58,387.5,0.552
2025-05-09,Handysize,Australia,10.75,411.8,0.376
2025-05-10,Handysize,Australia,10.79,367.6,0.109
2025-05-11,Handysize,Australia,10.81,404.0,0.266
2025-05-12,Handysize,Australia,10.56,389.5,0.366
2025-05-13,Handysize,Australia,10.48,363.9,0.402
2025-05-14,Handysize,Australia,10.92,406.6,0.208
2025-05-15,Handysize,Australia,10.92,379.8,0.547
2025-05-16,Handysize,Australia,11.35,393.6,0.293
2025-05-17,Handysize,Australia,11.54,399.7,0.397
2025-05-18,Handysize,Australia,11.2,368.6,0.582
2025-05-19,Handysize,Australia,11.22,363.0,0.507
2025-05-20,Handysize,Australia,10.95,389.5,0.217
2025-05-21,Handysize,Australia,10.9,395.1,0.358
2025-05-22,Handysize,Australia,10.7,423.8,0.215
2025-05-23,Handysize,Australia,10.21,380.8,0.421
2025-05-24,Handysize,Australia,10.08,379.1,0.208
2025-05-25,Handysize,Australia,10.07,378.1,0.281
2025-05-26,Handysize,Australia,10.07,384.4,0.206
2025-05-27,Handysize,Australia,10.19,379.2,0.314
2025-05-28,Handysize,Australia,10.0,375.4,0.65
2025-05-29,Handysize,Australia,10.05,386.8,0.306
2025-05-30,Handysize,Australia,10.24,393.4,0.554
2025-05-31,Handysize,Australia,9.91,386.1,0.05
2025-06-01,Handysize,Australia,9.75,375.9,0.136
2025-06-02,Handysize,Australia,9.53,373.6,0.52
2025-06-03,Handysize,Australia,9.31,366.9,0.532
2025-06-04,Handysize,Australia,9.38,397.2,0.267
2025-06-05,Handysize,Australia,9.53,386.0,0.049
2025-06-06,Handysize,Australia,9.69,388.1,0.298
2025-06-07,Handysize,Australia,9.73,394.9,0.272
2025-06-08,Handysize,Australia,9.8,381.9,0.212
2025-06-09,Handysize,Australia,9.76,402.6,0.287
2025-06-10,Handysize,Australia,9.72,390.0,0.35
2025-06-11,Handysize,Australia,9.69,386.7,0.405
2025-06-12,Handysize,Australia,9.78,394.2,0.513
2025-06-13,Handysize,Australia,9.84,382.4,0.41
2025-06-14,Handysize,Australia,9.52,386.9,0.412
2025-06-15,Handysize,Australia,9.45,391.9,0.331
2025-06-16,Handysize,Australia,9.35,384.5,0.274
2025-06-17,Handysize,Australia,9.45,400.1,0.33
2025-06-18,Handysize,Australia,9.61,406.0,0.06
2025-06-19,Handysize,Australia,9.73,391.3,0.436
2025-06-20,Handysize,Australia,9.92,394.9,0.262
2025-06-21,Handysize,Australia,9.84,385.1,0.171
2025-06-22,Handysize,Australia,9.91,410.0,0.205
2025-06-23,Handysize,Australia,10.06,420.3,0.392
2025-06-24,Handysize,Australia,10.03,373.7,0.306
2025-06-25,Handysize,Australia,9.75,400.7,0.17
2025-06-26,Handysize,Australia,9.76,388.3,0.526
2025-06-27,Handysize,Australia,9.93,399.6,0.487
2025-06-28,Handysize,Australia,9.67,392.2,0.57
2025-06-29,Handysize,Australia,9.78,415.2,0.214
2025-06-30,Handysize,Australia,9.91,399.5,0.0
2025-07-01,Handysize,Australia,9.93,405.5,0.598
2025-07-02,Handysize,Australia,9.79,383.8,0.317
2025-07-03,Handysize,Australia,9.41,422.2,0.263
2025-07-04,Handysize,Australia,9.18,410.2,0.161
2025-07-05,Handysize,Australia,9.28,396.2,0.111
2025-07-06,Handysize,Australia,9.11,385.1,0.146
2025-07-07,Handysize,Australia,9.06,369.4,0.302
2025-07-08,Handysize,Australia,9.01,386.4,0.522
2025-07-09,Handysize,Australia,8.78,395.3,0.014
2025-07-10,Handysize,Australia,8.65,397.3,0.236
2025-07-11,Handysize,Australia,8.48,368.9,0.26
2025-07-12,Handysize,Australia,8.54,384.9,0.243
2025-07-13,Handysize,Australia,8.4,396.9,0.155
2025-07-14,Handysize,Australia,8.34,375.2,0.415
2025-07-15,Handysize,Australia,8.38,380.8,0.439
2025-07-16,Handysize,Australia,8.09,372.6,0.411
2025-07-17,Handysize,Australia,7.91,388.5,0.361
2025-07-18,Handysize,Australia,7.81,426.1,0.077
2025-07-19,Handysize,Australia,7.94,383.9,0.394
2025-07-20,Handysize,Australia,8.14,372.4,0.503
2025-07-21,Handysize,Australia,7.93,380.9,0.15
2025-07-22,Handysize,Australia,7.7,411.4,0.468
2025-07-23,Handysize,Australia,7.73,397.8,0.218
2025-07-24,Handysize,Australia,7.69,391.0,0.253
2025-07-25,Handysize,Australia,7.35,381.1,0.578
2025-07-26,Handysize,Australia,7.41,415.3,0.347
2025-07-27,Handysize,Australia,7.13,376.4,0.207
2025-07-28,Handysize,Australia,6.99,426.4,0.116
2025-07-29,Handysize,Australia,6.84,392.0,0.175
2025-07-30,Handysize,Australia,6.68,410.1,0.278
2025-07-31,Handysize,Australia,6.83,406.0,0.438
2025-08-01,Handysize,Australia,6.72,416.7,0.476
2025-08-02,Handysize,Australia,6.8,399.9,0.389
2025-08-03,Handysize,Australia,6.73,393.1,0.644
2025-08-04,Handysize,Australia,6.64,411.9,0.203
2025-08-05,Handysize,Australia,6.86,381.7,0.374
2025-08-06,Handysize,Australia,6.83,396.4,0.141
2025-08-07,Handysize,Australia,6.85,393.3,0.369
2025-08-08,Handysize,Australia,6.74,402.0,0.454
2025-08-09,Handysize,Australia,7.08,411.4,0.2
2025-08-10,Handysize,Australia,7.11,399.1,0.339
2025-08-11,Handysize,Australia,7.05,381.5,0.516
2025-08-12,Handysize,Australia,7.04,371.0,0.147
2025-08-13,Handysize,Australia,6.6,388.5,0.197
2025-08-14,Handysize,Australia,6.44,382.4,0.23
2025-08-15,Handysize,Australia,6.38,412.0,0.104
2025-08-16,Handysize,Australia,6.45,406.0,0.287
2025-08-17,Handysize,Australia,6.17,398.9,0.07
2025-08-18,Handysize,Australia,6.19,386.4,0.235
2025-08-19,Handysize,Australia,6.13,417.5,0.236
2025-08-20,Handysize,Australia,5.71,388.5,0.322
2025-08-21,Handysize,Australia,5.96,404.8,0.338
2025-08-22,Handysize,Australia,6.2,395.0,0.423
2025-08-23,Handysize,Australia,5.88,412.6,0.688
2025-08-24,Handysize,Australia,6.06,412.9,0.344
2025-08-25,Handysize,Australia,6.2,414.0,0.106
2025-08-26,Handysize,Australia,6.25,402.0,0.384
2025-08-27,Handysize,Australia,6.51,407.3,0.279
2025-08-28,Handysize,Australia,6.71,391.0,0.372
2025-08-29,Handysize,Australia,6.48,428.4,0.203
2025-08-30,Handysize,Australia,6.57,406.1,0.358
2025-08-31,Handysize,Australia,6.85,395.6,0.259
2025-09-01,Handysize,Australia,7.02,376.2,0.389
2025-09-02,Handysize,Australia,6.93,419.6,0.209
2025-09-03,Handysize,Australia,7.2,406.1,0.298
2025-09-04,Handysize,Australia,7.22,384.6,0.275
2025-09-05,Handysize,Australia,7.08,374.9,0.291
2025-09-06,Handysize,Australia,7.46,424.2,0.105
2025-09-07,Handysize,Australia,7.71,387.4,0.103
2025-09-08,Handysize,Australia,7.94,431.2,0.225
2025-09-09,Handysize,Australia,7.8,364.2,0.202
2025-09-10,Handysize,Australia,7.77,400.9,0.251
2025-09-11,Handysize,Australia,7.8,409.9,0.409
2025-09-12,Handysize,Australia,7.83,401.4,0.487
2025-09-13,Handysize,Australia,7.67,415.9,0.438
2025-09-14,Handysize,Australia,7.65,433.2,0.108
2025-09-15,Handysize,Australia,7.94,400.6,0.157
2025-09-16,Handysize,Australia,7.85,397.2,0.126
2025-09-17,Handysize,Australia,8.05,423.6,0.255
2025-09-18,Handysize,Australia,8.44,443.6,0.274
2025-09-19,Handysize,Australia,8.75,406.2,0.465
2025-09-20,Handysize,Australia,9.02,433.3,0.282
2025-09-21,Handysize,Australia,9.1,411.9,0.287
2025-09-22,Handysize,Australia,9.34,411.7,0.351
2025-09-23,Handysize,Australia,9.42,437.1,0.185
2025-09-24,Handysize,Australia,9.09,421.1,0.539
2025-09-25,Handysize,Australia,9.22,447.2,0.371
2025-09-26,Handysize,Australia,9.4,376.8,0.0
2025-09-27,Handysize,Australia,8.86,417.8,0.194
2025-09-28,Handysize,Australia,8.59,427.0,0.287
2025-09-29,Handysize,Australia,8.45,407.0,0.284
2025-09-30,Handysize,Australia,8.18,387.7,0.29
2025-10-01,Handysize,Australia,7.92,402.4,0.171
2025-10-02,Handysize,Australia,8.17,439.5,0.495
2025-10-03,Handysize,Australia,8.13,388.3,0.189
2025-10-04,Handysize,Australia,8.11,398.0,0.413
2025-10-05,Handysize,Australia,8.18,409.7,0.655
2025-10-06,Handysize,Australia,8.22,410.2,0.202
2025-10-07,Handysize,Australia,8.33,408.0,0.25
2025-10-08,Handysize,Australia,8.18,423.8,0.045
2025-10-09,Handysize,Australia,7.85,420.4,0.0
2025-10-10,Handysize,Australia,7.75,421.0,0.323
2025-10-11,Handysize,Australia,7.88,433.4,0.339
2025-10-12,Handysize,Australia,7.52,408.6,0.499
2025-10-13,Handysize,Australia,7.54,405.0,0.102
2025-10-14,Handysize,Australia,8.06,446.0,0.218
2025-10-15,Handysize,Australia,8.13,400.9,0.187
2025-10-16,Handysize,Australia,8.16,416.2,0.113
2025-10-17,Handysize,Australia,8.43,422.1,0.598
2025-10-18,Handysize,Australia,8.59,417.6,0.572
2025-10-19,Handysize,Australia,8.33,398.1,0.109
2025-10-20,Handysize,Australia,8.29,444.7,0.249
2025-10-21,Handysize,Australia,7.98,405.3,0.265
2025-10-22,Handysize,Australia,8.16,422.1,0.424
2025-10-23,Handysize,Australia,8.23,396.8,0.059
2025-10-24,Handysize,Australia,8.34,413.7,0.161
2025-10-25,Handysize,Australia,8.52,409.4,0.387
2025-10-26,Handysize,Australia,8.67,411.3,0.155
2025-10-27,Handysize,Australia,8.82,425.6,0.326
2025-10-28,Handysize,Australia,8.87,402.1,0.131
2025-10-29,Handysize,Australia,9.14,420.6,0.286
2025-10-30,Handysize,Australia,9.1,408.5,0.263
2025-10-31,Handysize,Australia,9.31,434.4,0.296
2025-11-01,Handysize,Australia,9.5,425.0,0.175
2025-11-02,Handysize,Australia,9.48,388.9,0.032
2025-11-03,Handysize,Australia,9.35,432.3,0.36
2025-11-04,Handysize,Australia,9.26,440.3,0.446
2025-11-05,Handysize,Australia,9.28,415.4,0.316
2025-11-06,Handysize,Australia,9.24,433.9,0.424
2025-11-07,Handysize,Australia,9.07,415.1,0.396
2025-11-08,Handysize,Australia,8.97,424.1,0.452
2025-11-09,Handysize,Australia,8.76,413.3,0.151
2025-11-10,Handysize,Australia,9.09,420.2,0.235
2025-11-11,Handysize,Australia,9.43,417.6,0.201
2025-11-12,Handysize,Australia,9.48,422.1,0.496
2025-11-13,Handysize,Australia,9.45,394.4,0.096
2025-11-14,Handysize,Australia,9.6,424.4,0.218
2025-11-15,Handysize,Australia,9.55,438.6,0.33
2025-11-16,Handysize,Australia,9.31,443.7,0.416
2025-11-17,Handysize,Australia,9.38,427.0,0.443
2025-11-18,Handysize,Australia,9.42,397.1,0.353
2025-11-19,Handysize,Australia,9.6,415.1,0.162
2025-11-20,Handysize,Australia,9.58,412.2,0.101
2025-11-21,Handysize,Australia,9.62,409.5,0.184
2025-11-22,Handysize,Australia,9.68,419.5,0.325
2025-11-23,Handysize,Australia,9.76,432.4,0.408
2025-11-24,Handysize,Australia,9.98,421.5,0.25
2025-11-25,Handysize,Australia,9.96,419.7,0.354
2025-11-26,Handysize,Australia,10.08,414.0,0.156
2025-11-27,Handysize,Australia,9.84,458.0,0.252
2025-11-28,Handysize,Australia,10.03,405.6,0.239
2025-11-29,Handysize,Australia,9.82,432.6,0.318
2025-11-30,Handysize,Australia,9.5,423.3,0.474
2025-12-01,Handysize,Australia,9.49,426.4,0.358
2025-12-02,Handysize,Australia,9.6,435.4,0.074
2025-12-03,Handysize,Australia,9.45,390.8,0.323
2025-12-04,Handysize,Australia,9.3,433.8,0.209
2025-12-05,Handysize,Australia,8.76,427.4,0.171
2025-12-06,Handysize,Australia,8.92,411.3,0.177
2025-12-07,Handysize,Australia,8.65,415.3,0.051
2025-12-08,Handysize,Australia,8.99,450.6,0.377
2025-12-09,Handysize,Australia,9.17,411.7,0.441
2025-12-10,Handysize,Australia,8.99,430.8,0.19
2025-12-11,Handysize,Australia,8.84,420.3,0.167
2025-12-12,Handysize,Australia,8.73,437.1,0.583
2025-12-13,Handysize,Australia,8.94,448.8,0.225
2025-12-14,Handysize,Australia,9.12,408.2,0.335
2025-12-15,Handysize,Australia,9.15,433.5,0.534
2025-12-16,Handysize,Australia,9.22,403.8,0.304
2025-12-17,Handysize,Australia,9.49,460.3,0.365
2025-12-18,Handysize,Australia,9.49,438.7,0.565
2025-12-19,Handysize,Australia,9.49,419.9,0.297
2025-12-20,Handysize,Australia,9.65,440.2,0.243
2025-12-21,Handysize,Australia,9.59,426.7,0.466
2025-12-22,Handysize,Australia,9.86,435.3,0.507
2025-12-23,Handysize,Australia,10.19,462.9,0.346
2025-12-24,Handysize,Australia,10.17,425.7,0.034
2025-12-25,Handysize,Australia,10.08,411.7,0.283
2025-12-26,Handysize,Australia,10.14,464.5,0.526
2025-12-27,Handysize,Australia,10.28,431.5,0.144
2025-12-28,Handysize,Australia,9.93,431.6,0.192
2025-12-29,Handysize,Australia,9.98,458.3,0.388
2025-12-30,Handysize,Australia,10.02,412.8,0.349
2023-01-01,Handysize,Indonesia,9.05,464.6,0.418
2023-01-02,Handysize,Indonesia,8.71,445.6,0.505
2023-01-03,Handysize,Indonesia,9.05,435.0,0.081
2023-01-04,Handysize,Indonesia,8.98,448.3,0.393
2023-01-05,Handysize,Indonesia,9.2,429.4,0.309
2023-01-06,Handysize,Indonesia,9.32,470.1,0.435
2023-01-07,Handysize,Indonesia,9.42,460.8,0.432
2023-01-08,Handysize,Indonesia,9.45,445.9,0.576
2023-01-09,Handysize,Indonesia,9.62,459.4,0.367
2023-01-10,Handysize,Indonesia,9.62,450.8,0.368
2023-01-11,Handysize,Indonesia,9.52,440.7,0.475
2023-01-12,Handysize,Indonesia,9.57,422.2,0.328
2023-01-13,Handysize,Indonesia,9.78,462.8,0.31
2023-01-14,Handysize,Indonesia,9.74,449.3,0.43
2023-01-15,Handysize,Indonesia,9.51,458.0,0.355
2023-01-16,Handysize,Indonesia,9.46,462.9,0.542
2023-01-17,Handysize,Indonesia,9.46,440.6,0.382
2023-01-18,Handysize,Indonesia,9.78,464.8,0.467
2023-01-19,Handysize,Indonesia,9.61,485.4,0.451
2023-01-20,Handysize,Indonesia,9.76,451.4,0.381
2023-01-21,Handysize,Indonesia,9.7,452.1,0.368
2023-01-22,Handysize,Indonesia,9.67,460.6,0.447
2023-01-23,Handysize,Indonesia,9.72,480.1,0.448
2023-01-24,Handysize,Indonesia,10.04,466.5,0.385
2023-01-25,Handysize,Indonesia,10.3,457.9,0.402
2023-01-26,Handysize,Indonesia,10.12,435.4,0.585
2023-01-27,Handysize,Indonesia,10.26,464.6,0.417
2023-01-28,Handysize,Indonesia,9.88,457.6,0.525
2023-01-29,Handysize,Indonesia,9.8,444.4,0.586
2023-01-30,Handysize,Indonesia,9.52,460.1,0.232
2023-01-31,Handysize,Indonesia,9.01,446.6,0.653
2023-02-01,Handysize,Indonesia,8.83,458.2,0.287
2023-02-02,Handysize,Indonesia,9.0,450.1,0.559
2023-02-03,Handysize,Indonesia,8.99,477.2,0.625
2023-02-04,Handysize,Indonesia,9.66,441.6,0.161
2023-02-05,Handysize,Indonesia,10.13,463.8,0.484
2023-02-06,Handysize,Indonesia,9.81,455.3,0.451
2023-02-07,Handysize,Indonesia,9.93,459.4,0.512
2023-02-08,Handysize,Indonesia,9.73,491.7,0.171
2023-02-09,Handysize,Indonesia,9.43,460.4,0.602
2023-02-10,Handysize,Indonesia,9.08,467.1,0.584
2023-02-11,Handysize,Indonesia,9.12,455.0,0.349
2023-02-12,Handysize,Indonesia,9.37,474.6,0.385
2023-02-13,Handysize,Indonesia,9.4,480.9,0.313
2023-02-14,Handysize,Indonesia,9.2,467.4,0.336
2023-02-15,Handysize,Indonesia,9.75,469.3,0.534
2023-02-16,Handysize,Indonesia,9.71,470.9,0.386
2023-02-17,Handysize,Indonesia,9.98,442.8,0.431
2023-02-18,Handysize,Indonesia,9.62,461.2,0.329
2023-02-19,Handysize,Indonesia,9.63,473.3,0.893
2023-02-20,Handysize,Indonesia,9.72,463.1,0.515
2023-02-21,Handysize,Indonesia,10.11,464.0,0.729
2023-02-22,Handysize,Indonesia,10.39,441.0,0.324
2023-02-23,Handysize,Indonesia,10.46,458.2,0.489
2023-02-24,Handysize,Indonesia,10.72,480.3,0.37
2023-02-25,Handysize,Indonesia,10.37,474.3,0.667
2023-02-26,Handysize,Indonesia,10.45,490.6,0.459
2023-02-27,Handysize,Indonesia,10.28,445.7,0.459
2023-02-28,Handysize,Indonesia,10.41,477.6,0.599
2023-03-01,Handysize,Indonesia,10.32,467.1,0.685
2023-03-02,Handysize,Indonesia,10.01,469.6,0.548
2023-03-03,Handysize,Indonesia,10.02,495.9,0.333
2023-03-04,Handysize,Indonesia,10.08,459.2,0.192
2023-03-05,Handysize,Indonesia,9.78,458.4,0.462
2023-03-06,Handysize,Indonesia,9.8,507.8,0.547
2023-03-07,Handysize,Indonesia,10.45,483.6,0.665
2023-03-08,Handysize,Indonesia,10.64,467.9,0.543
2023-03-09,Handysize,Indonesia,10.6,480.3,0.512
2023-03-10,Handysize,Indonesia,10.32,445.4,0.554
2023-03-11,Handysize,Indonesia,10.3,479.8,0.61
2023-03-12,Handysize,Indonesia,10.17,482.8,0.553
2023-03-13,Handysize,Indonesia,10.42,456.6,0.665
2023-03-14,Handysize,Indonesia,10.21,473.7,0.385
2023-03-15,Handysize,Indonesia,10.46,449.0,0.672
2023-03-16,Handysize,Indonesia,10.28,490.0,0.593
2023-03-17,Handysize,Indonesia,10.44,474.2,0.44
2023-03-18,Handysize,Indonesia,10.41,484.1,0.417
2023-03-19,Handysize,Indonesia,10.55,455.7,0.51
2023-03-20,Handysize,Indonesia,10.38,465.1,0.418
2023-03-21,Handysize,Indonesia,10.49,471.3,0.234
2023-03-22,Handysize,Indonesia,10.71,489.0,0.514
2023-03-23,Handysize,Indonesia,10.28,471.7,0.485
2023-03-24,Handysize,Indonesia,10.35,483.7,0.329
2023-03-25,Handysize,Indonesia,10.82,483.8,0.533
2023-03-26,Handysize,Indonesia,10.46,489.5,0.245
2023-03-27,Handysize,Indonesia,10.21,477.8,0.314
2023-03-28,Handysize,Indonesia,9.65,480.0,0.705
2023-03-29,Handysize,Indonesia,9.51,470.5,0.475
2023-03-30,Handysize,Indonesia,9.3,474.3,0.339
2023-03-31,Handysize,Indonesia,9.28,462.2,0.368
2023-04-01,Handysize,Indonesia,9.2,462.8,0.634
2023-04-02,Handysize,Indonesia,9.15,487.7,0.603
2023-04-03,Handysize,Indonesia,9.1,470.2,0.088
2023-04-04,Handysize,Indonesia,9.15,468.0,0.512
2023-04-05,Handysize,Indonesia,9.0,472.7,0.874
2023-04-06,Handysize,Indonesia,8.95,465.1,0.685
2023-04-07,Handysize,Indonesia,8.86,474.7,0.254
2023-04-08,Handysize,Indonesia,9.03,483.2,0.792
2023-04-09,Handysize,Indonesia,8.91,482.5,0.51
2023-04-10,Handysize,Indonesia,8.95,479.3,0.311
2023-04-11,Handysize,Indonesia,8.99,471.8,0.413
2023-04-12,Handysize,Indonesia,8.75,454.8,0.814
2023-04-13,Handysize,Indonesia,8.81,501.2,0.667
2023-04-14,Handysize,Indonesia,8.7,466.6,0.427
2023-04-15,Handysize,Indonesia,8.73,482.8,0.785
2023-04-16,Handysize,Indonesia,8.45,493.5,0.553
2023-04-17,Handysize,Indonesia,8.43,466.3,0.298
2023-04-18,Handysize,Indonesia,8.58,496.6,0.59
2023-04-19,Handysize,Indonesia,8.58,479.4,0.552
2023-04-20,Handysize,Indonesia,8.55,458.3,0.386
2023-04-21,Handysize,Indonesia,8.5,493.6,0.411
2023-04-22,Handysize,Indonesia,8.6,486.8,0.396
2023-04-23,Handysize,Indonesia,9.0,494.5,0.428
2023-04-24,Handysize,Indonesia,8.81,478.9,0.423
2023-04-25,Handysize,Indonesia,8.49,513.1,0.764
2023-04-26,Handysize,Indonesia,8.54,478.7,0.561
2023-04-27,Handysize,Indonesia,8.53,489.9,0.623
2023-04-28,Handysize,Indonesia,8.38,483.8,0.65
2023-04-29,Handysize,Indonesia,8.35,498.5,0.765
2023-04-30,Handysize,Indonesia,8.27,474.9,0.524
2023-05-01,Handysize,Indonesia,8.53,489.8,0.633
2023-05-02,Handysize,Indonesia,8.34,485.2,0.535
2023-05-03,Handysize,Indonesia,8.5,483.9,0.53
2023-05-04,Handysize,Indonesia,8.47,486.7,0.489
2023-05-05,Handysize,Indonesia,8.66,479.8,0.801
2023-05-06,Handysize,Indonesia,8.65,460.7,0.416
2023-05-07,Handysize,Indonesia,8.63,487.6,0.495
2023-05-08,Handysize,Indonesia,8.68,489.1,0.615
2023-05-09,Handysize,Indonesia,8.77,486.1,0.645
2023-05-10,Handysize,Indonesia,8.59,505.4,0.508
2023-05-11,Handysize,Indonesia,8.81,508.8,0.667
2023-05-12,Handysize,Indonesia,8.88,476.6,0.587
2023-05-13,Handysize,Indonesia,9.03,491.1,0.378
2023-05-14,Handysize,Indonesia,9.08,481.7,0.387
2023-05-15,Handysize,Indonesia,9.32,482.4,0.641
2023-05-16,Handysize,Indonesia,8.96,507.2,0.584
2023-05-17,Handysize,Indonesia,8.97,465.6,0.553
2023-05-18,Handysize,Indonesia,8.67,507.2,0.678
2023-05-19,Handysize,Indonesia,8.79,496.7,0.478
2023-05-20,Handysize,Indonesia,8.99,483.7,0.72
2023-05-21,Handysize,Indonesia,9.01,480.8,0.579
2023-05-22,Handysize,Indonesia,9.11,514.3,0.593
2023-05-23,Handysize,Indonesia,8.95,502.6,0.425
2023-05-24,Handysize,Indonesia,9.33,496.6,0.462
2023-05-25,Handysize,Indonesia,9.47,494.8,0.577
2023-05-26,Handysize,Indonesia,9.3,491.4,0.554
2023-05-27,Handysize,Indonesia,9.27,497.9,0.639
2023-05-28,Handysize,Indonesia,9.11,476.3,0.656
2023-05-29,Handysize,Indonesia,9.22,485.8,0.535
2023-05-30,Handysize,Indonesia,9.04,492.3,0.723
2023-05-31,Handysize,Indonesia,9.02,461.2,0.488
2023-06-01,Handysize,Indonesia,9.46,507.5,0.46
2023-06-02,Handysize,Indonesia,9.64,488.2,0.525
2023-06-03,Handysize,Indonesia,9.73,497.1,0.608
2023-06-04,Handysize,Indonesia,9.74,504.8,0.907
2023-06-05,Handysize,Indonesia,9.75,490.9,0.518
2023-06-06,Handysize,Indonesia,9.49,506.8,0.603
2023-06-07,Handysize,Indonesia,9.43,488.6,0.368
2023-06-08,Handysize,Indonesia,9.62,496.0,0.344
2023-06-09,Handysize,Indonesia,9.54,499.1,0.371
2023-06-10,Handysize,Indonesia,9.64,511.6,0.403
2023-06-11,Handysize,Indonesia,9.65,508.6,0.745
2023-06-12,Handysize,Indonesia,9.59,503.9,0.478
2023-06-13,Handysize,Indonesia,9.46,484.3,0.567
2023-06-14,Handysize,Indonesia,9.12,521.0,0.629
2023-06-15,Handysize,Indonesia,9.11,510.6,0.464
2023-06-16,Handysize,Indonesia,9.08,476.4,0.565
2023-06-17,Handysize,Indonesia,9.27,492.3,0.587
2023-06-18,Handysize,Indonesia,9.44,501.5,0.401
2023-06-19,Handysize,Indonesia,9.47,495.0,0.452
2023-06-20,Handysize,Indonesia,9.26,519.6,0.688
2023-06-21,Handysize,Indonesia,9.27,516.6,0.599
2023-06-22,Handysize,Indonesia,9.25,503.8,0.47
2023-06-23,Handysize,Indonesia,9.22,493.6,0.395
2023-06-24,Handysize,Indonesia,9.29,529.7,0.549
2023-06-25,Handysize,Indonesia,9.26,531.1,0.622
2023-06-26,Handysize,Indonesia,9.3,478.6,0.503
2023-06-27,Handysize,Indonesia,9.04,515.1,0.274
2023-06-28,Handysize,Indonesia,8.98,472.4,0.656
2023-06-29,Handysize,Indonesia,8.88,561.1,0.5
2023-06-30,Handysize,Indonesia,8.72,497.2,0.48
2023-07-01,Handysize,Indonesia,8.7,500.2,0.392
2023-07-02,Handysize,Indonesia,8.76,501.6,0.681
2023-07-03,Handysize,Indonesia,8.39,498.4,0.633
2023-07-04,Handysize,Indonesia,8.58,485.2,0.654
2023-07-05,Handysize,Indonesia,8.52,493.7,0.937
2023-07-06,Handysize,Indonesia,8.66,492.5,0.716
2023-07-07,Handysize,Indonesia,8.57,519.6,0.538
2023-07-08,Handysize,Indonesia,8.16,501.9,0.504
2023-07-09,Handysize,Indonesia,7.98,474.5,0.77
2023-07-10,Handysize,Indonesia,7.8,513.1,0.396
2023-07-11,Handysize,Indonesia,7.6,497.8,0.546
2023-07-12,Handysize,Indonesia,7.47,487.9,0.346
2023-07-13,Handysize,Indonesia,7.41,501.1,0.562
2023-07-14,Handysize,Indonesia,7.55,501.8,0.679
2023-07-15,Handysize,Indonesia,7.54,482.5,0.466
2023-07-16,Handysize,Indonesia,7.72,505.7,0.589
2023-07-17,Handysize,Indonesia,7.96,500.7,0.732
2023-07-18,Handysize,Indonesia,8.26,524.3,0.549
2023-07-19,Handysize,Indonesia,8.23,494.5,0.352
2023-07-20,Handysize,Indonesia,8.2,491.0,0.53
2023-07-21,Handysize,Indonesia,8.01,519.5,0.7
2023-07-22,Handysize,Indonesia,8.2,504.8,0.491
2023-07-23,Handysize,Indonesia,8.24,546.9,0.679
2023-07-24,Handysize,Indonesia,8.29,530.8,0.496
2023-07-25,Handysize,Indonesia,8.1,496.1,0.238
2023-07-26,Handysize,Indonesia,8.21,521.8,0.666
2023-07-27,Handysize,Indonesia,8.19,493.3,0.8
2023-07-28,Handysize,Indonesia,8.08,516.6,0.568
2023-07-29,Handysize,Indonesia,8.07,508.7,0.429
2023-07-30,Handysize,Indonesia,7.79,501.7,0.358
2023-07-31,Handysize,Indonesia,7.85,515.8,0.554
2023-08-01,Handysize,Indonesia,7.74,512.8,0.575
2023-08-02,Handysize,Indonesia,8.05,494.6,0.567
2023-08-03,Handysize,Indonesia,7.96,514.5,0.494
2023-08-04,Handysize,Indonesia,7.79,495.9,0.828
2023-08-05,Handysize,Indonesia,7.92,513.7,0.679
2023-08-06,Handysize,Indonesia,7.71,512.9,0.742
2023-08-07,Handysize,Indonesia,7.9,515.3,0.745
2023-08-08,Handysize,Indonesia,8.0,492.5,0.616
2023-08-09,Handysize,Indonesia,8.06,510.2,0.497
2023-08-10,Handysize,Indonesia,8.02,524.6,0.691
2023-08-11,Handysize,Indonesia,8.17,504.0,0.327
2023-08-12,Handysize,Indonesia,8.14,524.2,0.475
2023-08-13,Handysize,Indonesia,8.29,512.5,0.692
2023-08-14,Handysize,Indonesia,8.34,538.5,0.48
2023-08-15,Handysize,Indonesia,8.27,495.2,0.589
2023-08-16,Handysize,Indonesia,8.22,504.0,0.592
2023-08-17,Handysize,Indonesia,8.15,519.6,0.584
2023-08-18,Handysize,Indonesia,8.32,480.9,0.528
2023-08-19,Handysize,Indonesia,8.22,506.9,0.708
2023-08-20,Handysize,Indonesia,8.06,520.3,0.36
2023-08-21,Handysize,Indonesia,8.06,490.9,0.708
2023-08-22,Handysize,Indonesia,8.13,518.1,0.331
2023-08-23,Handysize,Indonesia,8.28,501.8,0.426
2023-08-24,Handysize,Indonesia,8.08,537.3,0.59
2023-08-25,Handysize,Indonesia,7.8,546.0,0.471
2023-08-26,Handysize,Indonesia,7.64,519.5,0.579
2023-08-27,Handysize,Indonesia,7.71,536.6,0.453
2023-08-28,Handysize,Indonesia,7.49,496.4,0.43
2023-08-29,Handysize,Indonesia,7.24,539.1,0.565
2023-08-30,Handysize,Indonesia,7.4,541.6,0.594
2023-08-31,Handysize,Indonesia,7.58,491.0,0.206
2023-09-01,Handysize,Indonesia,7.55,500.3,0.653
2023-09-02,Handysize,Indonesia,7.56,504.5,0.441
2023-09-03,Handysize,Indonesia,7.48,488.0,0.605
2023-09-04,Handysize,Indonesia,7.48,510.0,0.285
2023-09-05,Handysize,Indonesia,7.54,509.5,0.266
2023-09-06,Handysize,Indonesia,7.73,495.5,0.261
2023-09-07,Handysize,Indonesia,7.81,504.8,0.51
2023-09-08,Handysize,Indonesia,8.0,511.8,0.236
2023-09-09,Handysize,Indonesia,7.92,543.0,0.465
2023-09-10,Handysize,Indonesia,7.97,523.0,0.586
2023-09-11,Handysize,Indonesia,8.15,503.6,0.386
2023-09-12,Handysize,Indonesia,8.1,509.2,0.613
2023-09-13,Handysize,Indonesia,8.26,531.1,0.454
2023-09-14,Handysize,Indonesia,8.34,515.5,0.446
2023-09-15,Handysize,Indonesia,8.13,520.8,0.571
2023-09-16,Handysize,Indonesia,8.28,481.3,0.418
2023-09-17,Handysize,Indonesia,8.39,504.1,0.693
2023-09-18,Handysize,Indonesia,8.65,494.4,0.524
2023-09-19,Handysize,Indonesia,8.7,497.5,0.62
2023-09-20,Handysize,Indonesia,8.54,490.7,0.407
2023-09-21,Handysize,Indonesia,8.5,501.0,0.434
2023-09-22,Handysize,Indonesia,8.64,466.4,0.444
2023-09-23,Handysize,Indonesia,8.45,524.8,0.319
2023-09-24,Handysize,Indonesia,8.21,523.4,0.657
2023-09-25,Handysize,Indonesia,8.35,506.6,0.408
2023-09-26,Handysize,Indonesia,8.51,471.0,0.734
2023-09-27,Handysize,Indonesia,8.39,518.6,0.452
2023-09-28,Handysize,Indonesia,8.24,515.2,0.723
2023-09-29,Handysize,Indonesia,7.96,537.2,0.325
2023-09-30,Handysize,Indonesia,7.79,527.6,0.514
2023-10-01,Handysize,Indonesia,7.78,501.3,0.355
2023-10-02,Handysize,Indonesia,8.09,521.3,0.428
2023-10-03,Handysize,Indonesia,8.09,498.6,0.197
2023-10-04,Handysize,Indonesia,8.22,493.5,0.518
2023-10-05,Handysize,Indonesia,8.14,514.0,0.15
2023-10-06,Handysize,Indonesia,8.15,489.7,0.362
2023-10-07,Handysize,Indonesia,7.89,481.4,0.501
2023-10-08,Handysize,Indonesia,8.37,511.9,0.369
2023-10-09,Handysize,Indonesia,8.58,502.2,0.593
2023-10-10,Handysize,Indonesia,8.5,529.4,0.331
2023-10-11,Handysize,Indonesia,8.65,515.1,0.691
2023-10-12,Handysize,Indonesia,8.88,518.6,0.343
2023-10-13,Handysize,Indonesia,8.88,504.4,0.035
2023-10-14,Handysize,Indonesia,9.0,494.4,0.491
2023-10-15,Handysize,Indonesia,8.92,529.6,0.244
2023-10-16,Handysize,Indonesia,8.73,496.9,0.595
2023-10-17,Handysize,Indonesia,8.45,496.3,0.317
2023-10-18,Handysize,Indonesia,8.2,500.2,0.513
2023-10-19,Handysize,Indonesia,8.08,492.5,0.0
2023-10-20,Handysize,Indonesia,8.08,517.1,0.264
2023-10-21,Handysize,Indonesia,8.53,497.4,0.593
2023-10-22,Handysize,Indonesia,8.6,526.8,0.405
2023-10-23,Handysize,Indonesia,8.39,505.7,0.567
2023-10-24,Handysize,Indonesia,8.57,507.7,0.524
2023-10-25,Handysize,Indonesia,8.7,519.8,0.523
2023-10-26,Handysize,Indonesia,8.76,507.2,0.524
2023-10-27,Handysize,Indonesia,8.76,494.5,0.191
2023-10-28,Handysize,Indonesia,8.81,503.4,0.308
2023-10-29,Handysize,Indonesia,8.67,508.8,0.612
2023-10-30,Handysize,Indonesia,8.95,510.3,0.436
2023-10-31,Handysize,Indonesia,9.36,516.2,0.231
2023-11-01,Handysize,Indonesia,9.17,528.3,0.428
2023-11-02,Handysize,Indonesia,8.98,513.4,0.59
2023-11-03,Handysize,Indonesia,8.59,499.3,0.131
2023-11-04,Handysize,Indonesia,8.25,530.9,0.238
2023-11-05,Handysize,Indonesia,8.2,492.8,0.488
2023-11-06,Handysize,Indonesia,8.56,526.8,0.443
2023-11-07,Handysize,Indonesia,8.18,513.1,0.544
2023-11-08,Handysize,Indonesia,8.39,517.8,0.252
2023-11-09,Handysize,Indonesia,8.41,511.4,0.451
2023-11-10,Handysize,Indonesia,8.57,521.5,0.191
2023-11-11,Handysize,Indonesia,8.59,520.5,0.281
2023-11-12,Handysize,Indonesia,8.68,506.2,0.155
2023-11-13,Handysize,Indonesia,8.4,490.7,0.493
2023-11-14,Handysize,Indonesia,8.7,518.9,0.359
2023-11-15,Handysize,Indonesia,9.01,501.4,0.475
2023-11-16,Handysize,Indonesia,9.2,504.3,0.045
2023-11-17,Handysize,Indonesia,8.98,495.5,0.374
2023-11-18,Handysize,Indonesia,8.73,529.9,0.406
2023-11-19,Handysize,Indonesia,8.67,498.0,0.243
2023-11-20,Handysize,Indonesia,8.47,492.1,0.265
2023-11-21,Handysize,Indonesia,8.36,495.5,0.518
2023-11-22,Handysize,Indonesia,8.35,481.0,0.323
2023-11-23,Handysize,Indonesia,8.12,509.3,0.211
2023-11-24,Handysize,Indonesia,8.53,504.8,0.0
2023-11-25,Handysize,Indonesia,8.8,506.5,0.572
2023-11-26,Handysize,Indonesia,8.84,504.5,0.066
2023-11-27,Handysize,Indonesia,9.34,513.2,0.472
2023-11-28,Handysize,Indonesia,9.2,526.6,0.451
2023-11-29,Handysize,Indonesia,9.08,489.2,0.55
2023-11-30,Handysize,Indonesia,9.14,537.9,0.294
2023-12-01,Handysize,Indonesia,9.18,509.6,0.474
2023-12-02,Handysize,Indonesia,8.92,495.6,0.421
2023-12-03,Handysize,Indonesia,9.01,488.9,0.323
2023-12-04,Handysize,Indonesia,8.91,506.2,0.02
2023-12-05,Handysize,Indonesia,9.13,519.1,0.065
2023-12-06,Handysize,Indonesia,9.25,501.8,0.38
2023-12-07,Handysize,Indonesia,9.12,497.0,0.424
2023-12-08,Handysize,Indonesia,9.11,493.4,0.355
2023-12-09,Handysize,Indonesia,9.27,493.6,0.089
2023-12-10,Handysize,Indonesia,9.58,496.0,0.166
2023-12-11,Handysize,Indonesia,9.54,534.6,0.457
2023-12-12,Handysize,Indonesia,9.38,498.6,0.077
2023-12-13,Handysize,Indonesia,9.15,507.9,0.612
2023-12-14,Handysize,Indonesia,8.92,489.1,0.46
2023-12-15,Handysize,Indonesia,8.91,498.5,0.477
2023-12-16,Handysize,Indonesia,8.82,522.8,0.17
2023-12-17,Handysize,Indonesia,8.93,490.1,0.0
2023-12-18,Handysize,Indonesia,8.84,515.7,0.135
2023-12-19,Handysize,Indonesia,9.14,491.8,0.529
2023-12-20,Handysize,Indonesia,8.94,517.5,0.527
2023-12-21,Handysize,Indonesia,9.1,516.6,0.166
2023-12-22,Handysize,Indonesia,9.18,516.8,0.183
2023-12-23,Handysize,Indonesia,9.15,516.5,0.09
2023-12-24,Handysize,Indonesia,9.08,514.6,0.315
2023-12-25,Handysize,Indonesia,9.56,520.3,0.391
2023-12-26,Handysize,Indonesia,9.52,488.3,0.208
2023-12-27,Handysize,Indonesia,9.67,500.4,0.026
2023-12-28,Handysize,Indonesia,10.05,478.2,0.141
2023-12-29,Handysize,Indonesia,9.61,496.7,0.027
2023-12-30,Handysize,Indonesia,9.24,495.0,0.074
2023-12-31,Handysize,Indonesia,9.13,499.1,0.284
2024-01-01,Handysize,Indonesia,9.11,504.2,0.194
2024-01-02,Handysize,Indonesia,8.86,513.8,0.656
2024-01-03,Handysize,Indonesia,9.17,501.8,0.192
2024-01-04,Handysize,Indonesia,9.17,517.1,0.206
2024-01-05,Handysize,Indonesia,9.16,473.6,0.33
2024-01-06,Handysize,Indonesia,9.54,489.8,0.38
2024-01-07,Handysize,Indonesia,9.38,510.2,0.175
2024-01-08,Handysize,Indonesia,9.57,506.8,0.217
2024-01-09,Handysize,Indonesia,9.65,523.4,0.29
2024-01-10,Handysize,Indonesia,9.61,483.0,0.26
2024-01-11,Handysize,Indonesia,9.63,515.1,0.509
2024-01-12,Handysize,Indonesia,9.68,515.0,0.382
2024-01-13,Handysize,Indonesia,10.5,486.9,0.29
2024-01-14,Handysize,Indonesia,10.32,502.0,0.418
2024-01-15,Handysize,Indonesia,10.63,482.1,0.149
2024-01-16,Handysize,Indonesia,10.29,505.5,0.665
2024-01-17,Handysize,Indonesia,9.97,516.4,0.231
2024-01-18,Handysize,Indonesia,10.0,457.7,0.263
2024-01-19,Handysize,Indonesia,9.68,505.8,0.143
2024-01-20,Handysize,Indonesia,9.98,493.0,0.424
2024-01-21,Handysize,Indonesia,9.72,496.5,0.28
2024-01-22,Handysize,Indonesia,9.81,475.8,0.12
2024-01-23,Handysize,Indonesia,9.67,488.3,0.0
2024-01-24,Handysize,Indonesia,9.06,495.6,0.222
2024-01-25,Handysize,Indonesia,9.33,511.8,0.284
2024-01-26,Handysize,Indonesia,9.37,496.8,0.032
2024-01-27,Handysize,Indonesia,9.63,519.8,0.223
2024-01-28,Handysize,Indonesia,9.79,522.4,0.205
2024-01-29,Handysize,Indonesia,9.91,506.5,0.325
2024-01-30,Handysize,Indonesia,9.91,506.4,0.265
2024-01-31,Handysize,Indonesia,9.94,515.7,0.0
2024-02-01,Handysize,Indonesia,10.21,507.6,0.207
2024-02-02,Handysize,Indonesia,10.33,486.4,0.332
2024-02-03,Handysize,Indonesia,10.09,522.4,0.38
2024-02-04,Handysize,Indonesia,10.06,487.6,0.065
2024-02-05,Handysize,Indonesia,10.09,516.2,0.222
2024-02-06,Handysize,Indonesia,9.65,521.9,0.156
2024-02-07,Handysize,Indonesia,9.99,471.6,0.119
2024-02-08,Handysize,Indonesia,9.34,468.6,0.133
2024-02-09,Handysize,Indonesia,9.96,498.0,0.409
2024-02-10,Handysize,Indonesia,9.97,506.0,0.297
2024-02-11,Handysize,Indonesia,9.93,499.2,0.169
2024-02-12,Handysize,Indonesia,10.01,507.6,0.293
2024-02-13,Handysize,Indonesia,9.97,474.6,0.388
2024-02-14,Handysize,Indonesia,9.78,499.0,0.383
2024-02-15,Handysize,Indonesia,9.46,479.2,0.206
2024-02-16,Handysize,Indonesia,9.21,508.4,0.263
2024-02-17,Handysize,Indonesia,9.34,507.3,0.192
2024-02-18,Handysize,Indonesia,8.86,519.7,0.337
2024-02-19,Handysize,Indonesia,8.71,477.0,0.36
2024-02-20,Handysize,Indonesia,9.22,526.3,0.255
2024-02-21,Handysize,Indonesia,8.85,480.3,0.0
2024-02-22,Handysize,Indonesia,8.97,480.2,0.415
2024-02-23,Handysize,Indonesia,9.21,497.2,0.171
2024-02-24,Handysize,Indonesia,9.54,509.2,0.134
2024-02-25,Handysize,Indonesia,9.25,474.8,0.183
2024-02-26,Handysize,Indonesia,9.3,491.3,0.104
2024-02-27,Handysize,Indonesia,9.32,464.6,0.277
2024-02-28,Handysize,Indonesia,8.99,479.3,0.186
2024-02-29,Handysize,Indonesia,8.67,509.6,0.421
2024-03-01,Handysize,Indonesia,8.87,499.0,0.529
2024-03-02,Handysize,Indonesia,9.29,511.5,0.117
2024-03-03,Handysize,Indonesia,9.4,473.1,0.495
2024-03-04,Handysize,Indonesia,9.53,474.7,0.411
2024-03-05,Handysize,Indonesia,9.49,473.5,0.649
2024-03-06,Handysize,Indonesia,9.54,459.6,0.242
2024-03-07,Handysize,Indonesia,9.49,478.1,0.288
2024-03-08,Handysize,Indonesia,8.77,502.4,0.312
2024-03-09,Handysize,Indonesia,8.72,487.8,0.099
2024-03-10,Handysize,Indonesia,9.42,475.9,0.313
2024-03-11,Handysize,Indonesia,9.97,492.8,0.105
2024-03-12,Handysize,Indonesia,10.18,508.8,0.21
2024-03-13,Handysize,Indonesia,10.53,490.3,0.268
2024-03-14,Handysize,Indonesia,10.54,497.6,0.32
2024-03-15,Handysize,Indonesia,10.62,483.6,0.27
2024-03-16,Handysize,Indonesia,10.55,488.0,0.558
2024-03-17,Handysize,Indonesia,10.49,491.2,0.184
2024-03-18,Handysize,Indonesia,10.5,504.1,0.278
2024-03-19,Handysize,Indonesia,10.63,500.8,0.106
2024-03-20,Handysize,Indonesia,10.19,488.3,0.206
2024-03-21,Handysize,Indonesia,10.09,487.5,0.195
2024-03-22,Handysize,Indonesia,10.14,494.8,0.202
2024-03-23,Handysize,Indonesia,9.83,494.6,0.124
2024-03-24,Handysize,Indonesia,9.59,503.1,0.257
2024-03-25,Handysize,Indonesia,9.64,447.6,0.159
2024-03-26,Handysize,Indonesia,9.85,493.6,0.207
2024-03-27,Handysize,Indonesia,9.66,476.1,0.341
2024-03-28,Handysize,Indonesia,9.65,453.7,0.234
2024-03-29,Handysize,Indonesia,9.9,495.6,0.435
2024-03-30,Handysize,Indonesia,9.58,495.1,0.391
2024-03-31,Handysize,Indonesia,9.5,501.9,0.147
2024-04-01,Handysize,Indonesia,9.01,482.1,0.084
2024-04-02,Handysize,Indonesia,9.13,489.7,0.363
2024-04-03,Handysize,Indonesia,9.01,506.7,0.185
2024-04-04,Handysize,Indonesia,8.49,479.8,0.282
2024-04-05,Handysize,Indonesia,8.71,483.5,0.678
2024-04-06,Handysize,Indonesia,8.17,486.0,0.334
2024-04-07,Handysize,Indonesia,8.83,501.5,0.306
2024-04-08,Handysize,Indonesia,8.37,501.2,0.143
2024-04-09,Handysize,Indonesia,7.89,474.2,0.381
2024-04-10,Handysize,Indonesia,8.4,494.9,0.157
2024-04-11,Handysize,Indonesia,7.88,481.2,0.38
2024-04-12,Handysize,Indonesia,7.67,502.0,0.409
2024-04-13,Handysize,Indonesia,8.09,445.0,0.234
2024-04-14,Handysize,Indonesia,8.24,498.2,0.367
2024-04-15,Handysize,Indonesia,8.24,482.0,0.29
2024-04-16,Handysize,Indonesia,8.51,467.0,0.134
2024-04-17,Handysize,Indonesia,8.35,488.2,0.233
2024-04-18,Handysize,Indonesia,8.51,487.9,0.3
2024-04-19,Handysize,Indonesia,8.61,488.8,0.222
2024-04-20,Handysize,Indonesia,8.44,478.4,0.202
2024-04-21,Handysize,Indonesia,8.5,469.1,0.315
2024-04-22,Handysize,Indonesia,8.95,461.6,0.125
2024-04-23,Handysize,Indonesia,8.83,480.9,0.133
2024-04-24,Handysize,Indonesia,9.17,478.8,0.301
2024-04-25,Handysize,Indonesia,8.82,459.6,0.188
2024-04-26,Handysize,Indonesia,8.55,481.9,0.576
2024-04-27,Handysize,Indonesia,8.51,496.4,0.324
2024-04-28,Handysize,Indonesia,8.49,475.4,0.168
2024-04-29,Handysize,Indonesia,8.67,487.4,0.356
2024-04-30,Handysize,Indonesia,9.05,457.7,0.239
2024-05-01,Handysize,Indonesia,9.42,467.8,0.14
2024-05-02,Handysize,Indonesia,9.39,480.3,0.291
2024-05-03,Handysize,Indonesia,9.61,479.0,0.265
2024-05-04,Handysize,Indonesia,10.05,506.2,0.287
2024-05-05,Handysize,Indonesia,10.56,480.5,0.121
2024-05-06,Handysize,Indonesia,11.02,481.2,0.138
2024-05-07,Handysize,Indonesia,11.02,487.4,0.14
2024-05-08,Handysize,Indonesia,10.97,466.2,0.439
2024-05-09,Handysize,Indonesia,11.11,473.1,0.26
2024-05-10,Handysize,Indonesia,10.94,463.3,0.039
2024-05-11,Handysize,Indonesia,10.72,460.7,0.36
2024-05-12,Handysize,Indonesia,10.61,463.2,0.408
2024-05-13,Handysize,Indonesia,10.59,497.3,0.202
2024-05-14,Handysize,Indonesia,10.37,478.9,0.282
2024-05-15,Handysize,Indonesia,10.46,474.0,0.455
2024-05-16,Handysize,Indonesia,10.59,495.2,0.374
2024-05-17,Handysize,Indonesia,10.23,456.6,0.0
2024-05-18,Handysize,Indonesia,10.13,454.5,0.71
2024-05-19,Handysize,Indonesia,10.35,471.6,0.375
2024-05-20,Handysize,Indonesia,10.52,471.6,0.528
2024-05-21,Handysize,Indonesia,10.51,449.4,0.492
2024-05-22,Handysize,Indonesia,10.31,480.7,0.415
2024-05-23,Handysize,Indonesia,10.69,479.7,0.295
2024-05-24,Handysize,Indonesia,10.93,447.8,0.161
2024-05-25,Handysize,Indonesia,10.52,468.2,0.491
2024-05-26,Handysize,Indonesia,9.99,457.8,0.332
2024-05-27,Handysize,Indonesia,10.12,461.0,0.261
2024-05-28,Handysize,Indonesia,9.75,475.8,0.443
2024-05-29,Handysize,Indonesia,9.51,448.7,0.49
2024-05-30,Handysize,Indonesia,9.88,467.0,0.248
2024-05-31,Handysize,Indonesia,9.37,424.0,0.125
2024-06-01,Handysize,Indonesia,9.91,484.7,0.237
2024-06-02,Handysize,Indonesia,9.93,466.5,0.416
2024-06-03,Handysize,Indonesia,10.24,468.0,0.021
2024-06-04,Handysize,Indonesia,9.8,467.9,0.292
2024-06-05,Handysize,Indonesia,10.42,470.1,0.313
2024-06-06,Handysize,Indonesia,10.76,476.2,0.195
2024-06-07,Handysize,Indonesia,10.97,471.1,0.405
2024-06-08,Handysize,Indonesia,10.77,444.5,0.445
2024-06-09,Handysize,Indonesia,10.33,463.9,0.048
2024-06-10,Handysize,Indonesia,10.75,459.6,0.48
2024-06-11,Handysize,Indonesia,10.68,458.8,0.085
2024-06-12,Handysize,Indonesia,10.18,466.7,0.333
2024-06-13,Handysize,Indonesia,10.57,469.5,0.22
2024-06-14,Handysize,Indonesia,10.88,439.7,0.291
2024-06-15,Handysize,Indonesia,11.29,453.6,0.348
2024-06-16,Handysize,Indonesia,10.91,487.4,0.339
2024-06-17,Handysize,Indonesia,10.82,471.0,0.534
2024-06-18,Handysize,Indonesia,10.83,463.6,0.285
2024-06-19,Handysize,Indonesia,10.27,433.6,0.095
2024-06-20,Handysize,Indonesia,9.92,457.8,0.594
2024-06-21,Handysize,Indonesia,9.51,444.1,0.44
2024-06-22,Handysize,Indonesia,9.81,486.6,0.251
2024-06-23,Handysize,Indonesia,9.67,481.6,0.683
2024-06-24,Handysize,Indonesia,9.5,465.0,0.349
2024-06-25,Handysize,Indonesia,9.09,441.1,0.238
2024-06-26,Handysize,Indonesia,9.15,444.2,0.538
2024-06-27,Handysize,Indonesia,9.11,449.6,0.316
2024-06-28,Handysize,Indonesia,8.82,486.5,0.49
2024-06-29,Handysize,Indonesia,9.01,473.5,0.212
2024-06-30,Handysize,Indonesia,8.83,471.7,0.471
2024-07-01,Handysize,Indonesia,8.96,478.0,0.466
2024-07-02,Handysize,Indonesia,8.98,452.8,0.319
2024-07-03,Handysize,Indonesia,8.61,429.0,0.442
2024-07-04,Handysize,Indonesia,8.99,427.3,0.297
2024-07-05,Handysize,Indonesia,9.26,447.6,0.527
2024-07-06,Handysize,Indonesia,8.81,463.0,0.416
2024-07-07,Handysize,Indonesia,8.95,455.2,0.172
2024-07-08,Handysize,Indonesia,9.16,469.3,0.516
2024-07-09,Handysize,Indonesia,9.06,440.4,0.423
2024-07-10,Handysize,Indonesia,8.82,466.9,0.454
2024-07-11,Handysize,Indonesia,8.0,461.1,0.528
2024-07-12,Handysize,Indonesia,7.8,439.3,0.488
2024-07-13,Handysize,Indonesia,8.12,426.0,0.635
2024-07-14,Handysize,Indonesia,8.02,428.5,0.604
2024-07-15,Handysize,Indonesia,7.78,464.7,0.414
2024-07-16,Handysize,Indonesia,8.23,461.4,0.384
2024-07-17,Handysize,Indonesia,8.31,444.1,0.303
2024-07-18,Handysize,Indonesia,8.57,442.9,0.659
2024-07-19,Handysize,Indonesia,8.73,454.0,0.578
2024-07-20,Handysize,Indonesia,8.92,457.3,0.236
2024-07-21,Handysize,Indonesia,8.25,430.2,0.326
2024-07-22,Handysize,Indonesia,8.43,455.1,0.302
2024-07-23,Handysize,Indonesia,8.02,434.6,0.658
2024-07-24,Handysize,Indonesia,8.16,467.0,0.315
2024-07-25,Handysize,Indonesia,8.11,462.5,0.039
2024-07-26,Handysize,Indonesia,8.4,436.7,0.295
2024-07-27,Handysize,Indonesia,8.5,425.0,0.353
2024-07-28,Handysize,Indonesia,8.23,469.7,0.332
2024-07-29,Handysize,Indonesia,8.46,437.7,0.327
2024-07-30,Handysize,Indonesia,8.9,426.4,0.37
2024-07-31,Handysize,Indonesia,8.63,451.8,0.109
2024-08-01,Handysize,Indonesia,8.54,459.7,0.341
2024-08-02,Handysize,Indonesia,8.52,443.8,0.377
2024-08-03,Handysize,Indonesia,8.34,445.5,0.347
2024-08-04,Handysize,Indonesia,7.99,484.4,0.365
2024-08-05,Handysize,Indonesia,8.09,467.5,0.567
2024-08-06,Handysize,Indonesia,8.02,459.2,0.361
2024-08-07,Handysize,Indonesia,7.99,434.3,0.482
2024-08-08,Handysize,Indonesia,7.8,462.1,0.547
2024-08-09,Handysize,Indonesia,7.44,443.1,0.716
2024-08-10,Handysize,Indonesia,7.58,431.1,0.325
2024-08-11,Handysize,Indonesia,8.46,446.2,0.456
2024-08-12,Handysize,Indonesia,8.94,460.4,0.345
2024-08-13,Handysize,Indonesia,8.69,436.5,0.397
2024-08-14,Handysize,Indonesia,8.54,452.3,0.226
2024-08-15,Handysize,Indonesia,8.56,447.4,0.328
2024-08-16,Handysize,Indonesia,8.33,422.6,0.517
2024-08-17,Handysize,Indonesia,8.81,467.8,0.546
2024-08-18,Handysize,Indonesia,8.72,426.4,0.395
2024-08-19,Handysize,Indonesia,9.18,455.8,0.436
2024-08-20,Handysize,Indonesia,9.24,447.0,0.329
2024-08-21,Handysize,Indonesia,9.12,431.7,0.353
2024-08-22,Handysize,Indonesia,9.19,420.9,0.497
2024-08-23,Handysize,Indonesia,8.52,436.4,0.311
2024-08-24,Handysize,Indonesia,8.9,419.2,0.406
2024-08-25,Handysize,Indonesia,9.43,458.9,0.284
2024-08-26,Handysize,Indonesia,9.81,430.3,0.555
2024-08-27,Handysize,Indonesia,10.05,431.6,0.34
2024-08-28,Handysize,Indonesia,8.87,431.9,0.598
2024-08-29,Handysize,Indonesia,8.31,456.9,0.453
2024-08-30,Handysize,Indonesia,8.29,456.6,0.315
2024-08-31,Handysize,Indonesia,8.44,440.6,0.314
2024-09-01,Handysize,Indonesia,8.71,444.7,0.418
2024-09-02,Handysize,Indonesia,8.79,445.7,0.516
2024-09-03,Handysize,Indonesia,9.24,430.2,0.48
2024-09-04,Handysize,Indonesia,8.93,420.0,0.573
2024-09-05,Handysize,Indonesia,9.53,391.0,0.401
2024-09-06,Handysize,Indonesia,9.39,445.2,0.575
2024-09-07,Handysize,Indonesia,9.3,443.5,0.399
2024-09-08,Handysize,Indonesia,8.94,419.4,0.582
2024-09-09,Handysize,Indonesia,9.09,459.7,0.44
2024-09-10,Handysize,Indonesia,8.66,402.8,0.678
2024-09-11,Handysize,Indonesia,8.5,417.6,0.683
2024-09-12,Handysize,Indonesia,9.11,439.9,0.475
2024-09-13,Handysize,Indonesia,9.61,430.8,0.417
2024-09-14,Handysize,Indonesia,9.9,464.1,0.142
2024-09-15,Handysize,Indonesia,9.73,446.4,0.636
2024-09-16,Handysize,Indonesia,10.12,428.5,0.656
2024-09-17,Handysize,Indonesia,10.7,426.8,0.614
2024-09-18,Handysize,Indonesia,11.37,414.7,0.349
2024-09-19,Handysize,Indonesia,11.14,415.3,0.623
2024-09-20,Handysize,Indonesia,10.5,433.1,0.682
2024-09-21,Handysize,Indonesia,10.1,444.7,0.587
2024-09-22,Handysize,Indonesia,10.04,401.0,0.651
2024-09-23,Handysize,Indonesia,9.83,446.1,0.629
2024-09-24,Handysize,Indonesia,9.64,444.0,0.433
2024-09-25,Handysize,Indonesia,9.38,426.2,0.503
2024-09-26,Handysize,Indonesia,9.32,422.7,0.61
2024-09-27,Handysize,Indonesia,9.08,448.2,0.843
2024-09-28,Handysize,Indonesia,8.91,448.1,0.446
2024-09-29,Handysize,Indonesia,8.89,400.6,0.312
2024-09-30,Handysize,Indonesia,8.77,439.9,0.689
2024-10-01,Handysize,Indonesia,8.23,430.6,0.278
2024-10-02,Handysize,Indonesia,8.44,409.8,0.392
2024-10-03,Handysize,Indonesia,8.55,437.5,0.568
2024-10-04,Handysize,Indonesia,8.63,413.2,0.608
2024-10-05,Handysize,Indonesia,8.85,413.0,0.678
2024-10-06,Handysize,Indonesia,9.11,431.3,0.535
2024-10-07,Handysize,Indonesia,9.4,400.9,0.657
2024-10-08,Handysize,Indonesia,9.77,416.1,0.582
2024-10-09,Handysize,Indonesia,9.42,423.4,0.255
2024-10-10,Handysize,Indonesia,9.16,429.2,0.44
2024-10-11,Handysize,Indonesia,9.18,424.2,0.375
2024-10-12,Handysize,Indonesia,8.78,425.2,0.682
2024-10-13,Handysize,Indonesia,8.85,430.9,0.674
2024-10-14,Handysize,Indonesia,9.08,426.6,0.51
2024-10-15,Handysize,Indonesia,9.04,437.0,0.483
2024-10-16,Handysize,Indonesia,8.68,409.7,0.328
2024-10-17,Handysize,Indonesia,9.16,420.6,0.413
2024-10-18,Handysize,Indonesia,9.25,425.4,0.811
2024-10-19,Handysize,Indonesia,9.36,422.1,0.495
2024-10-20,Handysize,Indonesia,9.09,403.4,0.566
2024-10-21,Handysize,Indonesia,9.36,438.7,0.495
2024-10-22,Handysize,Indonesia,9.42,394.4,0.677
2024-10-23,Handysize,Indonesia,9.55,425.4,0.514
2024-10-24,Handysize,Indonesia,9.65,389.8,0.662
2024-10-25,Handysize,Indonesia,9.9,400.9,0.603
2024-10-26,Handysize,Indonesia,9.84,408.7,0.675
2024-10-27,Handysize,Indonesia,9.18,416.5,0.344
2024-10-28,Handysize,Indonesia,9.1,405.0,0.356
2024-10-29,Handysize,Indonesia,8.79,407.5,0.463
2024-10-30,Handysize,Indonesia,8.51,423.2,0.463
2024-10-31,Handysize,Indonesia,7.91,423.1,0.603
2024-11-01,Handysize,Indonesia,7.74,398.5,0.282
2024-11-02,Handysize,Indonesia,7.93,425.0,0.533
2024-11-03,Handysize,Indonesia,8.17,416.2,0.414
2024-11-04,Handysize,Indonesia,7.95,399.5,0.796
2024-11-05,Handysize,Indonesia,7.67,419.6,0.532
2024-11-06,Handysize,Indonesia,8.13,418.4,0.576
2024-11-07,Handysize,Indonesia,8.18,422.0,0.615
2024-11-08,Handysize,Indonesia,8.14,391.2,0.303
2024-11-09,Handysize,Indonesia,8.15,420.9,0.548
2024-11-10,Handysize,Indonesia,8.31,415.8,0.695
2024-11-11,Handysize,Indonesia,8.35,395.8,0.268
2024-11-12,Handysize,Indonesia,8.35,458.8,0.613
2024-11-13,Handysize,Indonesia,8.35,439.9,0.385
2024-11-14,Handysize,Indonesia,8.39,422.1,0.522
2024-11-15,Handysize,Indonesia,8.25,409.9,0.674
2024-11-16,Handysize,Indonesia,8.38,412.8,0.532
2024-11-17,Handysize,Indonesia,8.42,413.8,0.317
2024-11-18,Handysize,Indonesia,8.92,412.4,0.5
2024-11-19,Handysize,Indonesia,8.75,408.4,0.686
2024-11-20,Handysize,Indonesia,9.1,396.7,0.68
2024-11-21,Handysize,Indonesia,8.83,394.9,0.197
2024-11-22,Handysize,Indonesia,9.08,419.9,0.738
2024-11-23,Handysize,Indonesia,9.23,417.2,0.674
2024-11-24,Handysize,Indonesia,9.26,445.0,0.669
2024-11-25,Handysize,Indonesia,9.37,428.0,0.706
2024-11-26,Handysize,Indonesia,9.64,427.3,0.643
2024-11-27,Handysize,Indonesia,9.44,415.7,0.487
2024-11-28,Handysize,Indonesia,8.94,394.5,0.52
2024-11-29,Handysize,Indonesia,8.78,402.2,0.432
2024-11-30,Handysize,Indonesia,9.05,418.7,0.664
2024-12-01,Handysize,Indonesia,9.08,397.7,0.643
2024-12-02,Handysize,Indonesia,9.03,424.8,0.472
2024-12-03,Handysize,Indonesia,8.84,432.3,0.468
2024-12-04,Handysize,Indonesia,8.76,419.9,0.63
2024-12-05,Handysize,Indonesia,8.54,421.6,0.562
2024-12-06,Handysize,Indonesia,8.49,407.8,0.827
2024-12-07,Handysize,Indonesia,8.59,402.8,0.463
2024-12-08,Handysize,Indonesia,8.84,399.7,0.413
2024-12-09,Handysize,Indonesia,8.79,402.3,0.545
2024-12-10,Handysize,Indonesia,8.81,406.1,0.588
2024-12-11,Handysize,Indonesia,8.84,384.9,0.745
2024-12-12,Handysize,Indonesia,8.88,400.1,0.366
2024-12-13,Handysize,Indonesia,8.9,374.5,0.535
2024-12-14,Handysize,Indonesia,9.23,411.1,0.411
2024-12-15,Handysize,Indonesia,9.13,412.7,0.41
2024-12-16,Handysize,Indonesia,8.89,418.7,0.574
2024-12-17,Handysize,Indonesia,8.88,381.9,0.513
2024-12-18,Handysize,Indonesia,8.78,411.5,0.277
2024-12-19,Handysize,Indonesia,8.58,409.2,0.722
2024-12-20,Handysize,Indonesia,8.75,421.7,0.382
2024-12-21,Handysize,Indonesia,8.61,395.3,0.726
2024-12-22,Handysize,Indonesia,8.62,404.7,0.556
2024-12-23,Handysize,Indonesia,8.42,396.5,0.575
2024-12-24,Handysize,Indonesia,8.26,403.8,0.531
2024-12-25,Handysize,Indonesia,8.46,431.4,0.343
2024-12-26,Handysize,Indonesia,8.23,399.4,0.617
2024-12-27,Handysize,Indonesia,8.38,415.0,0.625
2024-12-28,Handysize,Indonesia,8.77,396.1,0.753
2024-12-29,Handysize,Indonesia,8.97,385.3,0.576
2024-12-30,Handysize,Indonesia,8.63,412.8,0.256
2024-12-31,Handysize,Indonesia,8.42,384.9,0.488
2025-01-01,Handysize,Indonesia,8.63,378.2,0.445
2025-01-02,Handysize,Indonesia,8.68,371.9,0.591
2025-01-03,Handysize,Indonesia,8.82,368.9,0.601
2025-01-04,Handysize,Indonesia,9.01,398.2,0.374
2025-01-05,Handysize,Indonesia,9.32,411.4,0.61
2025-01-06,Handysize,Indonesia,9.53,417.9,0.587
2025-01-07,Handysize,Indonesia,9.53,387.2,0.461
2025-01-08,Handysize,Indonesia,9.61,406.4,0.476
2025-01-09,Handysize,Indonesia,9.45,422.2,0.489
2025-01-10,Handysize,Indonesia,9.35,387.7,0.435
2025-01-11,Handysize,Indonesia,9.39,404.5,0.434
2025-01-12,Handysize,Indonesia,9.14,411.6,0.648
2025-01-13,Handysize,Indonesia,9.19,393.6,0.443
2025-01-14,Handysize,Indonesia,9.02,407.5,0.366
2025-01-15,Handysize,Indonesia,9.09,420.6,0.491
2025-01-16,Handysize,Indonesia,8.89,413.9,0.776
2025-01-17,Handysize,Indonesia,8.8,391.4,0.689
2025-01-18,Handysize,Indonesia,9.1,378.3,0.423
2025-01-19,Handysize,Indonesia,9.09,421.6,0.3
2025-01-20,Handysize,Indonesia,9.38,406.2,0.667
2025-01-21,Handysize,Indonesia,9.79,389.3,0.624
2025-01-22,Handysize,Indonesia,10.14,390.3,0.717
2025-01-23,Handysize,Indonesia,10.3,381.9,0.56
2025-01-24,Handysize,Indonesia,10.51,381.0,0.481
2025-01-25,Handysize,Indonesia,10.87,389.9,0.616
2025-01-26,Handysize,Indonesia,11.09,413.0,0.356
2025-01-27,Handysize,Indonesia,11.09,382.5,0.736
2025-01-28,Handysize,Indonesia,11.07,383.0,0.404
2025-01-29,Handysize,Indonesia,11.05,391.0,0.726
2025-01-30,Handysize,Indonesia,10.69,393.9,0.362
2025-01-31,Handysize,Indonesia,11.0,383.3,0.988
2025-02-01,Handysize,Indonesia,10.66,386.6,0.472
2025-02-02,Handysize,Indonesia,10.74,394.1,0.37
2025-02-03,Handysize,Indonesia,10.92,409.6,0.655
2025-02-04,Handysize,Indonesia,10.81,408.3,0.491
2025-02-05,Handysize,Indonesia,10.9,397.8,0.258
2025-02-06,Handysize,Indonesia,11.06,403.0,0.547
2025-02-07,Handysize,Indonesia,11.37,398.5,0.572
2025-02-08,Handysize,Indonesia,11.45,407.5,0.764
2025-02-09,Handysize,Indonesia,11.35,400.8,0.575
2025-02-10,Handysize,Indonesia,11.25,393.9,0.546
2025-02-11,Handysize,Indonesia,11.06,393.3,0.359
2025-02-12,Handysize,Indonesia,11.06,415.5,0.531
2025-02-13,Handysize,Indonesia,11.32,392.0,0.474
2025-02-14,Handysize,Indonesia,11.23,352.7,0.645
2025-02-15,Handysize,Indonesia,11.02,410.1,0.811
2025-02-16,Handysize,Indonesia,11.13,425.5,0.417
2025-02-17,Handysize,Indonesia,10.84,399.3,0.591
2025-02-18,Handysize,Indonesia,10.89,396.9,0.539
2025-02-19,Handysize,Indonesia,10.58,377.2,0.626
2025-02-20,Handysize,Indonesia,10.55,415.7,0.417
2025-02-21,Handysize,Indonesia,10.76,429.7,0.627
2025-02-22,Handysize,Indonesia,10.82,377.6,0.541
2025-02-23,Handysize,Indonesia,10.32,400.8,0.581
2025-02-24,Handysize,Indonesia,10.52,400.8,0.288
2025-02-25,Handysize,Indonesia,10.7,383.7,0.339
2025-02-26,Handysize,Indonesia,10.51,395.5,0.465
2025-02-27,Handysize,Indonesia,10.6,366.4,0.489
2025-02-28,Handysize,Indonesia,10.43,387.8,0.427
2025-03-01,Handysize,Indonesia,10.12,402.0,0.688
2025-03-02,Handysize,Indonesia,10.52,410.2,0.43
2025-03-03,Handysize,Indonesia,10.43,396.3,0.485
2025-03-04,Handysize,Indonesia,10.4,411.8,0.665
2025-03-05,Handysize,Indonesia,10.42,400.6,0.414
2025-03-06,Handysize,Indonesia,10.41,374.5,0.632
2025-03-07,Handysize,Indonesia,10.36,393.0,0.643
2025-03-08,Handysize,Indonesia,10.44,379.8,0.452
2025-03-09,Handysize,Indonesia,10.54,413.3,0.518
2025-03-10,Handysize,Indonesia,10.22,405.5,0.238
2025-03-11,Handysize,Indonesia,10.16,400.2,0.807
2025-03-12,Handysize,Indonesia,10.31,383.7,0.489
2025-03-13,Handysize,Indonesia,9.75,367.5,0.422
2025-03-14,Handysize,Indonesia,9.8,386.4,0.403
2025-03-15,Handysize,Indonesia,9.87,379.3,0.417
2025-03-16,Handysize,Indonesia,9.67,392.4,0.423
2025-03-17,Handysize,Indonesia,9.4,395.5,0.209
2025-03-18,Handysize,Indonesia,9.7,380.9,0.423
2025-03-19,Handysize,Indonesia,9.77,380.9,0.656
2025-03-20,Handysize,Indonesia,9.62,378.5,0.41
2025-03-21,Handysize,Indonesia,9.89,399.5,0.363
2025-03-22,Handysize,Indonesia,9.99,392.5,0.301
2025-03-23,Handysize,Indonesia,9.86,379.6,0.568
2025-03-24,Handysize,Indonesia,9.63,404.2,0.654
2025-03-25,Handysize,Indonesia,9.64,409.4,0.697
2025-03-26,Handysize,Indonesia,9.87,398.9,0.449
2025-03-27,Handysize,Indonesia,9.96,420.0,0.357
2025-03-28,Handysize,Indonesia,9.96,385.5,0.35
2025-03-29,Handysize,Indonesia,10.11,390.3,0.688
2025-03-30,Handysize,Indonesia,9.83,380.7,0.644
2025-03-31,Handysize,Indonesia,9.66,393.9,0.57
2025-04-01,Handysize,Indonesia,9.42,379.6,0.441
2025-04-02,Handysize,Indonesia,9.85,378.8,0.433
2025-04-03,Handysize,Indonesia,9.78,396.0,0.4
2025-04-04,Handysize,Indonesia,9.89,391.5,0.575
2025-04-05,Handysize,Indonesia,10.13,378.1,0.488
2025-04-06,Handysize,Indonesia,9.89,410.0,0.28
2025-04-07,Handysize,Indonesia,9.45,382.1,0.526
2025-04-08,Handysize,Indonesia,9.19,375.9,0.189
2025-04-09,Handysize,Indonesia,8.93,395.4,0.348
2025-04-10,Handysize,Indonesia,9.1,429.5,0.491
2025-04-11,Handysize,Indonesia,8.96,399.3,0.447
2025-04-12,Handysize,Indonesia,8.79,398.4,0.507
2025-04-13,Handysize,Indonesia,8.62,421.6,0.568
2025-04-14,Handysize,Indonesia,8.71,389.6,0.653
2025-04-15,Handysize,Indonesia,8.84,393.5,0.542
2025-04-16,Handysize,Indonesia,9.12,392.6,0.451
2025-04-17,Handysize,Indonesia,9.03,387.0,0.664
2025-04-18,Handysize,Indonesia,9.14,369.1,0.549
2025-04-19,Handysize,Indonesia,8.95,391.8,0.055
2025-04-20,Handysize,Indonesia,9.07,385.8,0.329
2025-04-21,Handysize,Indonesia,8.94,392.8,0.375
2025-04-22,Handysize,Indonesia,8.97,399.5,0.364
2025-04-23,Handysize,Indonesia,8.88,396.0,0.487
2025-04-24,Handysize,Indonesia,8.66,379.8,0.421
2025-04-25,Handysize,Indonesia,8.64,399.3,0.482
2025-04-26,Handysize,Indonesia,8.38,386.3,0.368
2025-04-27,Handysize,Indonesia,8.67,378.0,0.407
2025-04-28,Handysize,Indonesia,8.66,394.1,0.431
2025-04-29,Handysize,Indonesia,8.32,377.3,0.431
2025-04-30,Handysize,Indonesia,8.25,393.3,0.31
2025-05-01,Handysize,Indonesia,7.95,356.8,0.527
2025-05-02,Handysize,Indonesia,7.79,401.9,0.316
2025-05-03,Handysize,Indonesia,7.71,395.5,0.315
2025-05-04,Handysize,Indonesia,7.57,372.4,0.638
2025-05-05,Handysize,Indonesia,7.87,375.2,0.249
2025-05-06,Handysize,Indonesia,8.02,424.1,0.395
2025-05-07,Handysize,Indonesia,7.83,398.0,0.425
2025-05-08,Handysize,Indonesia,8.16,424.3,0.279
2025-05-09,Handysize,Indonesia,8.33,391.1,0.396
2025-05-10,Handysize,Indonesia,8.21,403.8,0.298
2025-05-11,Handysize,Indonesia,8.4,371.0,0.244
2025-05-12,Handysize,Indonesia,8.23,398.1,0.376
2025-05-13,Handysize,Indonesia,8.02,369.4,0.436
2025-05-14,Handysize,Indonesia,8.03,410.2,0.25
2025-05-15,Handysize,Indonesia,7.94,381.8,0.617
2025-05-16,Handysize,Indonesia,8.21,380.1,0.23
2025-05-17,Handysize,Indonesia,7.87,363.4,0.56
2025-05-18,Handysize,Indonesia,7.84,375.3,0.557
2025-05-19,Handysize,Indonesia,7.52,403.1,0.59
2025-05-20,Handysize,Indonesia,7.57,394.7,0.539
2025-05-21,Handysize,Indonesia,7.92,405.1,0.358
2025-05-22,Handysize,Indonesia,7.88,361.0,0.345
2025-05-23,Handysize,Indonesia,7.79,383.3,0.2
2025-05-24,Handysize,Indonesia,8.16,383.4,0.258
2025-05-25,Handysize,Indonesia,8.14,398.8,0.317
2025-05-26,Handysize,Indonesia,7.87,345.7,0.462
2025-05-27,Handysize,Indonesia,7.72,420.4,0.464
2025-05-28,Handysize,Indonesia,7.52,413.0,0.367
2025-05-29,Handysize,Indonesia,6.99,388.6,0.257
2025-05-30,Handysize,Indonesia,6.92,355.0,0.226
2025-05-31,Handysize,Indonesia,6.71,406.3,0.1
2025-06-01,Handysize,Indonesia,6.6,388.1,0.455
2025-06-02,Handysize,Indonesia,6.57,411.2,0.174
2025-06-03,Handysize,Indonesia,6.87,404.1,0.246
2025-06-04,Handysize,Indonesia,7.23,397.7,0.252
2025-06-05,Handysize,Indonesia,7.39,391.6,0.202
2025-06-06,Handysize,Indonesia,7.71,386.9,0.501
2025-06-07,Handysize,Indonesia,8.5,420.0,0.305
2025-06-08,Handysize,Indonesia,8.69,387.8,0.235
2025-06-09,Handysize,Indonesia,8.28,409.5,0.081
2025-06-10,Handysize,Indonesia,8.24,382.4,0.053
2025-06-11,Handysize,Indonesia,8.58,421.5,0.354
2025-06-12,Handysize,Indonesia,8.12,365.3,0.335
2025-06-13,Handysize,Indonesia,7.83,361.5,0.286
2025-06-14,Handysize,Indonesia,7.24,376.7,0.242
2025-06-15,Handysize,Indonesia,7.18,408.5,0.213
2025-06-16,Handysize,Indonesia,7.22,406.3,0.287
2025-06-17,Handysize,Indonesia,7.01,392.7,0.107
2025-06-18,Handysize,Indonesia,7.04,405.6,0.32
2025-06-19,Handysize,Indonesia,7.35,401.8,0.14
2025-06-20,Handysize,Indonesia,7.35,374.9,0.347
2025-06-21,Handysize,Indonesia,7.21,393.5,0.15
2025-06-22,Handysize,Indonesia,7.05,385.2,0.413
2025-06-23,Handysize,Indonesia,6.59,391.0,0.15
2025-06-24,Handysize,Indonesia,6.51,406.1,0.274
2025-06-25,Handysize,Indonesia,6.85,428.5,0.339
2025-06-26,Handysize,Indonesia,6.78,415.3,0.487
2025-06-27,Handysize,Indonesia,6.1,374.6,0.505
2025-06-28,Handysize,Indonesia,6.3,396.3,0.371
2025-06-29,Handysize,Indonesia,6.61,399.3,0.519
2025-06-30,Handysize,Indonesia,6.59,391.5,0.333
2025-07-01,Handysize,Indonesia,6.47,412.6,0.43
2025-07-02,Handysize,Indonesia,6.3,407.3,0.499
2025-07-03,Handysize,Indonesia,6.31,402.4,0.153
2025-07-04,Handysize,Indonesia,5.93,395.6,0.285
2025-07-05,Handysize,Indonesia,5.86,384.9,0.283
2025-07-06,Handysize,Indonesia,6.23,414.5,0.309
2025-07-07,Handysize,Indonesia,6.23,394.2,0.211
2025-07-08,Handysize,Indonesia,6.07,388.6,0.407
2025-07-09,Handysize,Indonesia,5.93,366.2,0.243
2025-07-10,Handysize,Indonesia,5.71,382.0,0.257
2025-07-11,Handysize,Indonesia,5.78,392.1,0.3
2025-07-12,Handysize,Indonesia,6.01,389.5,0.021
2025-07-13,Handysize,Indonesia,6.06,405.5,0.351
2025-07-14,Handysize,Indonesia,6.15,410.1,0.038
2025-07-15,Handysize,Indonesia,5.88,408.1,0.142
2025-07-16,Handysize,Indonesia,6.04,388.2,0.157
2025-07-17,Handysize,Indonesia,6.01,389.3,0.487
2025-07-18,Handysize,Indonesia,6.32,405.7,0.54
2025-07-19,Handysize,Indonesia,6.41,364.6,0.25
2025-07-20,Handysize,Indonesia,6.02,377.4,0.569
2025-07-21,Handysize,Indonesia,6.24,408.9,0.479
2025-07-22,Handysize,Indonesia,6.11,406.1,0.373
2025-07-23,Handysize,Indonesia,6.57,396.3,0.02
2025-07-24,Handysize,Indonesia,6.79,409.8,0.465
2025-07-25,Handysize,Indonesia,6.88,384.0,0.489
2025-07-26,Handysize,Indonesia,6.96,377.6,0.18
2025-07-27,Handysize,Indonesia,6.83,406.8,0.389
2025-07-28,Handysize,Indonesia,6.87,404.2,0.344
2025-07-29,Handysize,Indonesia,6.8,386.0,0.0
2025-07-30,Handysize,Indonesia,6.77,406.2,0.442
2025-07-31,Handysize,Indonesia,7.26,395.2,0.515
2025-08-01,Handysize,Indonesia,7.46,394.5,0.332
2025-08-02,Handysize,Indonesia,6.99,431.8,0.322
2025-08-03,Handysize,Indonesia,7.47,413.3,0.426
2025-08-04,Handysize,Indonesia,7.66,403.6,0.274
2025-08-05,Handysize,Indonesia,7.62,406.4,0.346
2025-08-06,Handysize,Indonesia,7.94,406.9,0.411
2025-08-07,Handysize,Indonesia,7.66,396.0,0.256
2025-08-08,Handysize,Indonesia,7.87,400.2,0.381
2025-08-09,Handysize,Indonesia,7.79,420.4,0.437
2025-08-10,Handysize,Indonesia,7.55,409.7,0.37
2025-08-11,Handysize,Indonesia,7.71,422.4,0.18
2025-08-12,Handysize,Indonesia,7.47,418.4,0.299
2025-08-13,Handysize,Indonesia,7.64,407.4,0.0
2025-08-14,Handysize,Indonesia,7.48,386.4,0.304
2025-08-15,Handysize,Indonesia,7.3,429.4,0.278
2025-08-16,Handysize,Indonesia,7.44,431.2,0.223
2025-08-17,Handysize,Indonesia,7.48,389.5,0.255
2025-08-18,Handysize,Indonesia,7.65,397.6,0.292
2025-08-19,Handysize,Indonesia,7.25,395.3,0.424
2025-08-20,Handysize,Indonesia,7.47,404.3,0.302
2025-08-21,Handysize,Indonesia,7.58,399.2,0.179
2025-08-22,Handysize,Indonesia,7.54,413.6,0.497
2025-08-23,Handysize,Indonesia,7.56,397.0,0.477
2025-08-24,Handysize,Indonesia,7.05,403.8,0.318
2025-08-25,Handysize,Indonesia,7.1,412.5,0.096
2025-08-26,Handysize,Indonesia,7.35,393.0,0.128
2025-08-27,Handysize,Indonesia,7.38,407.2,0.156
2025-08-28,Handysize,Indonesia,7.13,404.1,0.42
2025-08-29,Handysize,Indonesia,7.0,437.5,0.208
2025-08-30,Handysize,Indonesia,6.79,415.6,0.296
2025-08-31,Handysize,Indonesia,6.74,432.0,0.083
2025-09-01,Handysize,Indonesia,6.78,411.2,0.183
2025-09-02,Handysize,Indonesia,7.24,408.5,0.292
2025-09-03,Handysize,Indonesia,7.02,380.7,0.208
2025-09-04,Handysize,Indonesia,7.15,408.7,0.126
2025-09-05,Handysize,Indonesia,7.08,421.4,0.532
2025-09-06,Handysize,Indonesia,7.43,391.6,0.183
2025-09-07,Handysize,Indonesia,7.8,396.2,0.276
2025-09-08,Handysize,Indonesia,7.47,421.7,0.222
2025-09-09,Handysize,Indonesia,6.93,404.6,0.32
2025-09-10,Handysize,Indonesia,6.68,392.3,0.602
2025-09-11,Handysize,Indonesia,6.89,386.0,0.186
2025-09-12,Handysize,Indonesia,7.06,375.9,0.415
2025-09-13,Handysize,Indonesia,7.44,380.6,0.318
2025-09-14,Handysize,Indonesia,7.1,417.4,0.427
2025-09-15,Handysize,Indonesia,7.33,394.1,0.543
2025-09-16,Handysize,Indonesia,7.31,393.2,0.244
2025-09-17,Handysize,Indonesia,7.05,415.4,0.393
2025-09-18,Handysize,Indonesia,6.79,392.8,0.155
2025-09-19,Handysize,Indonesia,6.78,407.1,0.432
2025-09-20,Handysize,Indonesia,6.6,357.2,0.711
2025-09-21,Handysize,Indonesia,6.43,394.1,0.0
2025-09-22,Handysize,Indonesia,6.82,405.9,0.202
2025-09-23,Handysize,Indonesia,7.15,409.8,0.232
2025-09-24,Handysize,Indonesia,7.43,407.1,0.191
2025-09-25,Handysize,Indonesia,7.43,370.9,0.126
2025-09-26,Handysize,Indonesia,7.92,416.2,0.0
2025-09-27,Handysize,Indonesia,7.6,425.4,0.0
2025-09-28,Handysize,Indonesia,7.52,421.5,0.245
2025-09-29,Handysize,Indonesia,7.47,410.9,0.189
2025-09-30,Handysize,Indonesia,7.46,398.0,0.075
2025-10-01,Handysize,Indonesia,7.68,391.1,0.32
2025-10-02,Handysize,Indonesia,7.82,410.1,0.382
2025-10-03,Handysize,Indonesia,8.17,423.9,0.0
2025-10-04,Handysize,Indonesia,8.34,416.4,0.256
2025-10-05,Handysize,Indonesia,8.82,396.5,0.407
2025-10-06,Handysize,Indonesia,8.93,407.3,0.303
2025-10-07,Handysize,Indonesia,9.14,427.7,0.496
2025-10-08,Handysize,Indonesia,8.75,390.5,0.519
2025-10-09,Handysize,Indonesia,9.0,398.7,0.0
2025-10-10,Handysize,Indonesia,8.64,401.1,0.0
2025-10-11,Handysize,Indonesia,8.64,397.3,0.26
2025-10-12,Handysize,Indonesia,8.58,421.3,0.29
2025-10-13,Handysize,Indonesia,8.72,403.8,0.126
2025-10-14,Handysize,Indonesia,9.17,416.4,0.234
2025-10-15,Handysize,Indonesia,9.02,434.6,0.337
2025-10-16,Handysize,Indonesia,8.85,415.0,0.172
2025-10-17,Handysize,Indonesia,8.86,420.9,0.457
2025-10-18,Handysize,Indonesia,9.25,411.3,0.138
2025-10-19,Handysize,Indonesia,9.35,409.1,0.285
2025-10-20,Handysize,Indonesia,9.37,430.7,0.422
2025-10-21,Handysize,Indonesia,9.21,398.5,0.284
2025-10-22,Handysize,Indonesia,9.38,426.0,0.136
2025-10-23,Handysize,Indonesia,9.0,401.4,0.535
2025-10-24,Handysize,Indonesia,9.13,415.0,0.498
2025-10-25,Handysize,Indonesia,8.58,412.0,0.47
2025-10-26,Handysize,Indonesia,8.45,394.5,0.334
2025-10-27,Handysize,Indonesia,7.98,394.5,0.448
2025-10-28,Handysize,Indonesia,7.81,432.5,0.491
2025-10-29,Handysize,Indonesia,7.68,437.6,0.241
2025-10-30,Handysize,Indonesia,7.61,425.7,0.266
2025-10-31,Handysize,Indonesia,7.57,409.5,0.133
2025-11-01,Handysize,Indonesia,7.11,414.7,0.495
2025-11-02,Handysize,Indonesia,7.47,427.0,0.167
2025-11-03,Handysize,Indonesia,7.12,404.0,0.0
2025-11-04,Handysize,Indonesia,7.0,416.4,0.304
2025-11-05,Handysize,Indonesia,6.73,424.1,0.31
2025-11-06,Handysize,Indonesia,6.54,427.1,0.41
2025-11-07,Handysize,Indonesia,6.54,425.0,0.371
2025-11-08,Handysize,Indonesia,6.16,442.3,0.273
2025-11-09,Handysize,Indonesia,5.99,396.8,0.559
2025-11-10,Handysize,Indonesia,5.79,423.4,0.333
2025-11-11,Handysize,Indonesia,5.59,447.1,0.319
2025-11-12,Handysize,Indonesia,6.01,426.3,0.247
2025-11-13,Handysize,Indonesia,5.87,413.8,0.0
2025-11-14,Handysize,Indonesia,6.2,431.5,0.602
2025-11-15,Handysize,Indonesia,6.71,421.5,0.183
2025-11-16,Handysize,Indonesia,6.54,433.7,0.352
2025-11-17,Handysize,Indonesia,6.77,419.2,0.179
2025-11-18,Handysize,Indonesia,7.2,428.5,0.24
2025-11-19,Handysize,Indonesia,6.88,442.6,0.214
2025-11-20,Handysize,Indonesia,6.76,433.6,0.308
2025-11-21,Handysize,Indonesia,6.99,420.0,0.107
2025-11-22,Handysize,Indonesia,6.8,429.5,0.125
2025-11-23,Handysize,Indonesia,6.56,390.6,0.578
2025-11-24,Handysize,Indonesia,6.68,425.0,0.197
2025-11-25,Handysize,Indonesia,6.87,440.1,0.264
2025-11-26,Handysize,Indonesia,6.57,426.7,0.0
2025-11-27,Handysize,Indonesia,6.87,440.0,0.216
2025-11-28,Handysize,Indonesia,6.55,414.7,0.331
2025-11-29,Handysize,Indonesia,6.66,448.1,0.363
2025-11-30,Handysize,Indonesia,7.05,429.6,0.009
2025-12-01,Handysize,Indonesia,7.71,415.6,0.204
2025-12-02,Handysize,Indonesia,7.93,418.0,0.309
2025-12-03,Handysize,Indonesia,8.14,434.5,0.214
2025-12-04,Handysize,Indonesia,8.22,422.6,0.367
2025-12-05,Handysize,Indonesia,8.09,446.4,0.397
2025-12-06,Handysize,Indonesia,7.66,433.3,0.335
2025-12-07,Handysize,Indonesia,7.89,436.4,0.321
2025-12-08,Handysize,Indonesia,7.8,406.7,0.185
2025-12-09,Handysize,Indonesia,7.88,438.5,0.375
2025-12-10,Handysize,Indonesia,8.04,423.5,0.175
2025-12-11,Handysize,Indonesia,8.38,454.3,0.09
2025-12-12,Handysize,Indonesia,8.41,405.5,0.675
2025-12-13,Handysize,Indonesia,8.29,435.4,0.536
2025-12-14,Handysize,Indonesia,8.12,404.6,0.435
2025-12-15,Handysize,Indonesia,8.17,443.5,0.319
2025-12-16,Handysize,Indonesia,8.23,409.5,0.184
2025-12-17,Handysize,Indonesia,8.18,402.7,0.234
2025-12-18,Handysize,Indonesia,8.11,464.2,0.222
2025-12-19,Handysize,Indonesia,8.0,425.5,0.449
2025-12-20,Handysize,Indonesia,8.0,415.9,0.313
2025-12-21,Handysize,Indonesia,8.12,430.3,0.738
2025-12-22,Handysize,Indonesia,8.03,434.1,0.667
2025-12-23,Handysize,Indonesia,7.89,427.4,0.271
2025-12-24,Handysize,Indonesia,7.97,417.1,0.155
2025-12-25,Handysize,Indonesia,8.11,434.8,0.444
2025-12-26,Handysize,Indonesia,8.21,438.7,0.438
2025-12-27,Handysize,Indonesia,8.02,429.7,0.301
2025-12-28,Handysize,Indonesia,8.06,431.4,0.346
2025-12-29,Handysize,Indonesia,8.31,422.5,0.336
2025-12-30,Handysize,Indonesia,8.23,417.1,0.595
2023-01-01,Handysize,Mozambique,13.78,456.9,0.464
2023-01-02,Handysize,Mozambique,13.87,440.8,0.477
2023-01-03,Handysize,Mozambique,13.45,449.1,0.127
2023-01-04,Handysize,Mozambique,13.56,414.2,0.14
2023-01-05,Handysize,Mozambique,13.17,432.4,0.509
2023-01-06,Handysize,Mozambique,13.14,433.5,0.465
2023-01-07,Handysize,Mozambique,13.46,438.1,0.489
2023-01-08,Handysize,Mozambique,13.72,480.0,0.428
2023-01-09,Handysize,Mozambique,13.42,464.7,0.392
2023-01-10,Handysize,Mozambique,13.28,466.0,0.275
2023-01-11,Handysize,Mozambique,13.53,441.2,0.68
2023-01-12,Handysize,Mozambique,13.43,455.5,0.502
2023-01-13,Handysize,Mozambique,13.23,448.2,0.219
2023-01-14,Handysize,Mozambique,13.14,464.0,0.336
2023-01-15,Handysize,Mozambique,13.04,460.6,0.396
2023-01-16,Handysize,Mozambique,12.94,472.8,0.289
2023-01-17,Handysize,Mozambique,12.66,472.1,0.339
2023-01-18,Handysize,Mozambique,12.84,444.9,0.24
2023-01-19,Handysize,Mozambique,12.41,472.4,0.409
2023-01-20,Handysize,Mozambique,12.59,452.7,0.469
2023-01-21,Handysize,Mozambique,12.77,456.9,0.37
2023-01-22,Handysize,Mozambique,12.86,462.3,0.372
2023-01-23,Handysize,Mozambique,13.33,455.9,0.432
2023-01-24,Handysize,Mozambique,13.07,450.3,0.456
2023-01-25,Handysize,Mozambique,13.2,448.8,0.449
2023-01-26,Handysize,Mozambique,12.91,444.3,0.616
2023-01-27,Handysize,Mozambique,13.24,446.2,0.351
2023-01-28,Handysize,Mozambique,13.3,445.8,0.571
2023-01-29,Handysize,Mozambique,13.13,464.1,0.446
2023-01-30,Handysize,Mozambique,13.21,472.9,0.266
2023-01-31,Handysize,Mozambique,13.22,441.6,0.153
2023-02-01,Handysize,Mozambique,13.26,444.2,0.24
2023-02-02,Handysize,Mozambique,12.98,470.2,0.031
2023-02-03,Handysize,Mozambique,13.15,476.0,0.636
2023-02-04,Handysize,Mozambique,12.91,473.4,0.292
2023-02-05,Handysize,Mozambique,13.46,463.5,0.545
2023-02-06,Handysize,Mozambique,13.62,434.0,0.353
2023-02-07,Handysize,Mozambique,13.96,449.3,0.332
2023-02-08,Handysize,Mozambique,13.73,468.6,0.606
2023-02-09,Handysize,Mozambique,14.04,459.0,0.308
2023-02-10,Handysize,Mozambique,14.22,479.1,0.142
2023-02-11,Handysize,Mozambique,14.29,464.4,0.547
2023-02-12,Handysize,Mozambique,14.34,455.4,0.675
2023-02-13,Handysize,Mozambique,14.24,483.6,0.405
2023-02-14,Handysize,Mozambique,14.03,466.2,0.529
2023-02-15,Handysize,Mozambique,13.85,482.2,0.469
2023-02-16,Handysize,Mozambique,13.43,458.8,0.511
2023-02-17,Handysize,Mozambique,13.39,434.0,0.677
2023-02-18,Handysize,Mozambique,13.54,454.5,0.67
2023-02-19,Handysize,Mozambique,13.53,474.7,0.304
2023-02-20,Handysize,Mozambique,14.06,463.2,0.608
2023-02-21,Handysize,Mozambique,14.34,461.8,0.655
2023-02-22,Handysize,Mozambique,14.34,455.0,0.164
2023-02-23,Handysize,Mozambique,14.72,489.4,0.563
2023-02-24,Handysize,Mozambique,14.95,454.4,0.375
2023-02-25,Handysize,Mozambique,14.82,467.1,0.67
2023-02-26,Handysize,Mozambique,14.83,439.5,0.577
2023-02-27,Handysize,Mozambique,15.14,468.3,0.709
2023-02-28,Handysize,Mozambique,15.27,453.9,0.45
2023-03-01,Handysize,Mozambique,14.92,454.0,0.363
2023-03-02,Handysize,Mozambique,14.74,470.5,0.527
2023-03-03,Handysize,Mozambique,14.58,469.8,0.452
2023-03-04,Handysize,Mozambique,14.44,480.4,0.6
2023-03-05,Handysize,Mozambique,14.01,486.5,0.537
2023-03-06,Handysize,Mozambique,14.08,470.3,0.426
2023-03-07,Handysize,Mozambique,14.4,476.1,0.25
2023-03-08,Handysize,Mozambique,14.74,466.6,0.34
2023-03-09,Handysize,Mozambique,15.2,454.9,0.439
2023-03-10,Handysize,Mozambique,15.27,464.9,0.456
2023-03-11,Handysize,Mozambique,15.0,467.2,0.613
2023-03-12,Handysize,Mozambique,15.23,460.8,0.237
2023-03-13,Handysize,Mozambique,15.38,482.0,0.548
2023-03-14,Handysize,Mozambique,14.96,480.2,0.369
2023-03-15,Handysize,Mozambique,15.11,481.2,0.607
2023-03-16,Handysize,Mozambique,15.38,474.7,0.627
2023-03-17,Handysize,Mozambique,15.43,451.3,0.516
2023-03-18,Handysize,Mozambique,15.37,469.9,0.472
2023-03-19,Handysize,Mozambique,15.63,475.9,0.684
2023-03-20,Handysize,Mozambique,15.47,478.3,0.496
2023-03-21,Handysize,Mozambique,15.8,474.0,0.797
2023-03-22,Handysize,Mozambique,15.77,471.9,0.633
2023-03-23,Handysize,Mozambique,15.39,471.3,0.595
2023-03-24,Handysize,Mozambique,15.37,486.7,0.503
2023-03-25,Handysize,Mozambique,14.84,484.2,0.426
2023-03-26,Handysize,Mozambique,15.15,478.8,0.56
2023-03-27,Handysize,Mozambique,14.88,454.1,0.449
2023-03-28,Handysize,Mozambique,14.82,470.7,0.663
2023-03-29,Handysize,Mozambique,14.57,460.1,0.62
2023-03-30,Handysize,Mozambique,14.33,467.3,0.217
2023-03-31,Handysize,Mozambique,14.56,477.5,0.603
2023-04-01,Handysize,Mozambique,14.57,474.3,0.403
2023-04-02,Handysize,Mozambique,14.77,476.1,0.35
2023-04-03,Handysize,Mozambique,14.48,448.6,0.761
2023-04-04,Handysize,Mozambique,14.45,490.8,0.688
2023-04-05,Handysize,Mozambique,14.39,505.7,0.557
2023-04-06,Handysize,Mozambique,14.01,477.9,0.535
2023-04-07,Handysize,Mozambique,14.0,474.3,0.796
2023-04-08,Handysize,Mozambique,13.7,481.5,0.675
2023-04-09,Handysize,Mozambique,13.4,476.8,0.476
2023-04-10,Handysize,Mozambique,13.77,479.5,0.599
2023-04-11,Handysize,Mozambique,14.16,501.7,0.537
2023-04-12,Handysize,Mozambique,14.43,487.9,0.625
2023-04-13,Handysize,Mozambique,14.4,491.0,0.292
2023-04-14,Handysize,Mozambique,14.31,500.8,0.45
2023-04-15,Handysize,Mozambique,14.27,478.5,0.569
2023-04-16,Handysize,Mozambique,14.09,492.3,0.621
2023-04-17,Handysize,Mozambique,13.98,507.5,0.633
2023-04-18,Handysize,Mozambique,13.64,496.7,0.565
2023-04-19,Handysize,Mozambique,13.08,483.6,0.325
2023-04-20,Handysize,Mozambique,13.25,466.1,0.814
2023-04-21,Handysize,Mozambique,13.12,467.6,0.847
2023-04-22,Handysize,Mozambique,13.54,470.1,0.4
2023-04-23,Handysize,Mozambique,13.29,475.9,0.693
2023-04-24,Handysize,Mozambique,13.86,468.2,0.43
2023-04-25,Handysize,Mozambique,13.95,493.6,0.648
2023-04-26,Handysize,Mozambique,14.12,488.3,0.454
2023-04-27,Handysize,Mozambique,14.57,493.0,0.44
2023-04-28,Handysize,Mozambique,14.84,503.6,0.61
2023-04-29,Handysize,Mozambique,14.41,480.4,0.468
2023-04-30,Handysize,Mozambique,14.65,485.3,0.453
2023-05-01,Handysize,Mozambique,14.47,461.8,0.543
2023-05-02,Handysize,Mozambique,14.19,473.4,0.389
2023-05-03,Handysize,Mozambique,13.76,475.2,0.696
2023-05-04,Handysize,Mozambique,13.89,487.3,0.473
2023-05-05,Handysize,Mozambique,14.43,495.7,0.547
2023-05-06,Handysize,Mozambique,14.3,507.8,0.367
2023-05-07,Handysize,Mozambique,14.33,487.9,0.352
2023-05-08,Handysize,Mozambique,13.97,491.3,0.682
2023-05-09,Handysize,Mozambique,13.87,506.7,0.247
2023-05-10,Handysize,Mozambique,14.02,469.4,0.613
2023-05-11,Handysize,Mozambique,14.25,494.3,0.789
2023-05-12,Handysize,Mozambique,14.3,472.1,0.664
2023-05-13,Handysize,Mozambique,14.13,489.0,0.669
2023-05-14,Handysize,Mozambique,13.92,497.1,0.427
2023-05-15,Handysize,Mozambique,13.58,499.7,0.571
2023-05-16,Handysize,Mozambique,13.44,470.8,0.632
2023-05-17,Handysize,Mozambique,13.04,489.1,0.483
2023-05-18,Handysize,Mozambique,13.24,483.8,0.683
2023-05-19,Handysize,Mozambique,13.04,486.8,0.349
2023-05-20,Handysize,Mozambique,13.31,513.0,0.531
2023-05-21,Handysize,Mozambique,13.24,490.0,0.576
2023-05-22,Handysize,Mozambique,13.22,479.7,0.606
2023-05-23,Handysize,Mozambique,13.37,498.3,0.401
2023-05-24,Handysize,Mozambique,13.49,506.0,0.384
2023-05-25,Handysize,Mozambique,13.52,461.0,0.368
2023-05-26,Handysize,Mozambique,13.49,498.2,0.578
2023-05-27,Handysize,Mozambique,13.99,494.7,0.545
2023-05-28,Handysize,Mozambique,14.38,511.5,0.518
2023-05-29,Handysize,Mozambique,14.14,502.8,0.536
2023-05-30,Handysize,Mozambique,14.26,491.9,0.54
2023-05-31,Handysize,Mozambique,14.28,481.7,0.458
2023-06-01,Handysize,Mozambique,14.13,484.2,0.568
2023-06-02,Handysize,Mozambique,13.99,485.0,0.578
2023-06-03,Handysize,Mozambique,13.92,490.5,0.694
2023-06-04,Handysize,Mozambique,13.85,494.7,0.418
2023-06-05,Handysize,Mozambique,14.18,475.8,0.851
2023-06-06,Handysize,Mozambique,14.48,472.2,0.857
2023-06-07,Handysize,Mozambique,14.21,482.2,0.686
2023-06-08,Handysize,Mozambique,14.5,492.1,0.517
2023-06-09,Handysize,Mozambique,15.08,489.2,0.669
2023-06-10,Handysize,Mozambique,14.86,500.5,0.662
2023-06-11,Handysize,Mozambique,15.28,481.5,0.41
2023-06-12,Handysize,Mozambique,15.12,472.5,0.471
2023-06-13,Handysize,Mozambique,15.12,522.7,0.669
2023-06-14,Handysize,Mozambique,14.53,488.6,0.5
2023-06-15,Handysize,Mozambique,14.55,510.3,0.589
2023-06-16,Handysize,Mozambique,14.7,493.5,0.671
2023-06-17,Handysize,Mozambique,15.21,520.4,0.472
2023-06-18,Handysize,Mozambique,14.99,509.7,0.57
2023-06-19,Handysize,Mozambique,14.45,479.1,0.754
2023-06-20,Handysize,Mozambique,15.1,479.8,0.569
2023-06-21,Handysize,Mozambique,14.73,476.1,0.431
2023-06-22,Handysize,Mozambique,14.38,512.1,0.688
2023-06-23,Handysize,Mozambique,14.45,494.6,0.585
2023-06-24,Handysize,Mozambique,14.0,502.7,0.564
2023-06-25,Handysize,Mozambique,13.96,485.1,0.568
2023-06-26,Handysize,Mozambique,13.87,497.7,0.687
2023-06-27,Handysize,Mozambique,13.87,506.8,0.306
2023-06-28,Handysize,Mozambique,14.1,516.9,0.481
2023-06-29,Handysize,Mozambique,13.83,485.2,0.533
2023-06-30,Handysize,Mozambique,13.85,470.0,0.488
2023-07-01,Handysize,Mozambique,14.04,500.4,0.634
2023-07-02,Handysize,Mozambique,13.94,509.8,0.359
2023-07-03,Handysize,Mozambique,13.8,509.4,0.619
2023-07-04,Handysize,Mozambique,14.19,490.1,0.745
2023-07-05,Handysize,Mozambique,14.15,479.6,0.357
2023-07-06,Handysize,Mozambique,14.23,502.8,0.573
2023-07-07,Handysize,Mozambique,14.08,492.0,0.35
2023-07-08,Handysize,Mozambique,14.48,506.6,0.441
2023-07-09,Handysize,Mozambique,13.88,501.0,0.412
2023-07-10,Handysize,Mozambique,13.7,504.0,0.787
2023-07-11,Handysize,Mozambique,13.81,526.2,0.495
2023-07-12,Handysize,Mozambique,13.59,485.3,0.227
2023-07-13,Handysize,Mozambique,13.53,490.5,0.473
2023-07-14,Handysize,Mozambique,13.78,477.0,0.541
2023-07-15,Handysize,Mozambique,13.71,529.7,0.549
2023-07-16,Handysize,Mozambique,13.2,512.9,0.745
2023-07-17,Handysize,Mozambique,12.08,522.9,0.404
2023-07-18,Handysize,Mozambique,11.89,485.7,0.533
2023-07-19,Handysize,Mozambique,12.21,502.5,0.548
2023-07-20,Handysize,Mozambique,12.37,514.4,0.415
2023-07-21,Handysize,Mozambique,12.25,508.1,0.494
2023-07-22,Handysize,Mozambique,12.16,501.8,0.612
2023-07-23,Handysize,Mozambique,12.25,507.7,0.553
2023-07-24,Handysize,Mozambique,11.93,495.4,0.485
2023-07-25,Handysize,Mozambique,12.06,488.4,0.669
2023-07-26,Handysize,Mozambique,12.44,533.3,0.251
2023-07-27,Handysize,Mozambique,12.36,537.7,0.315
2023-07-28,Handysize,Mozambique,12.48,516.9,0.602
2023-07-29,Handysize,Mozambique,12.6,505.3,0.708
2023-07-30,Handysize,Mozambique,12.74,470.2,0.332
2023-07-31,Handysize,Mozambique,12.99,505.6,0.148
2023-08-01,Handysize,Mozambique,12.86,528.1,0.707
2023-08-02,Handysize,Mozambique,12.79,520.1,0.519
2023-08-03,Handysize,Mozambique,13.07,489.4,0.286
2023-08-04,Handysize,Mozambique,12.57,508.8,0.358
2023-08-05,Handysize,Mozambique,12.73,494.4,0.63
2023-08-06,Handysize,Mozambique,12.55,500.5,0.535
2023-08-07,Handysize,Mozambique,12.34,514.3,0.605
2023-08-08,Handysize,Mozambique,12.23,505.4,0.487
2023-08-09,Handysize,Mozambique,11.81,543.5,0.502
2023-08-10,Handysize,Mozambique,11.91,490.2,0.263
2023-08-11,Handysize,Mozambique,11.89,503.9,0.852
2023-08-12,Handysize,Mozambique,12.29,519.4,0.3
2023-08-13,Handysize,Mozambique,12.72,508.5,0.566
2023-08-14,Handysize,Mozambique,12.52,510.6,0.681
2023-08-15,Handysize,Mozambique,12.51,490.6,0.735
2023-08-16,Handysize,Mozambique,12.29,497.8,0.614
2023-08-17,Handysize,Mozambique,12.71,503.7,0.235
2023-08-18,Handysize,Mozambique,12.91,512.4,0.576
2023-08-19,Handysize,Mozambique,13.3,501.0,0.585
2023-08-20,Handysize,Mozambique,13.3,498.3,0.444
2023-08-21,Handysize,Mozambique,13.05,508.1,0.519
2023-08-22,Handysize,Mozambique,13.09,537.3,0.383
2023-08-23,Handysize,Mozambique,13.45,508.8,0.422
2023-08-24,Handysize,Mozambique,13.11,523.6,0.627
2023-08-25,Handysize,Mozambique,13.33,521.3,0.299
2023-08-26,Handysize,Mozambique,13.48,514.8,0.61
2023-08-27,Handysize,Mozambique,13.1,541.0,0.364
2023-08-28,Handysize,Mozambique,13.33,519.0,0.516
2023-08-29,Handysize,Mozambique,12.96,509.8,0.617
2023-08-30,Handysize,Mozambique,13.22,523.9,0.346
2023-08-31,Handysize,Mozambique,13.54,512.1,0.367
2023-09-01,Handysize,Mozambique,13.19,495.7,0.486
2023-09-02,Handysize,Mozambique,13.39,511.2,0.54
2023-09-03,Handysize,Mozambique,13.22,496.7,0.341
2023-09-04,Handysize,Mozambique,13.36,499.4,0.534
2023-09-05,Handysize,Mozambique,13.52,524.2,0.518
2023-09-06,Handysize,Mozambique,13.55,496.7,0.17
2023-09-07,Handysize,Mozambique,13.06,528.9,0.235
2023-09-08,Handysize,Mozambique,12.99,517.7,0.545
2023-09-09,Handysize,Mozambique,12.98,502.6,0.653
2023-09-10,Handysize,Mozambique,12.78,522.1,0.616
2023-09-11,Handysize,Mozambique,12.89,547.7,0.355
2023-09-12,Handysize,Mozambique,13.23,516.4,0.588
2023-09-13,Handysize,Mozambique,13.49,487.1,0.054
2023-09-14,Handysize,Mozambique,13.27,503.0,0.498
2023-09-15,Handysize,Mozambique,13.06,539.5,0.322
2023-09-16,Handysize,Mozambique,12.84,479.4,0.404
2023-09-17,Handysize,Mozambique,12.39,528.9,0.476
2023-09-18,Handysize,Mozambique,12.48,540.7,0.407
2023-09-19,Handysize,Mozambique,12.25,504.9,0.404
2023-09-20,Handysize,Mozambique,12.37,520.2,0.475
2023-09-21,Handysize,Mozambique,12.62,486.6,0.493
2023-09-22,Handysize,Mozambique,12.3,527.0,0.379
2023-09-23,Handysize,Mozambique,12.75,513.9,0.59
2023-09-24,Handysize,Mozambique,12.94,518.5,0.339
2023-09-25,Handysize,Mozambique,13.42,511.3,0.659
2023-09-26,Handysize,Mozambique,13.16,500.8,0.556
2023-09-27,Handysize,Mozambique,12.91,497.2,0.363
2023-09-28,Handysize,Mozambique,12.76,523.6,0.46
2023-09-29,Handysize,Mozambique,12.61,513.7,0.262
2023-09-30,Handysize,Mozambique,12.66,531.3,0.699
2023-10-01,Handysize,Mozambique,12.34,521.8,0.247
2023-10-02,Handysize,Mozambique,12.64,504.0,0.121
2023-10-03,Handysize,Mozambique,12.28,524.2,0.503
2023-10-04,Handysize,Mozambique,11.78,531.1,0.481
2023-10-05,Handysize,Mozambique,11.79,505.6,0.401
2023-10-06,Handysize,Mozambique,12.07,517.3,0.298
2023-10-07,Handysize,Mozambique,12.53,498.6,0.419
2023-10-08,Handysize,Mozambique,12.63,520.4,0.338
2023-10-09,Handysize,Mozambique,12.7,531.9,0.422
2023-10-10,Handysize,Mozambique,12.82,505.2,0.277
2023-10-11,Handysize,Mozambique,12.64,528.2,0.248
2023-10-12,Handysize,Mozambique,12.48,523.8,0.711
2023-10-13,Handysize,Mozambique,12.53,532.3,0.256
2023-10-14,Handysize,Mozambique,12.52,507.7,0.498
2023-10-15,Handysize,Mozambique,12.74,518.1,0.221
2023-10-16,Handysize,Mozambique,13.14,520.6,0.335
2023-10-17,Handysize,Mozambique,13.06,524.1,0.398
2023-10-18,Handysize,Mozambique,12.36,513.8,0.179
2023-10-19,Handysize,Mozambique,12.24,489.0,0.441
2023-10-20,Handysize,Mozambique,12.2,506.1,0.388
2023-10-21,Handysize,Mozambique,12.2,539.9,0.518
2023-10-22,Handysize,Mozambique,12.18,499.3,0.359
2023-10-23,Handysize,Mozambique,11.76,523.4,0.567
2023-10-24,Handysize,Mozambique,11.76,510.5,0.578
2023-10-25,Handysize,Mozambique,12.37,518.3,0.294
2023-10-26,Handysize,Mozambique,12.35,498.6,0.502
2023-10-27,Handysize,Mozambique,12.13,499.1,0.539
2023-10-28,Handysize,Mozambique,12.04,523.2,0.479
2023-10-29,Handysize,Mozambique,11.99,497.2,0.321
2023-10-30,Handysize,Mozambique,11.96,495.2,0.198
2023-10-31,Handysize,Mozambique,12.26,516.7,0.357
2023-11-01,Handysize,Mozambique,12.45,514.3,0.258
2023-11-02,Handysize,Mozambique,12.16,527.3,0.324
2023-11-03,Handysize,Mozambique,12.44,501.2,0.295
2023-11-04,Handysize,Mozambique,12.22,515.7,0.144
2023-11-05,Handysize,Mozambique,12.42,500.4,0.141
2023-11-06,Handysize,Mozambique,12.74,516.3,0.54
2023-11-07,Handysize,Mozambique,12.43,542.7,0.252
2023-11-08,Handysize,Mozambique,12.63,520.1,0.482
2023-11-09,Handysize,Mozambique,12.87,507.1,0.252
2023-11-10,Handysize,Mozambique,12.59,517.3,0.419
2023-11-11,Handysize,Mozambique,12.78,507.2,0.461
2023-11-12,Handysize,Mozambique,12.63,483.3,0.286
2023-11-13,Handysize,Mozambique,12.59,499.9,0.511
2023-11-14,Handysize,Mozambique,12.72,480.5,0.146
2023-11-15,Handysize,Mozambique,12.8,529.0,0.352
2023-11-16,Handysize,Mozambique,13.15,527.8,0.304
2023-11-17,Handysize,Mozambique,13.45,515.9,0.25
2023-11-18,Handysize,Mozambique,13.24,520.8,0.332
2023-11-19,Handysize,Mozambique,12.89,508.7,0.447
2023-11-20,Handysize,Mozambique,13.16,514.7,0.685
2023-11-21,Handysize,Mozambique,12.87,508.1,0.04
2023-11-22,Handysize,Mozambique,13.04,494.3,0.32
2023-11-23,Handysize,Mozambique,12.88,474.4,0.08
2023-11-24,Handysize,Mozambique,12.83,489.7,0.23
2023-11-25,Handysize,Mozambique,12.71,505.2,0.341
2023-11-26,Handysize,Mozambique,12.62,531.9,0.353
2023-11-27,Handysize,Mozambique,12.42,513.8,0.329
2023-11-28,Handysize,Mozambique,12.73,517.6,0.503
2023-11-29,Handysize,Mozambique,12.46,525.5,0.405
2023-11-30,Handysize,Mozambique,12.51,502.0,0.089
2023-12-01,Handysize,Mozambique,12.35,506.2,0.389
2023-12-02,Handysize,Mozambique,12.26,489.2,0.356
2023-12-03,Handysize,Mozambique,12.43,525.1,0.34
2023-12-04,Handysize,Mozambique,12.61,519.9,0.513
2023-12-05,Handysize,Mozambique,12.78,487.1,0.215
2023-12-06,Handysize,Mozambique,13.12,503.7,0.45
2023-12-07,Handysize,Mozambique,13.1,511.1,0.0
2023-12-08,Handysize,Mozambique,13.08,497.2,0.158
2023-12-09,Handysize,Mozambique,13.03,479.4,0.187
2023-12-10,Handysize,Mozambique,12.58,496.6,0.0
2023-12-11,Handysize,Mozambique,12.37,472.0,0.284
2023-12-12,Handysize,Mozambique,12.35,521.6,0.5
2023-12-13,Handysize,Mozambique,12.64,514.1,0.553
2023-12-14,Handysize,Mozambique,12.47,505.5,0.326
2023-12-15,Handysize,Mozambique,12.57,497.7,0.279
2023-12-16,Handysize,Mozambique,12.66,505.9,0.391
2023-12-17,Handysize,Mozambique,13.1,504.6,0.523
2023-12-18,Handysize,Mozambique,13.09,493.6,0.123
2023-12-19,Handysize,Mozambique,12.8,505.5,0.246
2023-12-20,Handysize,Mozambique,13.18,506.8,0.384
2023-12-21,Handysize,Mozambique,13.31,517.0,0.239
2023-12-22,Handysize,Mozambique,13.39,476.5,0.598
2023-12-23,Handysize,Mozambique,13.43,506.2,0.357
2023-12-24,Handysize,Mozambique,13.97,510.2,0.206
2023-12-25,Handysize,Mozambique,14.32,477.9,0.329
2023-12-26,Handysize,Mozambique,13.85,483.6,0.435
2023-12-27,Handysize,Mozambique,13.72,497.1,0.551
2023-12-28,Handysize,Mozambique,13.92,507.1,0.133
2023-12-29,Handysize,Mozambique,13.51,479.8,0.352
2023-12-30,Handysize,Mozambique,13.73,531.6,0.347
2023-12-31,Handysize,Mozambique,13.4,516.9,0.035
2024-01-01,Handysize,Mozambique,13.98,521.1,0.29
2024-01-02,Handysize,Mozambique,13.91,503.0,0.122
2024-01-03,Handysize,Mozambique,13.54,494.4,0.221
2024-01-04,Handysize,Mozambique,13.66,487.5,0.317
2024-01-05,Handysize,Mozambique,13.37,501.8,0.197
2024-01-06,Handysize,Mozambique,13.35,524.9,0.486
2024-01-07,Handysize,Mozambique,13.47,492.6,0.24
2024-01-08,Handysize,Mozambique,13.82,512.0,0.569
2024-01-09,Handysize,Mozambique,13.46,519.8,0.157
2024-01-10,Handysize,Mozambique,13.32,493.4,0.335
2024-01-11,Handysize,Mozambique,13.57,481.8,0.0
2024-01-12,Handysize,Mozambique,13.98,498.9,0.041
2024-01-13,Handysize,Mozambique,13.59,495.4,0.264
2024-01-14,Handysize,Mozambique,13.95,502.2,0.005
2024-01-15,Handysize,Mozambique,14.18,493.1,0.31
2024-01-16,Handysize,Mozambique,14.12,509.0,0.437
2024-01-17,Handysize,Mozambique,14.24,486.7,0.435
2024-01-18,Handysize,Mozambique,14.58,516.2,0.019
2024-01-19,Handysize,Mozambique,14.51,475.5,0.07
2024-01-20,Handysize,Mozambique,14.25,480.0,0.389
2024-01-21,Handysize,Mozambique,14.33,514.9,0.251
2024-01-22,Handysize,Mozambique,14.13,483.1,0.245
2024-01-23,Handysize,Mozambique,14.22,475.5,0.033
2024-01-24,Handysize,Mozambique,14.54,501.9,0.426
2024-01-25,Handysize,Mozambique,14.95,489.4,0.011
2024-01-26,Handysize,Mozambique,14.85,471.0,0.378
2024-01-27,Handysize,Mozambique,14.15,516.1,0.536
2024-01-28,Handysize,Mozambique,14.43,487.1,0.059
2024-01-29,Handysize,Mozambique,13.95,508.9,0.426
2024-01-30,Handysize,Mozambique,14.1,494.5,0.314
2024-01-31,Handysize,Mozambique,13.88,469.1,0.249
2024-02-01,Handysize,Mozambique,13.78,482.6,0.281
2024-02-02,Handysize,Mozambique,13.56,514.4,0.201
2024-02-03,Handysize,Mozambique,13.64,488.7,0.31
2024-02-04,Handysize,Mozambique,14.18,497.0,0.018
2024-02-05,Handysize,Mozambique,14.25,486.5,0.0
2024-02-06,Handysize,Mozambique,14.24,507.5,0.346
2024-02-07,Handysize,Mozambique,14.91,481.5,0.112
2024-02-08,Handysize,Mozambique,14.82,533.1,0.365
2024-02-09,Handysize,Mozambique,14.66,503.3,0.387
2024-02-10,Handysize,Mozambique,14.93,516.2,0.267
2024-02-11,Handysize,Mozambique,15.01,506.2,0.387
2024-02-12,Handysize,Mozambique,15.52,483.3,0.227
2024-02-13,Handysize,Mozambique,16.15,488.2,0.22
2024-02-14,Handysize,Mozambique,15.98,470.4,0.324
2024-02-15,Handysize,Mozambique,15.84,490.1,0.178
2024-02-16,Handysize,Mozambique,16.0,501.1,0.26
2024-02-17,Handysize,Mozambique,16.16,478.7,0.226
2024-02-18,Handysize,Mozambique,16.03,484.3,0.272
2024-02-19,Handysize,Mozambique,16.03,497.6,0.252
2024-02-20,Handysize,Mozambique,16.2,517.9,0.145
2024-02-21,Handysize,Mozambique,16.5,457.9,0.236
2024-02-22,Handysize,Mozambique,16.47,501.4,0.049
2024-02-23,Handysize,Mozambique,16.67,489.0,0.44
2024-02-24,Handysize,Mozambique,16.85,487.0,0.201
2024-02-25,Handysize,Mozambique,16.69,500.7,0.406
2024-02-26,Handysize,Mozambique,16.52,481.4,0.353
2024-02-27,Handysize,Mozambique,16.94,501.2,0.2
2024-02-28,Handysize,Mozambique,16.72,469.9,0.134
2024-02-29,Handysize,Mozambique,16.73,485.7,0.351
2024-03-01,Handysize,Mozambique,16.87,494.2,0.169
2024-03-02,Handysize,Mozambique,17.07,471.0,0.12
2024-03-03,Handysize,Mozambique,16.94,479.0,0.258
2024-03-04,Handysize,Mozambique,16.55,497.4,0.511
2024-03-05,Handysize,Mozambique,16.49,481.0,0.085
2024-03-06,Handysize,Mozambique,16.72,460.0,0.261
2024-03-07,Handysize,Mozambique,16.65,515.1,0.323
2024-03-08,Handysize,Mozambique,16.59,483.7,0.152
2024-03-09,Handysize,Mozambique,16.86,476.6,0.256
2024-03-10,Handysize,Mozambique,16.9,496.5,0.346
2024-03-11,Handysize,Mozambique,17.04,507.8,0.433
2024-03-12,Handysize,Mozambique,16.34,493.0,0.113
2024-03-13,Handysize,Mozambique,16.56,464.2,0.177
2024-03-14,Handysize,Mozambique,16.25,472.6,0.305
2024-03-15,Handysize,Mozambique,16.08,506.4,0.314
2024-03-16,Handysize,Mozambique,15.88,480.2,0.359
2024-03-17,Handysize,Mozambique,16.21,487.5,0.221
2024-03-18,Handysize,Mozambique,15.98,514.5,0.285
2024-03-19,Handysize,Mozambique,16.45,492.8,0.083
2024-03-20,Handysize,Mozambique,16.54,476.2,0.138
2024-03-21,Handysize,Mozambique,16.08,481.0,0.023
2024-03-22,Handysize,Mozambique,16.24,498.6,0.301
2024-03-23,Handysize,Mozambique,15.87,485.7,0.107
2024-03-24,Handysize,Mozambique,15.59,489.9,0.282
2024-03-25,Handysize,Mozambique,14.87,467.9,0.18
2024-03-26,Handysize,Mozambique,14.5,493.6,0.37
2024-03-27,Handysize,Mozambique,14.37,472.7,0.19
2024-03-28,Handysize,Mozambique,14.13,488.6,0.085
2024-03-29,Handysize,Mozambique,14.64,495.2,0.104
2024-03-30,Handysize,Mozambique,15.02,444.5,0.32
2024-03-31,Handysize,Mozambique,14.92,487.8,0.478
2024-04-01,Handysize,Mozambique,14.86,466.2,0.158
2024-04-02,Handysize,Mozambique,15.66,471.9,0.315
2024-04-03,Handysize,Mozambique,15.81,455.2,0.163
2024-04-04,Handysize,Mozambique,15.64,506.3,0.162
2024-04-05,Handysize,Mozambique,15.5,501.6,0.275
2024-04-06,Handysize,Mozambique,15.26,483.4,0.342
2024-04-07,Handysize,Mozambique,15.27,494.1,0.101
2024-04-08,Handysize,Mozambique,14.93,487.0,0.322
2024-04-09,Handysize,Mozambique,14.85,477.7,0.287
2024-04-10,Handysize,Mozambique,14.74,483.9,0.129
2024-04-11,Handysize,Mozambique,14.67,509.0,0.002
2024-04-12,Handysize,Mozambique,14.16,456.7,0.112
2024-04-13,Handysize,Mozambique,14.24,476.2,0.349
2024-04-14,Handysize,Mozambique,14.14,507.3,0.397
2024-04-15,Handysize,Mozambique,13.66,489.5,0.482
2024-04-16,Handysize,Mozambique,13.52,474.2,0.431
2024-04-17,Handysize,Mozambique,13.56,485.7,0.472
2024-04-18,Handysize,Mozambique,13.81,489.0,0.061
2024-04-19,Handysize,Mozambique,13.99,451.3,0.309
2024-04-20,Handysize,Mozambique,14.07,476.0,0.215
2024-04-21,Handysize,Mozambique,13.88,481.2,0.413
2024-04-22,Handysize,Mozambique,13.89,487.7,0.429
2024-04-23,Handysize,Mozambique,14.07,504.2,0.338
2024-04-24,Handysize,Mozambique,13.72,472.4,0.169
2024-04-25,Handysize,Mozambique,13.85,502.2,0.0
2024-04-26,Handysize,Mozambique,14.3,463.5,0.334
2024-04-27,Handysize,Mozambique,14.4,477.8,0.329
2024-04-28,Handysize,Mozambique,14.13,482.7,0.124
2024-04-29,Handysize,Mozambique,14.24,472.9,0.455
2024-04-30,Handysize,Mozambique,14.17,487.3,0.242
2024-05-01,Handysize,Mozambique,14.41,465.0,0.472
2024-05-02,Handysize,Mozambique,14.4,475.2,0.327
2024-05-03,Handysize,Mozambique,14.7,482.7,0.209
2024-05-04,Handysize,Mozambique,14.79,476.9,0.312
2024-05-05,Handysize,Mozambique,14.87,468.1,0.217
2024-05-06,Handysize,Mozambique,14.78,460.1,0.165
2024-05-07,Handysize,Mozambique,14.89,485.1,0.595
2024-05-08,Handysize,Mozambique,15.08,449.7,0.226
2024-05-09,Handysize,Mozambique,15.1,462.4,0.267
2024-05-10,Handysize,Mozambique,14.57,455.5,0.166
2024-05-11,Handysize,Mozambique,14.89,460.3,0.61
2024-05-12,Handysize,Mozambique,14.31,471.4,0.328
2024-05-13,Handysize,Mozambique,14.2,475.7,0.157
2024-05-14,Handysize,Mozambique,14.27,443.5,0.406
2024-05-15,Handysize,Mozambique,14.62,457.8,0.091
2024-05-16,Handysize,Mozambique,14.4,453.2,0.258
2024-05-17,Handysize,Mozambique,14.55,459.8,0.27
2024-05-18,Handysize,Mozambique,14.3,473.7,0.044
2024-05-19,Handysize,Mozambique,14.51,453.7,0.192
2024-05-20,Handysize,Mozambique,14.11,483.0,0.224
2024-05-21,Handysize,Mozambique,14.14,464.0,0.075
2024-05-22,Handysize,Mozambique,14.29,465.0,0.344
2024-05-23,Handysize,Mozambique,14.21,462.0,0.498
2024-05-24,Handysize,Mozambique,14.09,484.2,0.013
2024-05-25,Handysize,Mozambique,14.03,462.5,0.307
2024-05-26,Handysize,Mozambique,13.76,447.7,0.359
2024-05-27,Handysize,Mozambique,13.86,470.5,0.383
2024-05-28,Handysize,Mozambique,13.61,433.2,0.321
2024-05-29,Handysize,Mozambique,13.52,481.9,0.491
2024-05-30,Handysize,Mozambique,12.98,480.1,0.169
2024-05-31,Handysize,Mozambique,13.29,458.3,0.287
2024-06-01,Handysize,Mozambique,12.83,471.4,0.304
2024-06-02,Handysize,Mozambique,13.04,511.6,0.265
2024-06-03,Handysize,Mozambique,12.73,456.6,0.061
2024-06-04,Handysize,Mozambique,12.7,450.8,0.071
2024-06-05,Handysize,Mozambique,12.74,448.9,0.488
2024-06-06,Handysize,Mozambique,12.79,443.0,0.356
2024-06-07,Handysize,Mozambique,13.15,465.9,0.237
2024-06-08,Handysize,Mozambique,13.39,470.8,0.464
2024-06-09,Handysize,Mozambique,13.54,486.7,0.128
2024-06-10,Handysize,Mozambique,13.76,434.7,0.258
2024-06-11,Handysize,Mozambique,13.66,464.7,0.334
2024-06-12,Handysize,Mozambique,13.36,441.1,0.518
2024-06-13,Handysize,Mozambique,13.22,469.1,0.241
2024-06-14,Handysize,Mozambique,12.96,464.4,0.344
2024-06-15,Handysize,Mozambique,12.41,439.1,0.377
2024-06-16,Handysize,Mozambique,12.55,454.7,0.244
2024-06-17,Handysize,Mozambique,12.61,451.6,0.259
2024-06-18,Handysize,Mozambique,12.81,476.1,0.279
2024-06-19,Handysize,Mozambique,12.71,468.0,0.1
2024-06-20,Handysize,Mozambique,12.93,453.0,0.193
2024-06-21,Handysize,Mozambique,13.0,454.7,0.144
2024-06-22,Handysize,Mozambique,12.78,437.2,0.377
2024-06-23,Handysize,Mozambique,12.79,433.8,0.199
2024-06-24,Handysize,Mozambique,12.54,463.1,0.367
2024-06-25,Handysize,Mozambique,12.06,457.8,0.387
2024-06-26,Handysize,Mozambique,11.72,452.3,0.274
2024-06-27,Handysize,Mozambique,11.51,442.9,0.449
2024-06-28,Handysize,Mozambique,11.53,461.1,0.405
2024-06-29,Handysize,Mozambique,11.58,473.6,0.327
2024-06-30,Handysize,Mozambique,11.32,461.0,0.179
2024-07-01,Handysize,Mozambique,10.94,465.3,0.457
2024-07-02,Handysize,Mozambique,10.98,450.2,0.317
2024-07-03,Handysize,Mozambique,11.45,462.5,0.536
2024-07-04,Handysize,Mozambique,11.65,458.9,0.537
2024-07-05,Handysize,Mozambique,11.55,483.5,0.511
2024-07-06,Handysize,Mozambique,11.49,461.1,0.511
2024-07-07,Handysize,Mozambique,11.22,448.3,0.375
2024-07-08,Handysize,Mozambique,11.55,466.2,0.339
2024-07-09,Handysize,Mozambique,11.46,438.0,0.355
2024-07-10,Handysize,Mozambique,11.72,470.2,0.526
2024-07-11,Handysize,Mozambique,11.41,433.0,0.209
2024-07-12,Handysize,Mozambique,11.63,433.8,0.364
2024-07-13,Handysize,Mozambique,11.98,447.3,0.405
2024-07-14,Handysize,Mozambique,11.7,439.5,0.306
2024-07-15,Handysize,Mozambique,11.67,424.7,0.465
2024-07-16,Handysize,Mozambique,12.07,433.8,0.503
2024-07-17,Handysize,Mozambique,12.04,434.2,0.505
2024-07-18,Handysize,Mozambique,11.66,457.7,0.022
2024-07-19,Handysize,Mozambique,11.52,469.3,0.522
2024-07-20,Handysize,Mozambique,11.81,485.4,0.443
2024-07-21,Handysize,Mozambique,12.21,459.8,0.313
2024-07-22,Handysize,Mozambique,12.31,418.3,0.312
2024-07-23,Handysize,Mozambique,12.36,462.3,0.356
2024-07-24,Handysize,Mozambique,12.63,468.0,0.29
2024-07-25,Handysize,Mozambique,12.98,458.7,0.422
2024-07-26,Handysize,Mozambique,13.37,452.1,0.62
2024-07-27,Handysize,Mozambique,13.12,458.8,0.186
2024-07-28,Handysize,Mozambique,13.72,425.5,0.57
2024-07-29,Handysize,Mozambique,13.88,453.4,0.395
2024-07-30,Handysize,Mozambique,14.01,461.2,0.431
2024-07-31,Handysize,Mozambique,14.43,416.8,0.383
2024-08-01,Handysize,Mozambique,14.11,460.2,0.3
2024-08-02,Handysize,Mozambique,14.46,440.2,0.359
2024-08-03,Handysize,Mozambique,14.01,449.4,0.382
2024-08-04,Handysize,Mozambique,14.09,437.7,0.237
2024-08-05,Handysize,Mozambique,14.3,433.1,0.652
2024-08-06,Handysize,Mozambique,14.05,453.9,0.63
2024-08-07,Handysize,Mozambique,14.37,440.7,0.424
2024-08-08,Handysize,Mozambique,13.85,446.1,0.378
2024-08-09,Handysize,Mozambique,13.3,446.6,0.377
2024-08-10,Handysize,Mozambique,13.28,429.6,0.609
2024-08-11,Handysize,Mozambique,13.18,421.2,0.42
2024-08-12,Handysize,Mozambique,13.08,419.3,0.213
2024-08-13,Handysize,Mozambique,13.12,438.8,0.243
2024-08-14,Handysize,Mozambique,13.17,445.0,0.6
2024-08-15,Handysize,Mozambique,12.96,427.6,0.441
2024-08-16,Handysize,Mozambique,12.49,470.2,0.344
2024-08-17,Handysize,Mozambique,12.85,433.7,0.293
2024-08-18,Handysize,Mozambique,13.05,441.5,0.408
2024-08-19,Handysize,Mozambique,13.17,443.0,0.282
2024-08-20,Handysize,Mozambique,13.46,434.5,0.51
2024-08-21,Handysize,Mozambique,13.43,417.3,0.636
2024-08-22,Handysize,Mozambique,13.68,423.3,0.422
2024-08-23,Handysize,Mozambique,13.55,453.6,0.243
2024-08-24,Handysize,Mozambique,13.32,441.6,0.545
2024-08-25,Handysize,Mozambique,13.1,443.9,0.34
2024-08-26,Handysize,Mozambique,12.99,445.3,0.505
2024-08-27,Handysize,Mozambique,13.05,421.5,0.406
2024-08-28,Handysize,Mozambique,13.05,460.3,0.546
2024-08-29,Handysize,Mozambique,13.4,435.6,0.696
2024-08-30,Handysize,Mozambique,13.16,450.3,0.272
2024-08-31,Handysize,Mozambique,12.91,439.0,0.594
2024-09-01,Handysize,Mozambique,12.98,418.3,0.211
2024-09-02,Handysize,Mozambique,13.22,459.4,0.393
2024-09-03,Handysize,Mozambique,13.16,420.5,0.499
2024-09-04,Handysize,Mozambique,13.31,422.9,0.504
2024-09-05,Handysize,Mozambique,13.55,444.8,0.424
2024-09-06,Handysize,Mozambique,13.16,423.6,0.518
2024-09-07,Handysize,Mozambique,13.44,443.4,0.64
2024-09-08,Handysize,Mozambique,13.81,402.8,0.495
2024-09-09,Handysize,Mozambique,14.03,417.5,0.617
2024-09-10,Handysize,Mozambique,13.8,437.4,0.411
2024-09-11,Handysize,Mozambique,12.94,424.8,0.319
2024-09-12,Handysize,Mozambique,13.49,432.0,0.427
2024-09-13,Handysize,Mozambique,13.64,463.9,0.75
2024-09-14,Handysize,Mozambique,13.2,416.4,0.428
2024-09-15,Handysize,Mozambique,13.32,473.5,0.693
2024-09-16,Handysize,Mozambique,13.34,427.7,0.563
2024-09-17,Handysize,Mozambique,13.66,422.2,0.515
2024-09-18,Handysize,Mozambique,14.14,427.6,0.501
2024-09-19,Handysize,Mozambique,13.93,418.2,0.267
2024-09-20,Handysize,Mozambique,14.19,429.0,0.184
2024-09-21,Handysize,Mozambique,13.94,414.5,0.881
2024-09-22,Handysize,Mozambique,13.75,445.0,0.709
2024-09-23,Handysize,Mozambique,13.56,425.6,0.66
2024-09-24,Handysize,Mozambique,13.32,441.7,0.611
2024-09-25,Handysize,Mozambique,13.29,411.2,0.334
2024-09-26,Handysize,Mozambique,12.88,417.7,0.46
2024-09-27,Handysize,Mozambique,13.27,387.7,0.556
2024-09-28,Handysize,Mozambique,13.57,448.1,0.267
2024-09-29,Handysize,Mozambique,13.68,423.5,0.347
2024-09-30,Handysize,Mozambique,13.24,422.5,0.68
2024-10-01,Handysize,Mozambique,13.48,432.6,0.536
2024-10-02,Handysize,Mozambique,13.19,394.6,0.63
2024-10-03,Handysize,Mozambique,12.52,414.2,0.676
2024-10-04,Handysize,Mozambique,12.54,411.4,0.594
2024-10-05,Handysize,Mozambique,12.81,419.8,0.365
2024-10-06,Handysize,Mozambique,12.82,441.8,0.613
2024-10-07,Handysize,Mozambique,11.96,411.6,0.396
2024-10-08,Handysize,Mozambique,11.72,419.4,0.37
2024-10-09,Handysize,Mozambique,12.02,413.3,0.396
2024-10-10,Handysize,Mozambique,11.92,445.6,0.598
2024-10-11,Handysize,Mozambique,12.19,404.5,0.59
2024-10-12,Handysize,Mozambique,12.64,427.3,0.271
2024-10-13,Handysize,Mozambique,13.21,413.5,0.257
2024-10-14,Handysize,Mozambique,13.4,418.5,0.16
2024-10-15,Handysize,Mozambique,12.97,436.2,0.44
2024-10-16,Handysize,Mozambique,12.85,438.0,0.603
2024-10-17,Handysize,Mozambique,12.93,422.3,0.421
2024-10-18,Handysize,Mozambique,14.0,433.0,0.416
2024-10-19,Handysize,Mozambique,14.69,424.7,0.467
2024-10-20,Handysize,Mozambique,14.64,423.2,0.561
2024-10-21,Handysize,Mozambique,14.51,411.1,0.618
2024-10-22,Handysize,Mozambique,14.06,424.9,0.428
2024-10-23,Handysize,Mozambique,13.7,440.1,0.538
2024-10-24,Handysize,Mozambique,13.38,401.6,0.481
2024-10-25,Handysize,Mozambique,13.39,417.4,0.491
2024-10-26,Handysize,Mozambique,14.21,422.5,0.301
2024-10-27,Handysize,Mozambique,14.25,414.8,0.598
2024-10-28,Handysize,Mozambique,13.82,414.4,0.85
2024-10-29,Handysize,Mozambique,13.85,406.5,0.604
2024-10-30,Handysize,Mozambique,13.24,411.8,0.708
2024-10-31,Handysize,Mozambique,13.6,396.3,0.418
2024-11-01,Handysize,Mozambique,14.3,419.7,0.471
2024-11-02,Handysize,Mozambique,14.99,446.0,0.563
2024-11-03,Handysize,Mozambique,15.22,441.5,0.548
2024-11-04,Handysize,Mozambique,14.83,399.5,0.311
2024-11-05,Handysize,Mozambique,14.73,413.4,0.726
2024-11-06,Handysize,Mozambique,14.42,422.8,0.528
2024-11-07,Handysize,Mozambique,14.43,414.2,0.642
2024-11-08,Handysize,Mozambique,14.06,409.7,0.666
2024-11-09,Handysize,Mozambique,14.24,411.4,0.437
2024-11-10,Handysize,Mozambique,14.53,435.1,0.351
2024-11-11,Handysize,Mozambique,14.12,406.2,0.612
2024-11-12,Handysize,Mozambique,14.43,419.4,0.45
2024-11-13,Handysize,Mozambique,14.5,418.8,0.367
2024-11-14,Handysize,Mozambique,13.97,431.8,0.455
2024-11-15,Handysize,Mozambique,13.47,445.3,0.643
2024-11-16,Handysize,Mozambique,13.05,408.7,0.653
2024-11-17,Handysize,Mozambique,13.36,431.3,0.782
2024-11-18,Handysize,Mozambique,12.82,407.2,0.581
2024-11-19,Handysize,Mozambique,13.57,419.6,0.68
2024-11-20,Handysize,Mozambique,13.78,425.0,0.824
2024-11-21,Handysize,Mozambique,13.55,399.2,0.517
2024-11-22,Handysize,Mozambique,13.35,389.9,0.587
2024-11-23,Handysize,Mozambique,13.38,424.5,0.646
2024-11-24,Handysize,Mozambique,12.84,412.8,0.581
2024-11-25,Handysize,Mozambique,12.61,406.2,0.817
2024-11-26,Handysize,Mozambique,13.32,438.0,0.466
2024-11-27,Handysize,Mozambique,13.48,392.0,0.478
2024-11-28,Handysize,Mozambique,14.7,407.9,0.362
2024-11-29,Handysize,Mozambique,13.66,371.6,0.43
2024-11-30,Handysize,Mozambique,13.01,408.2,0.563
2024-12-01,Handysize,Mozambique,12.27,385.3,0.736
2024-12-02,Handysize,Mozambique,12.43,413.3,0.425
2024-12-03,Handysize,Mozambique,12.08,422.0,0.634
2024-12-04,Handysize,Mozambique,11.44,409.2,0.496
2024-12-05,Handysize,Mozambique,11.2,414.4,0.521
2024-12-06,Handysize,Mozambique,11.39,437.5,0.252
2024-12-07,Handysize,Mozambique,11.16,399.2,0.314
2024-12-08,Handysize,Mozambique,11.16,417.6,0.488
2024-12-09,Handysize,Mozambique,10.82,390.0,0.779
2024-12-10,Handysize,Mozambique,10.43,392.0,0.605
2024-12-11,Handysize,Mozambique,10.23,419.5,0.632
2024-12-12,Handysize,Mozambique,11.0,410.0,0.752
2024-12-13,Handysize,Mozambique,11.11,390.2,0.832
2024-12-14,Handysize,Mozambique,11.32,376.2,0.342
2024-12-15,Handysize,Mozambique,11.31,410.7,0.741
2024-12-16,Handysize,Mozambique,11.09,419.5,0.344
2024-12-17,Handysize,Mozambique,11.16,376.7,0.411
2024-12-18,Handysize,Mozambique,11.22,404.4,0.433
2024-12-19,Handysize,Mozambique,11.69,361.7,0.506
2024-12-20,Handysize,Mozambique,11.17,429.3,0.543
2024-12-21,Handysize,Mozambique,10.92,392.1,0.478
2024-12-22,Handysize,Mozambique,11.17,397.4,0.448
2024-12-23,Handysize,Mozambique,11.41,412.4,0.326
2024-12-24,Handysize,Mozambique,11.65,441.9,0.635
2024-12-25,Handysize,Mozambique,11.74,410.6,0.484
2024-12-26,Handysize,Mozambique,11.74,417.1,0.475
2024-12-27,Handysize,Mozambique,12.31,421.8,0.703
2024-12-28,Handysize,Mozambique,12.85,413.1,0.592
2024-12-29,Handysize,Mozambique,12.58,397.4,0.575
2024-12-30,Handysize,Mozambique,12.57,395.7,0.49
2024-12-31,Handysize,Mozambique,12.63,404.5,0.787
2025-01-01,Handysize,Mozambique,12.62,402.1,0.381
2025-01-02,Handysize,Mozambique,12.52,406.0,0.731
2025-01-03,Handysize,Mozambique,13.2,379.4,0.578
2025-01-04,Handysize,Mozambique,13.41,402.5,0.44
2025-01-05,Handysize,Mozambique,13.0,392.1,0.313
2025-01-06,Handysize,Mozambique,13.11,415.8,0.571
2025-01-07,Handysize,Mozambique,12.77,403.5,0.711
2025-01-08,Handysize,Mozambique,13.19,406.0,0.786
2025-01-09,Handysize,Mozambique,13.58,385.3,0.717
2025-01-10,Handysize,Mozambique,13.01,413.3,0.725
2025-01-11,Handysize,Mozambique,12.82,403.7,0.504
2025-01-12,Handysize,Mozambique,12.36,397.6,0.485
2025-01-13,Handysize,Mozambique,12.37,385.5,0.617
2025-01-14,Handysize,Mozambique,12.82,397.1,0.714
2025-01-15,Handysize,Mozambique,11.98,383.6,0.385
2025-01-16,Handysize,Mozambique,12.38,391.5,0.55
2025-01-17,Handysize,Mozambique,12.83,390.4,0.463
2025-01-18,Handysize,Mozambique,12.65,367.6,0.523
2025-01-19,Handysize,Mozambique,12.62,407.2,0.669
2025-01-20,Handysize,Mozambique,13.9,406.4,0.404
2025-01-21,Handysize,Mozambique,14.26,401.7,0.369
2025-01-22,Handysize,Mozambique,13.5,406.7,0.437
2025-01-23,Handysize,Mozambique,13.06,426.6,0.58
2025-01-24,Handysize,Mozambique,13.1,389.8,0.502
2025-01-25,Handysize,Mozambique,12.79,412.6,0.528
2025-01-26,Handysize,Mozambique,13.19,402.2,0.675
2025-01-27,Handysize,Mozambique,13.47,424.1,0.557
2025-01-28,Handysize,Mozambique,13.69,400.1,0.704
2025-01-29,Handysize,Mozambique,13.56,412.9,0.466
2025-01-30,Handysize,Mozambique,13.96,371.6,0.83
2025-01-31,Handysize,Mozambique,14.19,411.5,0.501
2025-02-01,Handysize,Mozambique,14.15,418.8,0.521
2025-02-02,Handysize,Mozambique,13.98,405.8,0.656
2025-02-03,Handysize,Mozambique,14.64,406.0,0.693
2025-02-04,Handysize,Mozambique,14.57,406.8,0.617
2025-02-05,Handysize,Mozambique,14.8,372.8,0.461
2025-02-06,Handysize,Mozambique,14.8,401.7,0.692
2025-02-07,Handysize,Mozambique,15.15,383.7,0.445
2025-02-08,Handysize,Mozambique,15.69,401.9,0.452
2025-02-09,Handysize,Mozambique,15.73,393.1,0.438
2025-02-10,Handysize,Mozambique,14.57,404.9,0.811
2025-02-11,Handysize,Mozambique,14.98,369.8,0.663
2025-02-12,Handysize,Mozambique,14.66,399.7,0.709
2025-02-13,Handysize,Mozambique,14.53,399.0,0.548
2025-02-14,Handysize,Mozambique,14.21,405.6,0.32
2025-02-15,Handysize,Mozambique,14.33,407.8,0.407
2025-02-16,Handysize,Mozambique,14.05,381.6,0.76
2025-02-17,Handysize,Mozambique,14.19,381.3,0.405
2025-02-18,Handysize,Mozambique,14.19,407.7,0.812
2025-02-19,Handysize,Mozambique,14.21,366.5,0.334
2025-02-20,Handysize,Mozambique,14.37,373.8,0.491
2025-02-21,Handysize,Mozambique,14.25,363.8,0.686
2025-02-22,Handysize,Mozambique,13.89,390.1,0.314
2025-02-23,Handysize,Mozambique,14.27,387.1,0.452
2025-02-24,Handysize,Mozambique,14.44,367.6,0.45
2025-02-25,Handysize,Mozambique,14.4,390.2,0.835
2025-02-26,Handysize,Mozambique,14.45,394.9,0.664
2025-02-27,Handysize,Mozambique,14.92,412.2,0.409
2025-02-28,Handysize,Mozambique,14.89,398.7,0.644
2025-03-01,Handysize,Mozambique,14.8,395.2,0.64
2025-03-02,Handysize,Mozambique,15.59,389.4,0.328
2025-03-03,Handysize,Mozambique,15.02,408.3,0.507
2025-03-04,Handysize,Mozambique,14.93,396.5,0.557
2025-03-05,Handysize,Mozambique,14.74,384.0,0.298
2025-03-06,Handysize,Mozambique,14.56,369.5,0.633
2025-03-07,Handysize,Mozambique,14.62,399.8,0.606
2025-03-08,Handysize,Mozambique,14.85,407.0,0.313
2025-03-09,Handysize,Mozambique,14.76,397.9,0.454
2025-03-10,Handysize,Mozambique,14.6,384.2,0.413
2025-03-11,Handysize,Mozambique,14.36,408.7,0.393
2025-03-12,Handysize,Mozambique,13.77,431.5,0.547
2025-03-13,Handysize,Mozambique,14.09,406.6,0.306
2025-03-14,Handysize,Mozambique,14.06,401.4,0.66
2025-03-15,Handysize,Mozambique,14.27,373.3,0.561
2025-03-16,Handysize,Mozambique,14.22,388.5,0.202
2025-03-17,Handysize,Mozambique,14.33,360.6,0.636
2025-03-18,Handysize,Mozambique,14.56,404.2,0.486
2025-03-19,Handysize,Mozambique,14.13,421.9,0.315
2025-03-20,Handysize,Mozambique,14.18,409.1,0.442
2025-03-21,Handysize,Mozambique,13.75,408.0,0.383
2025-03-22,Handysize,Mozambique,13.5,383.9,0.22
2025-03-23,Handysize,Mozambique,13.65,395.7,0.305
2025-03-24,Handysize,Mozambique,14.03,387.9,0.422
2025-03-25,Handysize,Mozambique,14.01,387.7,0.42
2025-03-26,Handysize,Mozambique,13.98,389.6,0.37
2025-03-27,Handysize,Mozambique,14.19,393.2,0.508
2025-03-28,Handysize,Mozambique,14.42,385.9,0.414
2025-03-29,Handysize,Mozambique,14.64,384.5,0.506
2025-03-30,Handysize,Mozambique,13.91,392.0,0.52
2025-03-31,Handysize,Mozambique,13.94,386.8,0.377
2025-04-01,Handysize,Mozambique,14.09,402.6,0.189
2025-04-02,Handysize,Mozambique,14.04,373.9,0.382
2025-04-03,Handysize,Mozambique,14.0,392.5,0.384
2025-04-04,Handysize,Mozambique,14.16,374.8,0.173
2025-04-05,Handysize,Mozambique,14.35,399.0,0.379
2025-04-06,Handysize,Mozambique,14.56,378.1,0.57
2025-04-07,Handysize,Mozambique,14.46,389.5,0.709
2025-04-08,Handysize,Mozambique,14.0,379.7,0.544
2025-04-09,Handysize,Mozambique,13.92,354.0,0.813
2025-04-10,Handysize,Mozambique,13.91,363.8,0.253
2025-04-11,Handysize,Mozambique,13.82,394.8,0.392
2025-04-12,Handysize,Mozambique,13.63,393.4,0.648
2025-04-13,Handysize,Mozambique,13.72,382.7,0.409
2025-04-14,Handysize,Mozambique,13.88,362.9,0.395
2025-04-15,Handysize,Mozambique,14.0,406.3,0.521
2025-04-16,Handysize,Mozambique,13.9,373.7,0.477
2025-04-17,Handysize,Mozambique,14.02,376.2,0.27
2025-04-18,Handysize,Mozambique,14.52,414.1,0.2
2025-04-19,Handysize,Mozambique,14.16,368.6,0.317
2025-04-20,Handysize,Mozambique,14.48,399.0,0.751
2025-04-21,Handysize,Mozambique,14.63,379.3,0.397
2025-04-22,Handysize,Mozambique,14.48,409.6,0.614
2025-04-23,Handysize,Mozambique,14.04,377.7,0.479
2025-04-24,Handysize,Mozambique,14.69,412.8,0.236
2025-04-25,Handysize,Mozambique,14.73,391.7,0.618
2025-04-26,Handysize,Mozambique,14.66,376.3,0.589
2025-04-27,Handysize,Mozambique,14.29,399.1,0.338
2025-04-28,Handysize,Mozambique,14.36,407.0,0.364
2025-04-29,Handysize,Mozambique,13.64,377.4,0.325
2025-04-30,Handysize,Mozambique,13.79,399.9,0.129
2025-05-01,Handysize,Mozambique,13.76,391.2,0.317
2025-05-02,Handysize,Mozambique,13.74,396.4,0.659
2025-05-03,Handysize,Mozambique,13.84,393.1,0.164
2025-05-04,Handysize,Mozambique,14.27,377.2,0.577
2025-05-05,Handysize,Mozambique,14.46,369.0,0.618
2025-05-06,Handysize,Mozambique,14.57,387.8,0.396
2025-05-07,Handysize,Mozambique,14.79,383.4,0.103
2025-05-08,Handysize,Mozambique,14.4,384.3,0.156
2025-05-09,Handysize,Mozambique,14.42,401.9,0.351
2025-05-10,Handysize,Mozambique,14.5,372.2,0.432
2025-05-11,Handysize,Mozambique,14.84,391.8,0.316
2025-05-12,Handysize,Mozambique,15.14,372.8,0.497
2025-05-13,Handysize,Mozambique,15.01,378.4,0.482
2025-05-14,Handysize,Mozambique,15.07,397.0,0.455
2025-05-15,Handysize,Mozambique,15.14,356.2,0.0
2025-05-16,Handysize,Mozambique,15.18,387.5,0.664
2025-05-17,Handysize,Mozambique,14.96,414.8,0.264
2025-05-18,Handysize,Mozambique,14.93,393.8,0.513
2025-05-19,Handysize,Mozambique,14.91,371.5,0.476
2025-05-20,Handysize,Mozambique,15.04,395.3,0.207
2025-05-21,Handysize,Mozambique,14.79,393.0,0.313
2025-05-22,Handysize,Mozambique,14.95,386.1,0.694
2025-05-23,Handysize,Mozambique,14.89,406.5,0.323
2025-05-24,Handysize,Mozambique,14.4,376.3,0.288
2025-05-25,Handysize,Mozambique,14.15,393.0,0.398
2025-05-26,Handysize,Mozambique,13.66,393.3,0.432
2025-05-27,Handysize,Mozambique,13.51,365.2,0.511
2025-05-28,Handysize,Mozambique,13.26,390.6,0.291
2025-05-29,Handysize,Mozambique,13.42,398.4,0.095
2025-05-30,Handysize,Mozambique,13.67,390.3,0.264
2025-05-31,Handysize,Mozambique,13.36,402.6,0.37
2025-06-01,Handysize,Mozambique,13.27,382.6,0.425
2025-06-02,Handysize,Mozambique,12.94,397.0,0.073
2025-06-03,Handysize,Mozambique,12.65,393.2,0.323
2025-06-04,Handysize,Mozambique,12.7,407.6,0.239
2025-06-05,Handysize,Mozambique,12.35,408.9,0.647
2025-06-06,Handysize,Mozambique,12.37,380.9,0.356
2025-06-07,Handysize,Mozambique,12.27,392.2,0.214
2025-06-08,Handysize,Mozambique,12.07,427.6,0.491
2025-06-09,Handysize,Mozambique,12.25,388.9,0.434
2025-06-10,Handysize,Mozambique,12.31,375.9,0.537
2025-06-11,Handysize,Mozambique,12.93,394.9,0.072
2025-06-12,Handysize,Mozambique,12.44,419.7,0.222
2025-06-13,Handysize,Mozambique,12.33,404.2,0.364
2025-06-14,Handysize,Mozambique,12.24,395.4,0.086
2025-06-15,Handysize,Mozambique,12.27,401.4,0.325
2025-06-16,Handysize,Mozambique,11.93,406.0,0.392
2025-06-17,Handysize,Mozambique,12.01,399.0,0.192
2025-06-18,Handysize,Mozambique,12.36,407.1,0.378
2025-06-19,Handysize,Mozambique,12.23,379.1,0.584
2025-06-20,Handysize,Mozambique,11.58,410.7,0.341
2025-06-21,Handysize,Mozambique,11.79,387.7,0.621
2025-06-22,Handysize,Mozambique,12.19,372.0,0.348
2025-06-23,Handysize,Mozambique,11.89,388.0,0.267
2025-06-24,Handysize,Mozambique,11.99,417.3,0.253
2025-06-25,Handysize,Mozambique,12.22,375.4,0.288
2025-06-26,Handysize,Mozambique,12.19,405.7,0.389
2025-06-27,Handysize,Mozambique,12.26,401.9,0.137
2025-06-28,Handysize,Mozambique,12.12,394.9,0.164
2025-06-29,Handysize,Mozambique,12.35,373.7,0.329
2025-06-30,Handysize,Mozambique,12.31,411.2,0.44
2025-07-01,Handysize,Mozambique,12.23,398.1,0.464
2025-07-02,Handysize,Mozambique,11.91,387.4,0.329
2025-07-03,Handysize,Mozambique,12.21,404.7,0.621
2025-07-04,Handysize,Mozambique,11.99,410.5,0.277
2025-07-05,Handysize,Mozambique,12.26,366.5,0.379
2025-07-06,Handysize,Mozambique,12.09,392.5,0.586
2025-07-07,Handysize,Mozambique,12.09,359.1,0.329
2025-07-08,Handysize,Mozambique,11.92,383.5,0.156
2025-07-09,Handysize,Mozambique,11.96,409.4,0.281
2025-07-10,Handysize,Mozambique,12.24,398.9,0.076
2025-07-11,Handysize,Mozambique,12.79,371.1,0.046
2025-07-12,Handysize,Mozambique,13.09,392.7,0.612
2025-07-13,Handysize,Mozambique,13.08,397.3,0.117
2025-07-14,Handysize,Mozambique,12.94,397.6,0.056
2025-07-15,Handysize,Mozambique,13.6,378.3,0.174
2025-07-16,Handysize,Mozambique,13.51,370.2,0.252
2025-07-17,Handysize,Mozambique,13.74,392.2,0.235
2025-07-18,Handysize,Mozambique,13.48,382.1,0.25
2025-07-19,Handysize,Mozambique,13.09,386.5,0.349
2025-07-20,Handysize,Mozambique,13.08,411.2,0.412
2025-07-21,Handysize,Mozambique,13.4,377.3,0.128
2025-07-22,Handysize,Mozambique,13.8,380.7,0.388
2025-07-23,Handysize,Mozambique,13.69,388.2,0.303
2025-07-24,Handysize,Mozambique,13.42,417.5,0.169
2025-07-25,Handysize,Mozambique,12.84,375.3,0.346
2025-07-26,Handysize,Mozambique,12.78,414.1,0.141
2025-07-27,Handysize,Mozambique,12.72,381.3,0.174
2025-07-28,Handysize,Mozambique,13.05,373.8,0.095
2025-07-29,Handysize,Mozambique,13.38,396.4,0.239
2025-07-30,Handysize,Mozambique,13.21,425.2,0.559
2025-07-31,Handysize,Mozambique,13.2,370.9,0.137
2025-08-01,Handysize,Mozambique,12.96,404.9,0.183
2025-08-02,Handysize,Mozambique,12.4,407.9,0.345
2025-08-03,Handysize,Mozambique,12.53,369.1,0.393
2025-08-04,Handysize,Mozambique,12.48,394.8,0.181
2025-08-05,Handysize,Mozambique,12.32,383.4,0.285
2025-08-06,Handysize,Mozambique,12.47,393.4,0.397
2025-08-07,Handysize,Mozambique,12.27,385.6,0.173
2025-08-08,Handysize,Mozambique,12.36,415.0,0.322
2025-08-09,Handysize,Mozambique,12.3,365.6,0.463
2025-08-10,Handysize,Mozambique,11.7,415.1,0.233
2025-08-11,Handysize,Mozambique,11.93,403.7,0.335
2025-08-12,Handysize,Mozambique,11.88,406.8,0.195
2025-08-13,Handysize,Mozambique,11.62,414.5,0.024
2025-08-14,Handysize,Mozambique,11.3,421.7,0.276
2025-08-15,Handysize,Mozambique,11.49,433.2,0.258
2025-08-16,Handysize,Mozambique,11.44,407.3,0.382
2025-08-17,Handysize,Mozambique,11.61,408.8,0.241
2025-08-18,Handysize,Mozambique,11.8,390.8,0.101
2025-08-19,Handysize,Mozambique,11.89,393.1,0.126
2025-08-20,Handysize,Mozambique,11.5,377.4,0.128
2025-08-21,Handysize,Mozambique,11.52,394.4,0.0
2025-08-22,Handysize,Mozambique,11.85,382.0,0.386
2025-08-23,Handysize,Mozambique,11.77,414.1,0.096
2025-08-24,Handysize,Mozambique,11.73,407.0,0.179
2025-08-25,Handysize,Mozambique,11.97,405.1,0.072
2025-08-26,Handysize,Mozambique,11.44,391.5,0.333
2025-08-27,Handysize,Mozambique,10.89,376.5,0.299
2025-08-28,Handysize,Mozambique,10.54,377.3,0.564
2025-08-29,Handysize,Mozambique,10.51,408.3,0.217
2025-08-30,Handysize,Mozambique,10.55,398.0,0.063
2025-08-31,Handysize,Mozambique,10.33,386.8,0.329
2025-09-01,Handysize,Mozambique,9.83,398.2,0.0
2025-09-02,Handysize,Mozambique,9.64,401.8,0.243
2025-09-03,Handysize,Mozambique,9.72,408.3,0.131
2025-09-04,Handysize,Mozambique,9.75,410.7,0.124
2025-09-05,Handysize,Mozambique,9.41,407.4,0.287
2025-09-06,Handysize,Mozambique,10.1,435.6,0.213
2025-09-07,Handysize,Mozambique,10.39,391.2,0.35
2025-09-08,Handysize,Mozambique,10.25,427.5,0.231
2025-09-09,Handysize,Mozambique,10.41,421.2,0.041
2025-09-10,Handysize,Mozambique,9.94,416.5,0.098
2025-09-11,Handysize,Mozambique,10.05,412.6,0.38
2025-09-12,Handysize,Mozambique,10.15,428.2,0.042
2025-09-13,Handysize,Mozambique,9.97,400.3,0.0
2025-09-14,Handysize,Mozambique,10.13,427.0,0.179
2025-09-15,Handysize,Mozambique,10.08,403.3,0.468
2025-09-16,Handysize,Mozambique,10.13,402.1,0.024
2025-09-17,Handysize,Mozambique,10.21,388.0,0.119
2025-09-18,Handysize,Mozambique,10.17,402.3,0.257
2025-09-19,Handysize,Mozambique,10.11,406.3,0.1
2025-09-20,Handysize,Mozambique,10.08,416.4,0.436
2025-09-21,Handysize,Mozambique,10.19,397.0,0.347
2025-09-22,Handysize,Mozambique,10.31,384.8,0.056
2025-09-23,Handysize,Mozambique,10.86,404.8,0.509
2025-09-24,Handysize,Mozambique,11.08,408.5,0.229
2025-09-25,Handysize,Mozambique,11.84,405.5,0.15
2025-09-26,Handysize,Mozambique,11.68,413.3,0.322
2025-09-27,Handysize,Mozambique,11.89,406.7,0.352
2025-09-28,Handysize,Mozambique,12.09,430.0,0.014
2025-09-29,Handysize,Mozambique,12.16,431.7,0.284
2025-09-30,Handysize,Mozambique,11.99,413.0,0.234
2025-10-01,Handysize,Mozambique,12.42,395.7,0.119
2025-10-02,Handysize,Mozambique,12.41,418.1,0.0
2025-10-03,Handysize,Mozambique,12.91,417.0,0.446
2025-10-04,Handysize,Mozambique,12.69,391.2,0.226
2025-10-05,Handysize,Mozambique,12.37,440.9,0.212
2025-10-06,Handysize,Mozambique,12.48,426.5,0.286
2025-10-07,Handysize,Mozambique,12.14,422.8,0.469
2025-10-08,Handysize,Mozambique,12.23,408.6,0.137
2025-10-09,Handysize,Mozambique,11.74,416.8,0.167
2025-10-10,Handysize,Mozambique,12.0,422.1,0.387
2025-10-11,Handysize,Mozambique,12.03,415.4,0.174
2025-10-12,Handysize,Mozambique,11.67,392.6,0.224
2025-10-13,Handysize,Mozambique,11.74,396.6,0.407
2025-10-14,Handysize,Mozambique,11.47,445.9,0.236
2025-10-15,Handysize,Mozambique,11.53,418.7,0.136
2025-10-16,Handysize,Mozambique,11.77,435.8,0.176
2025-10-17,Handysize,Mozambique,12.18,409.5,0.0
2025-10-18,Handysize,Mozambique,12.12,406.8,0.347
2025-10-19,Handysize,Mozambique,11.76,415.5,0.282
2025-10-20,Handysize,Mozambique,11.97,429.5,0.396
2025-10-21,Handysize,Mozambique,11.95,430.5,0.307
2025-10-22,Handysize,Mozambique,11.99,407.0,0.258
2025-10-23,Handysize,Mozambique,12.1,413.8,0.512
2025-10-24,Handysize,Mozambique,11.77,417.3,0.317
2025-10-25,Handysize,Mozambique,11.62,419.9,0.078
2025-10-26,Handysize,Mozambique,12.16,426.7,0.004
2025-10-27,Handysize,Mozambique,12.54,415.5,0.272
2025-10-28,Handysize,Mozambique,12.38,423.5,0.129
2025-10-29,Handysize,Mozambique,12.61,446.9,0.0
2025-10-30,Handysize,Mozambique,13.12,435.3,0.0
2025-10-31,Handysize,Mozambique,13.09,431.1,0.255
2025-11-01,Handysize,Mozambique,13.43,436.7,0.044
2025-11-02,Handysize,Mozambique,13.66,415.2,0.264
2025-11-03,Handysize,Mozambique,13.38,413.9,0.361
2025-11-04,Handysize,Mozambique,13.29,403.0,0.107
2025-11-05,Handysize,Mozambique,13.46,455.7,0.456
2025-11-06,Handysize,Mozambique,13.09,433.4,0.204
2025-11-07,Handysize,Mozambique,13.07,414.9,0.345
2025-11-08,Handysize,Mozambique,12.94,438.7,0.0
2025-11-09,Handysize,Mozambique,12.91,415.5,0.537
2025-11-10,Handysize,Mozambique,12.61,423.0,0.173
2025-11-11,Handysize,Mozambique,13.23,400.1,0.029
2025-11-12,Handysize,Mozambique,12.62,430.1,0.38
2025-11-13,Handysize,Mozambique,12.53,405.7,0.326
2025-11-14,Handysize,Mozambique,13.19,410.3,0.206
2025-11-15,Handysize,Mozambique,12.98,445.5,0.32
2025-11-16,Handysize,Mozambique,12.64,438.3,0.546
2025-11-17,Handysize,Mozambique,13.06,420.1,0.288
2025-11-18,Handysize,Mozambique,12.95,427.6,0.275
2025-11-19,Handysize,Mozambique,13.15,423.4,0.139
2025-11-20,Handysize,Mozambique,13.28,444.9,0.207
2025-11-21,Handysize,Mozambique,13.29,442.5,0.441
2025-11-22,Handysize,Mozambique,13.32,441.2,0.223
2025-11-23,Handysize,Mozambique,13.51,417.2,0.305
2025-11-24,Handysize,Mozambique,13.37,409.7,0.216
2025-11-25,Handysize,Mozambique,12.74,418.8,0.304
2025-11-26,Handysize,Mozambique,12.73,433.5,0.318
2025-11-27,Handysize,Mozambique,12.4,442.0,0.531
2025-11-28,Handysize,Mozambique,12.36,445.4,0.284
2025-11-29,Handysize,Mozambique,12.38,451.1,0.463
2025-11-30,Handysize,Mozambique,12.25,458.8,0.349
2025-12-01,Handysize,Mozambique,12.49,433.5,0.416
2025-12-02,Handysize,Mozambique,12.51,442.9,0.487
2025-12-03,Handysize,Mozambique,12.78,430.4,0.283
2025-12-04,Handysize,Mozambique,12.95,433.2,0.192
2025-12-05,Handysize,Mozambique,12.91,439.7,0.319
2025-12-06,Handysize,Mozambique,13.03,417.2,0.204
2025-12-07,Handysize,Mozambique,13.47,446.4,0.21
2025-12-08,Handysize,Mozambique,13.64,425.5,0.044
2025-12-09,Handysize,Mozambique,13.77,415.5,0.416
2025-12-10,Handysize,Mozambique,13.9,442.5,0.421
2025-12-11,Handysize,Mozambique,13.57,425.1,0.378
2025-12-12,Handysize,Mozambique,13.8,406.1,0.187
2025-12-13,Handysize,Mozambique,14.16,436.6,0.392
2025-12-14,Handysize,Mozambique,14.37,429.3,0.185
2025-12-15,Handysize,Mozambique,14.19,446.6,0.375
2025-12-16,Handysize,Mozambique,14.33,440.6,0.54
2025-12-17,Handysize,Mozambique,14.46,436.6,0.293
2025-12-18,Handysize,Mozambique,14.68,417.6,0.364
2025-12-19,Handysize,Mozambique,14.89,458.9,0.307
2025-12-20,Handysize,Mozambique,14.83,412.2,0.079
2025-12-21,Handysize,Mozambique,15.1,438.5,0.06
2025-12-22,Handysize,Mozambique,14.38,432.6,0.24
2025-12-23,Handysize,Mozambique,13.98,430.3,0.229
2025-12-24,Handysize,Mozambique,14.12,433.0,0.156
2025-12-25,Handysize,Mozambique,13.58,436.2,0.402
2025-12-26,Handysize,Mozambique,13.57,452.4,0.385
2025-12-27,Handysize,Mozambique,13.51,463.1,0.219
2025-12-28,Handysize,Mozambique,13.77,441.4,0.263
2025-12-29,Handysize,Mozambique,14.13,423.6,0.142
2025-12-30,Handysize,Mozambique,13.86,434.2,0.271
2023-01-01,Handysize,Russia,14.16,444.3,0.784
2023-01-02,Handysize,Russia,14.08,474.4,0.414
2023-01-03,Handysize,Russia,13.83,471.7,0.186
2023-01-04,Handysize,Russia,13.51,461.1,0.333
2023-01-05,Handysize,Russia,13.57,424.9,0.537
2023-01-06,Handysize,Russia,13.38,449.7,0.63
2023-01-07,Handysize,Russia,13.88,441.8,0.163
2023-01-08,Handysize,Russia,13.64,437.2,0.403
2023-01-09,Handysize,Russia,13.18,446.7,0.323
2023-01-10,Handysize,Russia,13.59,423.1,0.57
2023-01-11,Handysize,Russia,13.91,441.9,0.368
2023-01-12,Handysize,Russia,13.86,448.6,0.382
2023-01-13,Handysize,Russia,13.86,457.4,0.485
2023-01-14,Handysize,Russia,13.76,444.8,0.649
2023-01-15,Handysize,Russia,13.74,467.6,0.179
2023-01-16,Handysize,Russia,13.3,475.2,0.411
2023-01-17,Handysize,Russia,13.26,440.1,0.249
2023-01-18,Handysize,Russia,13.65,460.9,0.241
2023-01-19,Handysize,Russia,13.52,462.5,0.668
2023-01-20,Handysize,Russia,13.81,442.3,0.777
2023-01-21,Handysize,Russia,14.58,476.5,0.441
2023-01-22,Handysize,Russia,14.71,444.7,0.577
2023-01-23,Handysize,Russia,14.8,468.5,0.301
2023-01-24,Handysize,Russia,14.66,449.0,0.567
2023-01-25,Handysize,Russia,14.59,440.0,0.59
2023-01-26,Handysize,Russia,14.22,451.1,0.502
2023-01-27,Handysize,Russia,14.6,480.0,0.154
2023-01-28,Handysize,Russia,15.01,478.6,0.369
2023-01-29,Handysize,Russia,14.85,474.9,0.416
2023-01-30,Handysize,Russia,14.44,445.8,0.27
2023-01-31,Handysize,Russia,14.56,443.9,0.577
2023-02-01,Handysize,Russia,14.82,456.0,0.384
2023-02-02,Handysize,Russia,15.2,459.6,0.526
2023-02-03,Handysize,Russia,15.41,463.6,0.552
2023-02-04,Handysize,Russia,15.02,474.7,0.498
2023-02-05,Handysize,Russia,15.65,473.0,0.586
2023-02-06,Handysize,Russia,15.62,450.7,0.392
2023-02-07,Handysize,Russia,15.88,485.0,0.478
2023-02-08,Handysize,Russia,16.21,454.5,0.728
2023-02-09,Handysize,Russia,16.25,445.0,0.676
2023-02-10,Handysize,Russia,16.82,444.9,0.503
2023-02-11,Handysize,Russia,17.13,460.1,0.575
2023-02-12,Handysize,Russia,17.37,453.5,0.482
2023-02-13,Handysize,Russia,16.74,429.9,0.567
2023-02-14,Handysize,Russia,16.68,466.3,0.464
2023-02-15,Handysize,Russia,16.89,450.1,0.717
2023-02-16,Handysize,Russia,17.56,457.7,0.41
2023-02-17,Handysize,Russia,17.24,463.7,0.304
2023-02-18,Handysize,Russia,17.54,473.1,0.464
2023-02-19,Handysize,Russia,17.3,436.2,0.497
2023-02-20,Handysize,Russia,16.92,461.0,0.42
2023-02-21,Handysize,Russia,16.68,473.8,0.392
2023-02-22,Handysize,Russia,16.64,471.4,0.704
2023-02-23,Handysize,Russia,16.37,460.3,0.294
2023-02-24,Handysize,Russia,16.56,470.4,0.695
2023-02-25,Handysize,Russia,16.31,457.4,0.533
2023-02-26,Handysize,Russia,16.67,457.6,0.403
2023-02-27,Handysize,Russia,16.77,479.4,0.4
2023-02-28,Handysize,Russia,16.66,462.1,0.642
2023-03-01,Handysize,Russia,16.84,473.7,0.524
2023-03-02,Handysize,Russia,17.26,484.6,0.222
2023-03-03,Handysize,Russia,17.06,464.5,0.303
2023-03-04,Handysize,Russia,17.1,457.2,0.381
2023-03-05,Handysize,Russia,17.39,504.4,0.562
2023-03-06,Handysize,Russia,17.28,472.5,0.427
2023-03-07,Handysize,Russia,17.43,471.3,0.633
2023-03-08,Handysize,Russia,17.83,467.5,0.309
2023-03-09,Handysize,Russia,17.99,471.1,0.26
2023-03-10,Handysize,Russia,18.25,459.8,0.426
2023-03-11,Handysize,Russia,18.44,477.2,0.53
2023-03-12,Handysize,Russia,18.24,472.3,0.524
2023-03-13,Handysize,Russia,18.06,485.8,0.259
2023-03-14,Handysize,Russia,18.43,461.3,0.71
2023-03-15,Handysize,Russia,18.69,461.4,0.664
2023-03-16,Handysize,Russia,18.2,490.1,0.758
2023-03-17,Handysize,Russia,18.44,444.3,0.438
2023-03-18,Handysize,Russia,18.68,472.5,0.552
2023-03-19,Handysize,Russia,18.62,462.2,0.533
2023-03-20,Handysize,Russia,18.84,479.2,0.59
2023-03-21,Handysize,Russia,19.29,493.0,0.614
2023-03-22,Handysize,Russia,19.47,484.5,0.633
2023-03-23,Handysize,Russia,19.46,473.2,0.48
2023-03-24,Handysize,Russia,19.25,458.4,0.686
2023-03-25,Handysize,Russia,19.06,472.8,0.429
2023-03-26,Handysize,Russia,19.52,477.9,0.223
2023-03-27,Handysize,Russia,19.36,475.9,0.473
2023-03-28,Handysize,Russia,19.27,469.0,0.605
2023-03-29,Handysize,Russia,19.17,479.1,0.482
2023-03-30,Handysize,Russia,19.51,485.7,0.258
2023-03-31,Handysize,Russia,19.48,465.6,0.624
2023-04-01,Handysize,Russia,19.27,462.6,0.463
2023-04-02,Handysize,Russia,18.78,504.8,0.773
2023-04-03,Handysize,Russia,18.62,478.8,0.494
2023-04-04,Handysize,Russia,18.82,479.9,0.258
2023-04-05,Handysize,Russia,18.54,456.7,0.436
2023-04-06,Handysize,Russia,18.62,487.5,0.517
2023-04-07,Handysize,Russia,18.44,478.3,0.612
2023-04-08,Handysize,Russia,18.02,474.9,0.614
2023-04-09,Handysize,Russia,17.9,476.8,0.522
2023-04-10,Handysize,Russia,17.8,484.8,0.383
2023-04-11,Handysize,Russia,17.68,482.7,0.368
2023-04-12,Handysize,Russia,17.16,486.9,0.732
2023-04-13,Handysize,Russia,16.72,463.5,0.522
2023-04-14,Handysize,Russia,16.64,494.9,0.766
2023-04-15,Handysize,Russia,16.36,494.0,0.477
2023-04-16,Handysize,Russia,15.95,471.3,0.371
2023-04-17,Handysize,Russia,16.03,495.5,0.306
2023-04-18,Handysize,Russia,16.65,484.9,0.762
2023-04-19,Handysize,Russia,16.46,444.5,0.537
2023-04-20,Handysize,Russia,16.36,490.7,0.55
2023-04-21,Handysize,Russia,16.13,504.9,0.473
2023-04-22,Handysize,Russia,16.77,467.7,0.648
2023-04-23,Handysize,Russia,16.75,478.0,0.511
2023-04-24,Handysize,Russia,16.62,497.2,0.359
2023-04-25,Handysize,Russia,16.54,479.2,0.718
2023-04-26,Handysize,Russia,17.04,486.0,0.344
2023-04-27,Handysize,Russia,17.24,492.2,0.468
2023-04-28,Handysize,Russia,16.75,469.9,0.66
2023-04-29,Handysize,Russia,17.46,477.8,0.765
2023-04-30,Handysize,Russia,17.23,494.4,0.685
2023-05-01,Handysize,Russia,17.21,484.0,0.637
2023-05-02,Handysize,Russia,17.54,476.6,0.549
2023-05-03,Handysize,Russia,17.12,490.4,0.444
2023-05-04,Handysize,Russia,17.26,461.9,0.567
2023-05-05,Handysize,Russia,17.31,487.7,0.348
2023-05-06,Handysize,Russia,17.64,486.4,0.44
2023-05-07,Handysize,Russia,17.54,500.5,0.56
2023-05-08,Handysize,Russia,17.48,477.7,0.338
2023-05-09,Handysize,Russia,17.51,522.3,0.439
2023-05-10,Handysize,Russia,17.0,496.5,0.394
2023-05-11,Handysize,Russia,16.89,472.2,0.41
2023-05-12,Handysize,Russia,16.84,498.3,0.651
2023-05-13,Handysize,Russia,16.8,507.5,0.625
2023-05-14,Handysize,Russia,16.66,491.1,0.545
2023-05-15,Handysize,Russia,16.74,470.2,0.267
2023-05-16,Handysize,Russia,16.81,457.2,0.564
2023-05-17,Handysize,Russia,17.1,476.0,0.559
2023-05-18,Handysize,Russia,17.18,495.0,0.498
2023-05-19,Handysize,Russia,17.16,491.7,0.529
2023-05-20,Handysize,Russia,17.23,481.5,0.479
2023-05-21,Handysize,Russia,16.99,508.2,0.408
2023-05-22,Handysize,Russia,16.43,495.1,0.627
2023-05-23,Handysize,Russia,15.99,455.7,0.355
2023-05-24,Handysize,Russia,16.38,512.6,0.596
2023-05-25,Handysize,Russia,16.95,477.4,0.704
2023-05-26,Handysize,Russia,16.75,471.5,0.635
2023-05-27,Handysize,Russia,16.34,491.6,0.346
2023-05-28,Handysize,Russia,15.59,480.2,0.315
2023-05-29,Handysize,Russia,15.71,499.3,0.338
2023-05-30,Handysize,Russia,15.35,506.6,0.442
2023-05-31,Handysize,Russia,15.57,511.0,0.295
2023-06-01,Handysize,Russia,15.79,500.2,0.484
2023-06-02,Handysize,Russia,15.22,492.9,0.543
2023-06-03,Handysize,Russia,15.57,489.1,0.594
2023-06-04,Handysize,Russia,15.43,503.2,0.591
2023-06-05,Handysize,Russia,16.05,488.7,0.705
2023-06-06,Handysize,Russia,16.07,487.5,0.44
2023-06-07,Handysize,Russia,16.04,505.9,0.922
2023-06-08,Handysize,Russia,15.98,503.9,0.41
2023-06-09,Handysize,Russia,15.78,496.6,0.641
2023-06-10,Handysize,Russia,15.87,498.9,0.796
2023-06-11,Handysize,Russia,16.18,489.8,0.843
2023-06-12,Handysize,Russia,16.02,511.6,0.65
2023-06-13,Handysize,Russia,15.95,517.7,0.602
2023-06-14,Handysize,Russia,15.78,494.5,0.431
2023-06-15,Handysize,Russia,15.87,508.7,0.763
2023-06-16,Handysize,Russia,15.46,492.7,0.472
2023-06-17,Handysize,Russia,15.29,492.6,0.392
2023-06-18,Handysize,Russia,14.96,523.7,0.104
2023-06-19,Handysize,Russia,15.36,509.4,0.726
2023-06-20,Handysize,Russia,14.8,508.0,0.418
2023-06-21,Handysize,Russia,14.39,515.8,0.53
2023-06-22,Handysize,Russia,14.6,524.0,0.422
2023-06-23,Handysize,Russia,14.22,489.2,0.644
2023-06-24,Handysize,Russia,14.27,497.8,0.751
2023-06-25,Handysize,Russia,13.58,501.2,0.63
2023-06-26,Handysize,Russia,13.67,476.7,0.506
2023-06-27,Handysize,Russia,13.49,509.1,0.488
2023-06-28,Handysize,Russia,13.9,491.0,0.649
2023-06-29,Handysize,Russia,13.88,525.6,0.468
2023-06-30,Handysize,Russia,13.7,507.5,0.428
2023-07-01,Handysize,Russia,13.92,518.9,0.239
2023-07-02,Handysize,Russia,13.66,516.9,0.437
2023-07-03,Handysize,Russia,13.11,517.7,0.633
2023-07-04,Handysize,Russia,12.85,508.3,0.52
2023-07-05,Handysize,Russia,13.27,487.3,0.462
2023-07-06,Handysize,Russia,12.96,484.5,0.583
2023-07-07,Handysize,Russia,12.98,519.0,0.454
2023-07-08,Handysize,Russia,13.06,504.9,0.406
2023-07-09,Handysize,Russia,12.94,498.9,0.54
2023-07-10,Handysize,Russia,12.39,505.1,0.446
2023-07-11,Handysize,Russia,12.78,504.5,0.374
2023-07-12,Handysize,Russia,12.65,502.9,0.629
2023-07-13,Handysize,Russia,12.7,527.1,0.362
2023-07-14,Handysize,Russia,13.22,530.8,0.535
2023-07-15,Handysize,Russia,13.26,500.2,0.57
2023-07-16,Handysize,Russia,13.3,499.2,0.597
2023-07-17,Handysize,Russia,13.43,508.4,0.59
2023-07-18,Handysize,Russia,13.04,494.0,0.372
2023-07-19,Handysize,Russia,12.99,493.9,0.531
2023-07-20,Handysize,Russia,12.97,505.0,0.671
2023-07-21,Handysize,Russia,12.86,477.0,0.651
2023-07-22,Handysize,Russia,13.02,489.7,0.715
2023-07-23,Handysize,Russia,13.3,500.1,0.508
2023-07-24,Handysize,Russia,13.37,531.7,0.527
2023-07-25,Handysize,Russia,13.15,506.0,0.585
2023-07-26,Handysize,Russia,12.68,515.2,0.528
2023-07-27,Handysize,Russia,12.59,488.5,0.582
2023-07-28,Handysize,Russia,12.66,511.2,0.735
2023-07-29,Handysize,Russia,12.41,490.2,0.639
2023-07-30,Handysize,Russia,12.53,521.8,0.419
2023-07-31,Handysize,Russia,12.12,523.5,0.7
2023-08-01,Handysize,Russia,12.67,521.2,0.56
2023-08-02,Handysize,Russia,13.02,478.5,0.472
2023-08-03,Handysize,Russia,12.53,498.8,0.514
2023-08-04,Handysize,Russia,12.55,497.3,0.545
2023-08-05,Handysize,Russia,12.69,524.6,0.578
2023-08-06,Handysize,Russia,12.97,504.9,0.796
2023-08-07,Handysize,Russia,13.0,496.6,0.423
2023-08-08,Handysize,Russia,12.85,494.3,0.474
2023-08-09,Handysize,Russia,13.35,488.8,0.421
2023-08-10,Handysize,Russia,13.05,511.6,0.487
2023-08-11,Handysize,Russia,13.18,512.2,0.417
2023-08-12,Handysize,Russia,13.29,524.8,0.508
2023-08-13,Handysize,Russia,13.39,512.4,0.589
2023-08-14,Handysize,Russia,13.58,500.2,0.841
2023-08-15,Handysize,Russia,13.46,535.9,0.485
2023-08-16,Handysize,Russia,13.01,503.0,0.655
2023-08-17,Handysize,Russia,12.71,526.7,0.75
2023-08-18,Handysize,Russia,13.67,518.5,0.158
2023-08-19,Handysize,Russia,13.63,502.8,0.538
2023-08-20,Handysize,Russia,13.77,488.7,0.397
2023-08-21,Handysize,Russia,14.04,515.4,0.291
2023-08-22,Handysize,Russia,14.13,522.3,0.462
2023-08-23,Handysize,Russia,14.19,529.5,0.833
2023-08-24,Handysize,Russia,14.18,504.5,0.674
2023-08-25,Handysize,Russia,14.17,503.4,0.667
2023-08-26,Handysize,Russia,14.13,514.4,0.693
2023-08-27,Handysize,Russia,14.42,516.6,0.528
2023-08-28,Handysize,Russia,14.72,519.4,0.386
2023-08-29,Handysize,Russia,14.37,527.4,0.534
2023-08-30,Handysize,Russia,14.38,488.8,0.391
2023-08-31,Handysize,Russia,14.59,512.4,0.229
2023-09-01,Handysize,Russia,14.64,521.4,0.288
2023-09-02,Handysize,Russia,14.47,518.5,0.315
2023-09-03,Handysize,Russia,14.37,503.3,0.598
2023-09-04,Handysize,Russia,13.95,510.2,0.572
2023-09-05,Handysize,Russia,14.46,481.6,0.382
2023-09-06,Handysize,Russia,14.45,502.9,0.449
2023-09-07,Handysize,Russia,14.42,506.2,0.512
2023-09-08,Handysize,Russia,14.49,525.1,0.38
2023-09-09,Handysize,Russia,14.28,482.1,0.667
2023-09-10,Handysize,Russia,14.47,528.9,0.466
2023-09-11,Handysize,Russia,14.4,517.5,0.49
2023-09-12,Handysize,Russia,13.84,541.9,0.39
2023-09-13,Handysize,Russia,13.54,514.5,0.298
2023-09-14,Handysize,Russia,13.28,501.1,0.436
2023-09-15,Handysize,Russia,13.21,498.8,0.442
2023-09-16,Handysize,Russia,13.14,535.2,0.506
2023-09-17,Handysize,Russia,13.0,498.2,0.319
2023-09-18,Handysize,Russia,13.22,516.6,0.357
2023-09-19,Handysize,Russia,12.88,491.2,0.606
2023-09-20,Handysize,Russia,12.95,507.1,0.347
2023-09-21,Handysize,Russia,13.0,515.0,0.42
2023-09-22,Handysize,Russia,12.95,507.4,0.285
2023-09-23,Handysize,Russia,12.82,498.3,0.164
2023-09-24,Handysize,Russia,13.02,496.7,0.638
2023-09-25,Handysize,Russia,13.11,502.2,0.348
2023-09-26,Handysize,Russia,13.08,494.3,0.481
2023-09-27,Handysize,Russia,12.53,523.9,0.461
2023-09-28,Handysize,Russia,12.98,508.3,0.486
2023-09-29,Handysize,Russia,13.28,518.3,0.639
2023-09-30,Handysize,Russia,13.55,488.8,0.404
2023-10-01,Handysize,Russia,13.5,516.1,0.322
2023-10-02,Handysize,Russia,13.27,498.4,0.408
2023-10-03,Handysize,Russia,12.99,494.2,0.378
2023-10-04,Handysize,Russia,12.74,506.6,0.455
2023-10-05,Handysize,Russia,13.38,521.5,0.392
2023-10-06,Handysize,Russia,13.52,507.9,0.563
2023-10-07,Handysize,Russia,13.25,505.1,0.382
2023-10-08,Handysize,Russia,13.56,496.9,0.284
2023-10-09,Handysize,Russia,13.48,514.9,0.285
2023-10-10,Handysize,Russia,13.52,522.4,0.433
2023-10-11,Handysize,Russia,13.63,514.9,0.317
2023-10-12,Handysize,Russia,13.71,516.4,0.653
2023-10-13,Handysize,Russia,13.52,502.9,0.329
2023-10-14,Handysize,Russia,13.15,522.8,0.236
2023-10-15,Handysize,Russia,13.08,516.2,0.257
2023-10-16,Handysize,Russia,13.07,536.2,0.399
2023-10-17,Handysize,Russia,13.25,491.2,0.335
2023-10-18,Handysize,Russia,12.58,542.6,0.386
2023-10-19,Handysize,Russia,12.76,527.3,0.358
2023-10-20,Handysize,Russia,12.64,515.5,0.189
2023-10-21,Handysize,Russia,12.15,528.2,0.35
2023-10-22,Handysize,Russia,12.0,503.8,0.618
2023-10-23,Handysize,Russia,11.79,496.6,0.0
2023-10-24,Handysize,Russia,11.55,514.7,0.378
2023-10-25,Handysize,Russia,11.22,518.9,0.164
2023-10-26,Handysize,Russia,11.24,506.1,0.406
2023-10-27,Handysize,Russia,10.55,496.3,0.473
2023-10-28,Handysize,Russia,11.09,521.7,0.326
2023-10-29,Handysize,Russia,11.24,511.5,0.217
2023-10-30,Handysize,Russia,11.82,544.0,0.544
2023-10-31,Handysize,Russia,11.64,516.3,0.41
2023-11-01,Handysize,Russia,11.61,512.0,0.43
2023-11-02,Handysize,Russia,11.65,476.5,0.283
2023-11-03,Handysize,Russia,11.42,498.9,0.234
2023-11-04,Handysize,Russia,11.35,499.0,0.588
2023-11-05,Handysize,Russia,11.7,522.2,0.606
2023-11-06,Handysize,Russia,12.34,483.0,0.693
2023-11-07,Handysize,Russia,12.37,476.1,0.627
2023-11-08,Handysize,Russia,12.72,508.0,0.423
2023-11-09,Handysize,Russia,13.1,479.2,0.329
2023-11-10,Handysize,Russia,12.88,521.7,0.518
2023-11-11,Handysize,Russia,12.79,515.6,0.505
2023-11-12,Handysize,Russia,12.58,503.0,0.186
2023-11-13,Handysize,Russia,12.72,518.7,0.254
2023-11-14,Handysize,Russia,12.5,527.3,0.269
2023-11-15,Handysize,Russia,12.58,508.2,0.165
2023-11-16,Handysize,Russia,12.35,506.5,0.411
2023-11-17,Handysize,Russia,12.02,536.9,0.263
2023-11-18,Handysize,Russia,11.87,508.6,0.6
2023-11-19,Handysize,Russia,11.55,487.1,0.105
2023-11-20,Handysize,Russia,11.54,493.2,0.382
2023-11-21,Handysize,Russia,11.61,494.6,0.389
2023-11-22,Handysize,Russia,11.8,517.7,0.34
2023-11-23,Handysize,Russia,11.29,502.4,0.359
2023-11-24,Handysize,Russia,10.88,513.7,0.444
2023-11-25,Handysize,Russia,10.8,538.8,0.304
2023-11-26,Handysize,Russia,10.25,470.2,0.486
2023-11-27,Handysize,Russia,10.17,474.8,0.124
2023-11-28,Handysize,Russia,10.29,504.7,0.525
2023-11-29,Handysize,Russia,10.3,508.2,0.658
2023-11-30,Handysize,Russia,10.18,529.6,0.308
2023-12-01,Handysize,Russia,10.38,505.0,0.3
2023-12-02,Handysize,Russia,10.54,522.7,0.271
2023-12-03,Handysize,Russia,10.56,481.4,0.456
2023-12-04,Handysize,Russia,10.97,511.7,0.002
2023-12-05,Handysize,Russia,11.09,493.0,0.027
2023-12-06,Handysize,Russia,11.14,495.6,0.492
2023-12-07,Handysize,Russia,11.13,511.8,0.649
2023-12-08,Handysize,Russia,11.1,514.1,0.542
2023-12-09,Handysize,Russia,11.73,493.5,0.302
2023-12-10,Handysize,Russia,11.89,518.4,0.173
2023-12-11,Handysize,Russia,11.71,486.9,0.0
2023-12-12,Handysize,Russia,11.72,491.1,0.274
2023-12-13,Handysize,Russia,11.84,521.2,0.402
2023-12-14,Handysize,Russia,11.94,507.2,0.156
2023-12-15,Handysize,Russia,12.26,489.2,0.561
2023-12-16,Handysize,Russia,12.4,507.5,0.147
2023-12-17,Handysize,Russia,12.24,509.3,0.143
2023-12-18,Handysize,Russia,13.0,502.9,0.123
2023-12-19,Handysize,Russia,12.64,471.0,0.381
2023-12-20,Handysize,Russia,13.2,543.2,0.408
2023-12-21,Handysize,Russia,13.37,487.7,0.315
2023-12-22,Handysize,Russia,13.6,509.5,0.149
2023-12-23,Handysize,Russia,13.72,491.5,0.273
2023-12-24,Handysize,Russia,13.77,511.8,0.38
2023-12-25,Handysize,Russia,13.67,515.6,0.506
2023-12-26,Handysize,Russia,13.88,498.4,0.674
2023-12-27,Handysize,Russia,13.89,503.4,0.245
2023-12-28,Handysize,Russia,14.03,509.5,0.365
2023-12-29,Handysize,Russia,13.81,493.9,0.4
2023-12-30,Handysize,Russia,13.93,503.7,0.562
2023-12-31,Handysize,Russia,14.27,503.4,0.543
2024-01-01,Handysize,Russia,14.64,509.5,0.169
2024-01-02,Handysize,Russia,14.45,495.2,0.389
2024-01-03,Handysize,Russia,14.74,487.7,0.287
2024-01-04,Handysize,Russia,14.78,501.2,0.088
2024-01-05,Handysize,Russia,14.84,472.1,0.256
2024-01-06,Handysize,Russia,14.54,508.3,0.071
2024-01-07,Handysize,Russia,14.34,482.9,0.423
2024-01-08,Handysize,Russia,14.09,509.0,0.049
2024-01-09,Handysize,Russia,14.08,492.0,0.234
2024-01-10,Handysize,Russia,14.2,518.1,0.288
2024-01-11,Handysize,Russia,14.45,518.9,0.475
2024-01-12,Handysize,Russia,14.53,497.8,0.41
2024-01-13,Handysize,Russia,14.46,508.1,0.356
2024-01-14,Handysize,Russia,14.48,490.3,0.079
2024-01-15,Handysize,Russia,14.53,530.4,0.24
2024-01-16,Handysize,Russia,14.51,505.8,0.466
2024-01-17,Handysize,Russia,14.57,507.2,0.088
2024-01-18,Handysize,Russia,14.55,496.2,0.099
2024-01-19,Handysize,Russia,14.3,494.5,0.536
2024-01-20,Handysize,Russia,14.75,510.4,0.191
2024-01-21,Handysize,Russia,14.26,492.2,0.326
2024-01-22,Handysize,Russia,14.37,495.8,0.473
2024-01-23,Handysize,Russia,14.45,468.3,0.321
2024-01-24,Handysize,Russia,14.76,495.6,0.09
2024-01-25,Handysize,Russia,14.61,521.6,0.28
2024-01-26,Handysize,Russia,14.01,519.9,0.307
2024-01-27,Handysize,Russia,14.24,514.3,0.401
2024-01-28,Handysize,Russia,14.55,502.5,0.262
2024-01-29,Handysize,Russia,14.25,483.0,0.0
2024-01-30,Handysize,Russia,14.16,510.7,0.387
2024-01-31,Handysize,Russia,14.26,516.4,0.252
2024-02-01,Handysize,Russia,14.73,491.6,0.215
2024-02-02,Handysize,Russia,14.36,506.9,0.459
2024-02-03,Handysize,Russia,14.45,471.0,0.392
2024-02-04,Handysize,Russia,14.14,517.9,0.258
2024-02-05,Handysize,Russia,14.2,508.4,0.323
2024-02-06,Handysize,Russia,14.21,474.5,0.202
2024-02-07,Handysize,Russia,14.37,495.2,0.23
2024-02-08,Handysize,Russia,14.62,499.5,0.307
2024-02-09,Handysize,Russia,14.17,483.4,0.301
2024-02-10,Handysize,Russia,14.48,524.1,0.231
2024-02-11,Handysize,Russia,14.45,470.7,0.113
2024-02-12,Handysize,Russia,15.06,486.2,0.165
2024-02-13,Handysize,Russia,15.3,505.5,0.549
2024-02-14,Handysize,Russia,15.15,503.0,0.048
2024-02-15,Handysize,Russia,14.73,488.6,0.245
2024-02-16,Handysize,Russia,14.35,490.6,0.032
2024-02-17,Handysize,Russia,14.46,462.0,0.391
2024-02-18,Handysize,Russia,14.94,515.6,0.297
2024-02-19,Handysize,Russia,15.21,515.3,0.23
2024-02-20,Handysize,Russia,15.28,471.0,0.249
2024-02-21,Handysize,Russia,14.93,496.8,0.33
2024-02-22,Handysize,Russia,15.13,499.2,0.533
2024-02-23,Handysize,Russia,15.43,479.3,0.494
2024-02-24,Handysize,Russia,15.32,493.1,0.315
2024-02-25,Handysize,Russia,15.16,502.7,0.213
2024-02-26,Handysize,Russia,14.99,489.3,0.037
2024-02-27,Handysize,Russia,15.2,494.5,0.348
2024-02-28,Handysize,Russia,15.67,473.2,0.28
2024-02-29,Handysize,Russia,15.92,501.9,0.303
2024-03-01,Handysize,Russia,15.59,467.4,0.225
2024-03-02,Handysize,Russia,15.67,481.9,0.513
2024-03-03,Handysize,Russia,15.44,504.6,0.071
2024-03-04,Handysize,Russia,15.11,491.2,0.142
2024-03-05,Handysize,Russia,14.98,508.6,0.178
2024-03-06,Handysize,Russia,14.99,507.8,0.361
2024-03-07,Handysize,Russia,14.85,495.2,0.111
2024-03-08,Handysize,Russia,15.01,497.1,0.294
2024-03-09,Handysize,Russia,15.37,496.2,0.384
2024-03-10,Handysize,Russia,15.9,497.9,0.217
2024-03-11,Handysize,Russia,15.62,479.1,0.249
2024-03-12,Handysize,Russia,15.42,486.9,0.205
2024-03-13,Handysize,Russia,15.31,479.3,0.109
2024-03-14,Handysize,Russia,15.71,496.1,0.119
2024-03-15,Handysize,Russia,15.76,479.4,0.249
2024-03-16,Handysize,Russia,15.41,479.4,0.212
2024-03-17,Handysize,Russia,14.91,507.0,0.407
2024-03-18,Handysize,Russia,15.17,494.5,0.07
2024-03-19,Handysize,Russia,15.11,487.8,0.363
2024-03-20,Handysize,Russia,15.13,486.2,0.296
2024-03-21,Handysize,Russia,15.09,449.4,0.267
2024-03-22,Handysize,Russia,15.76,496.0,0.208
2024-03-23,Handysize,Russia,15.67,481.1,0.329
2024-03-24,Handysize,Russia,15.71,513.2,0.375
2024-03-25,Handysize,Russia,15.34,499.0,0.503
2024-03-26,Handysize,Russia,14.86,503.1,0.248
2024-03-27,Handysize,Russia,14.46,489.3,0.172
2024-03-28,Handysize,Russia,14.82,481.6,0.164
2024-03-29,Handysize,Russia,14.62,525.0,0.3
2024-03-30,Handysize,Russia,14.22,478.8,0.173
2024-03-31,Handysize,Russia,14.53,498.0,0.173
2024-04-01,Handysize,Russia,14.86,508.8,0.165
2024-04-02,Handysize,Russia,14.74,474.9,0.0
2024-04-03,Handysize,Russia,14.64,495.0,0.26
2024-04-04,Handysize,Russia,14.87,481.1,0.443
2024-04-05,Handysize,Russia,14.66,499.3,0.209
2024-04-06,Handysize,Russia,14.64,487.5,0.0
2024-04-07,Handysize,Russia,14.59,461.2,0.258
2024-04-08,Handysize,Russia,14.86,483.6,0.178
2024-04-09,Handysize,Russia,15.14,470.8,0.356
2024-04-10,Handysize,Russia,15.51,479.1,0.41
2024-04-11,Handysize,Russia,15.37,483.7,0.151
2024-04-12,Handysize,Russia,15.48,443.2,0.334
2024-04-13,Handysize,Russia,15.09,501.4,0.329
2024-04-14,Handysize,Russia,14.96,457.8,0.153
2024-04-15,Handysize,Russia,14.85,516.0,0.258
2024-04-16,Handysize,Russia,14.55,497.5,0.401
2024-04-17,Handysize,Russia,14.52,485.3,0.374
2024-04-18,Handysize,Russia,14.75,492.5,0.285
2024-04-19,Handysize,Russia,14.68,498.6,0.008
2024-04-20,Handysize,Russia,14.64,468.2,0.369
2024-04-21,Handysize,Russia,15.15,486.3,0.357
2024-04-22,Handysize,Russia,15.17,478.0,0.327
2024-04-23,Handysize,Russia,15.87,451.2,0.564
2024-04-24,Handysize,Russia,15.47,475.7,0.611
2024-04-25,Handysize,Russia,15.29,508.1,0.199
2024-04-26,Handysize,Russia,15.41,469.9,0.106
2024-04-27,Handysize,Russia,15.24,478.4,0.056
2024-04-28,Handysize,Russia,15.04,486.7,0.141
2024-04-29,Handysize,Russia,14.91,464.4,0.248
2024-04-30,Handysize,Russia,15.08,460.2,0.135
2024-05-01,Handysize,Russia,14.93,485.8,0.19
2024-05-02,Handysize,Russia,14.84,473.7,0.086
2024-05-03,Handysize,Russia,14.73,462.9,0.467
2024-05-04,Handysize,Russia,14.63,453.9,0.206
2024-05-05,Handysize,Russia,14.83,473.5,0.458
2024-05-06,Handysize,Russia,14.93,499.8,0.287
2024-05-07,Handysize,Russia,14.92,450.1,0.266
2024-05-08,Handysize,Russia,14.86,474.9,0.299
2024-05-09,Handysize,Russia,14.45,501.4,0.36
2024-05-10,Handysize,Russia,14.44,455.9,0.266
2024-05-11,Handysize,Russia,14.19,451.1,0.355
2024-05-12,Handysize,Russia,13.87,474.6,0.317
2024-05-13,Handysize,Russia,13.24,475.6,0.208
2024-05-14,Handysize,Russia,13.5,503.1,0.32
2024-05-15,Handysize,Russia,13.9,467.4,0.276
2024-05-16,Handysize,Russia,13.91,486.1,0.169
2024-05-17,Handysize,Russia,14.2,460.0,0.254
2024-05-18,Handysize,Russia,14.03,491.4,0.49
2024-05-19,Handysize,Russia,14.23,461.2,0.47
2024-05-20,Handysize,Russia,14.03,460.6,0.386
2024-05-21,Handysize,Russia,14.12,465.7,0.224
2024-05-22,Handysize,Russia,14.34,437.5,0.224
2024-05-23,Handysize,Russia,14.76,465.4,0.284
2024-05-24,Handysize,Russia,14.99,477.4,0.395
2024-05-25,Handysize,Russia,14.9,477.4,0.472
2024-05-26,Handysize,Russia,14.72,437.4,0.474
2024-05-27,Handysize,Russia,15.09,463.2,0.21
2024-05-28,Handysize,Russia,15.04,498.3,0.348
2024-05-29,Handysize,Russia,15.22,471.6,0.248
2024-05-30,Handysize,Russia,15.72,482.8,0.308
2024-05-31,Handysize,Russia,15.34,468.3,0.582
2024-06-01,Handysize,Russia,15.01,466.6,0.441
2024-06-02,Handysize,Russia,15.5,475.1,0.224
2024-06-03,Handysize,Russia,14.86,465.2,0.337
2024-06-04,Handysize,Russia,15.04,452.0,0.163
2024-06-05,Handysize,Russia,14.42,480.9,0.179
2024-06-06,Handysize,Russia,14.51,467.4,0.499
2024-06-07,Handysize,Russia,14.19,442.1,0.215
2024-06-08,Handysize,Russia,14.21,486.7,0.285
2024-06-09,Handysize,Russia,14.37,452.4,0.462
2024-06-10,Handysize,Russia,14.77,468.6,0.302
2024-06-11,Handysize,Russia,14.47,460.6,0.204
2024-06-12,Handysize,Russia,14.78,464.6,0.153
2024-06-13,Handysize,Russia,14.66,450.4,0.33
2024-06-14,Handysize,Russia,14.37,475.3,0.225
2024-06-15,Handysize,Russia,14.51,465.2,0.444
2024-06-16,Handysize,Russia,14.38,471.1,0.299
2024-06-17,Handysize,Russia,14.37,455.2,0.444
2024-06-18,Handysize,Russia,14.55,461.8,0.379
2024-06-19,Handysize,Russia,14.87,444.0,0.3
2024-06-20,Handysize,Russia,15.1,446.5,0.182
2024-06-21,Handysize,Russia,15.16,451.2,0.378
2024-06-22,Handysize,Russia,15.3,450.2,0.422
2024-06-23,Handysize,Russia,15.63,437.2,0.025
2024-06-24,Handysize,Russia,14.93,449.5,0.497
2024-06-25,Handysize,Russia,14.98,447.3,0.237
2024-06-26,Handysize,Russia,14.74,455.5,0.263
2024-06-27,Handysize,Russia,14.68,464.4,0.443
2024-06-28,Handysize,Russia,14.49,451.7,0.433
2024-06-29,Handysize,Russia,14.12,468.0,0.58
2024-06-30,Handysize,Russia,14.1,451.7,0.567
2024-07-01,Handysize,Russia,13.73,453.0,0.593
2024-07-02,Handysize,Russia,13.53,490.6,0.224
2024-07-03,Handysize,Russia,13.66,471.4,0.419
2024-07-04,Handysize,Russia,13.89,465.2,0.352
2024-07-05,Handysize,Russia,13.93,460.4,0.471
2024-07-06,Handysize,Russia,13.84,481.5,0.44
2024-07-07,Handysize,Russia,13.84,461.3,0.29
2024-07-08,Handysize,Russia,13.67,450.1,0.278
2024-07-09,Handysize,Russia,13.31,459.5,0.423
2024-07-10,Handysize,Russia,13.39,453.8,0.623
2024-07-11,Handysize,Russia,13.29,468.4,0.522
2024-07-12,Handysize,Russia,13.23,457.4,0.53
2024-07-13,Handysize,Russia,13.75,453.1,0.602
2024-07-14,Handysize,Russia,13.9,444.8,0.51
2024-07-15,Handysize,Russia,13.86,441.7,0.282
2024-07-16,Handysize,Russia,13.54,450.4,0.288
2024-07-17,Handysize,Russia,13.74,437.4,0.104
2024-07-18,Handysize,Russia,13.82,460.5,0.297
2024-07-19,Handysize,Russia,13.71,436.9,0.65
2024-07-20,Handysize,Russia,13.82,403.3,0.382
2024-07-21,Handysize,Russia,14.24,478.1,0.522
2024-07-22,Handysize,Russia,14.53,445.5,0.155
2024-07-23,Handysize,Russia,13.95,455.1,0.377
2024-07-24,Handysize,Russia,13.94,429.8,0.4
2024-07-25,Handysize,Russia,13.78,454.0,0.292
2024-07-26,Handysize,Russia,13.68,438.2,0.129
2024-07-27,Handysize,Russia,13.97,434.9,0.431
2024-07-28,Handysize,Russia,14.42,439.9,0.416
2024-07-29,Handysize,Russia,14.78,437.1,0.226
2024-07-30,Handysize,Russia,14.55,440.5,0.489
2024-07-31,Handysize,Russia,14.28,454.5,0.718
2024-08-01,Handysize,Russia,13.93,429.1,0.375
2024-08-02,Handysize,Russia,13.92,463.8,0.179
2024-08-03,Handysize,Russia,14.18,452.2,0.338
2024-08-04,Handysize,Russia,14.05,454.8,0.237
2024-08-05,Handysize,Russia,14.28,449.3,0.358
2024-08-06,Handysize,Russia,14.36,454.0,0.547
2024-08-07,Handysize,Russia,14.25,457.9,0.299
2024-08-08,Handysize,Russia,14.4,436.8,0.326
2024-08-09,Handysize,Russia,14.69,455.0,0.308
2024-08-10,Handysize,Russia,14.89,449.4,0.129
2024-08-11,Handysize,Russia,14.96,450.3,0.391
2024-08-12,Handysize,Russia,14.86,434.4,0.373
2024-08-13,Handysize,Russia,14.69,459.6,0.329
2024-08-14,Handysize,Russia,14.85,453.6,0.622
2024-08-15,Handysize,Russia,14.87,448.6,0.344
2024-08-16,Handysize,Russia,14.55,472.2,0.31
2024-08-17,Handysize,Russia,14.86,443.4,0.358
2024-08-18,Handysize,Russia,15.27,437.3,0.468
2024-08-19,Handysize,Russia,15.26,452.6,0.469
2024-08-20,Handysize,Russia,15.09,468.9,0.471
2024-08-21,Handysize,Russia,15.18,440.3,0.626
2024-08-22,Handysize,Russia,15.56,447.6,0.542
2024-08-23,Handysize,Russia,15.22,429.9,0.293
2024-08-24,Handysize,Russia,15.11,457.1,0.403
2024-08-25,Handysize,Russia,15.14,457.5,0.426
2024-08-26,Handysize,Russia,14.91,431.0,0.598
2024-08-27,Handysize,Russia,14.78,424.2,0.476
2024-08-28,Handysize,Russia,14.56,425.5,0.593
2024-08-29,Handysize,Russia,14.13,441.4,0.604
2024-08-30,Handysize,Russia,13.74,427.9,0.465
2024-08-31,Handysize,Russia,13.56,409.5,0.207
2024-09-01,Handysize,Russia,13.63,433.5,0.004
2024-09-02,Handysize,Russia,13.72,427.7,0.777
2024-09-03,Handysize,Russia,13.66,433.3,0.178
2024-09-04,Handysize,Russia,13.71,420.9,0.657
2024-09-05,Handysize,Russia,13.96,420.3,0.594
2024-09-06,Handysize,Russia,13.73,426.4,0.309
2024-09-07,Handysize,Russia,14.09,435.7,0.612
2024-09-08,Handysize,Russia,14.55,453.2,0.544
2024-09-09,Handysize,Russia,14.13,445.8,0.49
2024-09-10,Handysize,Russia,14.37,439.2,0.469
2024-09-11,Handysize,Russia,14.61,406.5,0.436
2024-09-12,Handysize,Russia,14.6,399.5,0.659
2024-09-13,Handysize,Russia,14.55,455.1,0.355
2024-09-14,Handysize,Russia,14.32,450.0,0.669
2024-09-15,Handysize,Russia,14.63,434.1,0.313
2024-09-16,Handysize,Russia,14.36,422.6,0.382
2024-09-17,Handysize,Russia,14.09,407.1,0.881
2024-09-18,Handysize,Russia,14.24,419.0,0.773
2024-09-19,Handysize,Russia,14.43,444.8,0.721
2024-09-20,Handysize,Russia,14.39,421.0,0.603
2024-09-21,Handysize,Russia,13.97,435.9,0.63
2024-09-22,Handysize,Russia,14.4,415.0,0.522
2024-09-23,Handysize,Russia,14.27,420.4,0.525
2024-09-24,Handysize,Russia,14.61,408.5,0.549
2024-09-25,Handysize,Russia,14.35,434.1,0.537
2024-09-26,Handysize,Russia,14.71,404.1,0.382
2024-09-27,Handysize,Russia,14.74,432.7,0.626
2024-09-28,Handysize,Russia,14.71,447.7,0.705
2024-09-29,Handysize,Russia,14.61,403.1,0.559
2024-09-30,Handysize,Russia,14.21,409.7,0.517
2024-10-01,Handysize,Russia,14.48,420.1,0.661
2024-10-02,Handysize,Russia,14.7,418.6,0.3
2024-10-03,Handysize,Russia,14.63,436.5,0.547
2024-10-04,Handysize,Russia,14.45,413.1,0.385
2024-10-05,Handysize,Russia,15.05,424.9,0.542
2024-10-06,Handysize,Russia,14.51,407.7,0.395
2024-10-07,Handysize,Russia,14.17,434.3,0.387
2024-10-08,Handysize,Russia,14.17,435.6,0.578
2024-10-09,Handysize,Russia,14.46,430.0,0.673
2024-10-10,Handysize,Russia,13.84,406.9,0.338
2024-10-11,Handysize,Russia,14.27,442.7,0.544
2024-10-12,Handysize,Russia,14.09,413.0,0.446
2024-10-13,Handysize,Russia,14.1,417.3,0.264
2024-10-14,Handysize,Russia,14.14,421.2,0.622
2024-10-15,Handysize,Russia,14.04,454.5,0.337
2024-10-16,Handysize,Russia,13.87,432.2,0.449
2024-10-17,Handysize,Russia,14.16,405.8,0.77
2024-10-18,Handysize,Russia,14.3,425.1,0.422
2024-10-19,Handysize,Russia,14.36,452.9,0.659
2024-10-20,Handysize,Russia,14.0,436.1,0.702
2024-10-21,Handysize,Russia,14.01,433.6,0.605
2024-10-22,Handysize,Russia,13.99,433.4,0.723
2024-10-23,Handysize,Russia,13.99,423.3,0.642
2024-10-24,Handysize,Russia,13.95,431.4,0.603
2024-10-25,Handysize,Russia,13.94,420.8,0.367
2024-10-26,Handysize,Russia,13.67,423.8,0.552
2024-10-27,Handysize,Russia,14.1,411.3,0.648
2024-10-28,Handysize,Russia,14.08,420.9,0.526
2024-10-29,Handysize,Russia,13.9,409.9,0.716
2024-10-30,Handysize,Russia,13.82,434.6,0.409
2024-10-31,Handysize,Russia,13.67,417.4,0.617
2024-11-01,Handysize,Russia,13.99,425.3,0.583
2024-11-02,Handysize,Russia,13.83,382.5,0.696
2024-11-03,Handysize,Russia,13.6,426.1,0.52
2024-11-04,Handysize,Russia,14.36,424.5,0.43
2024-11-05,Handysize,Russia,13.98,418.5,0.618
2024-11-06,Handysize,Russia,14.23,415.5,0.869
2024-11-07,Handysize,Russia,14.56,433.1,0.383
2024-11-08,Handysize,Russia,14.85,422.4,0.606
2024-11-09,Handysize,Russia,14.53,419.4,0.439
2024-11-10,Handysize,Russia,14.16,421.6,0.431
2024-11-11,Handysize,Russia,14.08,421.5,0.708
2024-11-12,Handysize,Russia,13.82,427.3,0.684
2024-11-13,Handysize,Russia,14.15,405.6,0.822
2024-11-14,Handysize,Russia,14.46,412.3,0.334
2024-11-15,Handysize,Russia,14.0,425.7,0.679
2024-11-16,Handysize,Russia,13.9,441.3,0.943
2024-11-17,Handysize,Russia,14.25,419.6,0.702
2024-11-18,Handysize,Russia,14.0,407.4,0.539
2024-11-19,Handysize,Russia,14.21,411.3,0.552
2024-11-20,Handysize,Russia,14.42,422.1,0.551
2024-11-21,Handysize,Russia,14.33,437.9,0.608
2024-11-22,Handysize,Russia,14.23,439.2,0.57
2024-11-23,Handysize,Russia,14.65,421.8,0.503
2024-11-24,Handysize,Russia,14.53,409.5,0.698
2024-11-25,Handysize,Russia,14.45,404.2,0.339
2024-11-26,Handysize,Russia,14.51,418.4,0.672
2024-11-27,Handysize,Russia,14.82,426.7,0.492
2024-11-28,Handysize,Russia,14.65,419.9,0.526
2024-11-29,Handysize,Russia,14.69,411.8,0.607
2024-11-30,Handysize,Russia,14.45,427.3,0.764
2024-12-01,Handysize,Russia,14.74,415.7,0.442
2024-12-02,Handysize,Russia,14.69,419.3,0.568
2024-12-03,Handysize,Russia,14.63,437.0,0.632
2024-12-04,Handysize,Russia,14.62,409.7,0.366
2024-12-05,Handysize,Russia,14.51,398.0,0.461
2024-12-06,Handysize,Russia,14.29,396.6,0.507
2024-12-07,Handysize,Russia,14.69,376.3,0.337
2024-12-08,Handysize,Russia,14.92,402.2,0.495
2024-12-09,Handysize,Russia,14.84,393.5,0.275
2024-12-10,Handysize,Russia,14.91,408.9,0.39
2024-12-11,Handysize,Russia,14.82,400.7,0.583
2024-12-12,Handysize,Russia,14.74,416.3,0.424
2024-12-13,Handysize,Russia,15.25,418.6,0.334
2024-12-14,Handysize,Russia,15.27,401.9,0.609
2024-12-15,Handysize,Russia,15.7,399.7,0.612
2024-12-16,Handysize,Russia,15.78,422.8,0.505
2024-12-17,Handysize,Russia,15.51,384.8,0.68
2024-12-18,Handysize,Russia,15.51,371.6,0.53
2024-12-19,Handysize,Russia,15.46,391.8,0.67
2024-12-20,Handysize,Russia,15.36,422.3,0.519
2024-12-21,Handysize,Russia,15.07,412.5,0.567
2024-12-22,Handysize,Russia,15.14,385.8,0.409
2024-12-23,Handysize,Russia,14.97,412.5,0.448
2024-12-24,Handysize,Russia,15.14,400.6,0.523
2024-12-25,Handysize,Russia,15.07,379.9,0.458
2024-12-26,Handysize,Russia,15.27,411.7,0.468
2024-12-27,Handysize,Russia,15.18,379.0,0.512
2024-12-28,Handysize,Russia,14.84,395.5,0.452
2024-12-29,Handysize,Russia,15.01,421.4,0.58
2024-12-30,Handysize,Russia,14.63,420.3,0.67
2024-12-31,Handysize,Russia,14.51,403.5,0.557
2025-01-01,Handysize,Russia,14.4,403.3,0.581
2025-01-02,Handysize,Russia,14.2,379.7,0.6
2025-01-03,Handysize,Russia,14.17,377.9,0.346
2025-01-04,Handysize,Russia,14.21,418.3,0.555
2025-01-05,Handysize,Russia,14.28,410.2,0.379
2025-01-06,Handysize,Russia,14.39,409.2,0.603
2025-01-07,Handysize,Russia,14.25,412.7,0.196
2025-01-08,Handysize,Russia,13.55,402.8,0.626
2025-01-09,Handysize,Russia,13.34,380.6,0.527
2025-01-10,Handysize,Russia,13.48,409.4,0.508
2025-01-11,Handysize,Russia,13.08,424.0,0.454
2025-01-12,Handysize,Russia,12.93,399.9,0.685
2025-01-13,Handysize,Russia,13.28,415.4,0.521
2025-01-14,Handysize,Russia,13.24,405.2,0.546
2025-01-15,Handysize,Russia,13.38,396.9,0.725
2025-01-16,Handysize,Russia,13.02,417.1,0.538
2025-01-17,Handysize,Russia,12.99,408.0,0.718
2025-01-18,Handysize,Russia,12.49,394.0,0.521
2025-01-19,Handysize,Russia,13.18,401.9,0.429
2025-01-20,Handysize,Russia,13.68,394.3,0.482
2025-01-21,Handysize,Russia,13.34,402.4,0.697
2025-01-22,Handysize,Russia,13.67,411.0,0.55
2025-01-23,Handysize,Russia,13.51,381.2,0.35
2025-01-24,Handysize,Russia,13.64,375.8,0.362
2025-01-25,Handysize,Russia,13.7,414.1,0.73
2025-01-26,Handysize,Russia,13.41,392.3,0.42
2025-01-27,Handysize,Russia,13.17,387.0,0.347
2025-01-28,Handysize,Russia,13.45,391.9,0.516
2025-01-29,Handysize,Russia,13.15,406.7,0.547
2025-01-30,Handysize,Russia,13.03,408.5,0.635
2025-01-31,Handysize,Russia,12.92,401.1,0.382
2025-02-01,Handysize,Russia,12.96,392.5,0.392
2025-02-02,Handysize,Russia,12.92,389.1,0.776
2025-02-03,Handysize,Russia,12.81,406.3,0.587
2025-02-04,Handysize,Russia,12.89,387.7,0.501
2025-02-05,Handysize,Russia,13.22,370.5,0.497
2025-02-06,Handysize,Russia,14.04,394.6,0.617
2025-02-07,Handysize,Russia,13.76,412.7,0.703
2025-02-08,Handysize,Russia,13.7,392.1,0.58
2025-02-09,Handysize,Russia,13.67,404.8,0.383
2025-02-10,Handysize,Russia,14.24,382.8,0.579
2025-02-11,Handysize,Russia,14.2,369.8,0.553
2025-02-12,Handysize,Russia,13.8,398.8,0.488
2025-02-13,Handysize,Russia,13.3,397.7,0.582
2025-02-14,Handysize,Russia,13.72,377.5,0.506
2025-02-15,Handysize,Russia,13.96,390.3,0.432
2025-02-16,Handysize,Russia,13.99,398.6,0.479
2025-02-17,Handysize,Russia,13.28,373.1,0.443
2025-02-18,Handysize,Russia,13.94,391.4,0.521
2025-02-19,Handysize,Russia,13.27,373.9,0.47
2025-02-20,Handysize,Russia,14.03,401.2,0.159
2025-02-21,Handysize,Russia,13.57,373.6,0.375
2025-02-22,Handysize,Russia,13.5,405.6,0.405
2025-02-23,Handysize,Russia,13.46,410.1,0.21
2025-02-24,Handysize,Russia,14.07,387.9,0.759
2025-02-25,Handysize,Russia,13.89,370.0,0.695
2025-02-26,Handysize,Russia,14.42,386.7,0.291
2025-02-27,Handysize,Russia,13.9,408.7,0.489
2025-02-28,Handysize,Russia,14.13,370.3,0.582
2025-03-01,Handysize,Russia,13.73,378.3,0.306
2025-03-02,Handysize,Russia,13.59,382.4,0.564
2025-03-03,Handysize,Russia,13.84,408.5,0.413
2025-03-04,Handysize,Russia,13.88,400.8,0.3
2025-03-05,Handysize,Russia,14.11,366.7,0.589
2025-03-06,Handysize,Russia,13.71,405.3,0.541
2025-03-07,Handysize,Russia,13.53,417.0,0.704
2025-03-08,Handysize,Russia,13.44,358.9,0.269
2025-03-09,Handysize,Russia,13.05,385.7,0.79
2025-03-10,Handysize,Russia,12.95,366.3,0.419
2025-03-11,Handysize,Russia,13.21,384.2,0.376
2025-03-12,Handysize,Russia,13.43,404.6,0.396
2025-03-13,Handysize,Russia,13.37,382.3,0.219
2025-03-14,Handysize,Russia,13.15,400.3,0.421
2025-03-15,Handysize,Russia,13.0,410.3,0.485
2025-03-16,Handysize,Russia,12.96,387.7,0.722
2025-03-17,Handysize,Russia,13.38,376.6,0.251
2025-03-18,Handysize,Russia,13.08,378.6,0.287
2025-03-19,Handysize,Russia,13.37,366.1,0.457
2025-03-20,Handysize,Russia,13.4,400.6,0.648
2025-03-21,Handysize,Russia,13.41,384.7,0.552
2025-03-22,Handysize,Russia,13.61,395.5,0.316
2025-03-23,Handysize,Russia,14.12,400.7,0.309
2025-03-24,Handysize,Russia,14.58,402.8,0.44
2025-03-25,Handysize,Russia,14.8,386.5,0.412
2025-03-26,Handysize,Russia,15.17,409.7,0.326
2025-03-27,Handysize,Russia,15.4,382.6,0.359
2025-03-28,Handysize,Russia,15.42,416.1,0.501
2025-03-29,Handysize,Russia,15.12,392.4,0.636
2025-03-30,Handysize,Russia,15.02,417.7,0.569
2025-03-31,Handysize,Russia,14.82,384.4,0.537
2025-04-01,Handysize,Russia,15.02,389.7,0.298
2025-04-02,Handysize,Russia,15.33,367.1,0.471
2025-04-03,Handysize,Russia,15.5,400.2,0.432
2025-04-04,Handysize,Russia,15.46,408.8,0.517
2025-04-05,Handysize,Russia,15.74,388.4,0.333
2025-04-06,Handysize,Russia,15.58,399.7,0.423
2025-04-07,Handysize,Russia,15.66,412.7,0.372
2025-04-08,Handysize,Russia,15.57,418.0,0.647
2025-04-09,Handysize,Russia,15.6,376.3,0.56
2025-04-10,Handysize,Russia,15.54,401.7,0.581
2025-04-11,Handysize,Russia,15.23,357.3,0.483
2025-04-12,Handysize,Russia,15.43,388.3,0.705
2025-04-13,Handysize,Russia,15.3,394.8,0.426
2025-04-14,Handysize,Russia,15.04,400.6,0.343
2025-04-15,Handysize,Russia,15.13,386.0,0.442
2025-04-16,Handysize,Russia,15.05,397.6,0.489
2025-04-17,Handysize,Russia,15.0,387.3,0.153
2025-04-18,Handysize,Russia,15.0,372.6,0.424
2025-04-19,Handysize,Russia,14.67,374.2,0.34
2025-04-20,Handysize,Russia,14.58,384.7,0.382
2025-04-21,Handysize,Russia,14.59,376.5,0.223
2025-04-22,Handysize,Russia,14.55,369.2,0.643
2025-04-23,Handysize,Russia,14.52,401.3,0.55
2025-04-24,Handysize,Russia,14.58,384.6,0.316
2025-04-25,Handysize,Russia,14.64,399.7,0.414
2025-04-26,Handysize,Russia,14.45,373.4,0.309
2025-04-27,Handysize,Russia,14.77,375.8,0.513
2025-04-28,Handysize,Russia,14.62,416.7,0.322
2025-04-29,Handysize,Russia,14.89,396.4,0.445
2025-04-30,Handysize,Russia,15.4,382.2,0.433
2025-05-01,Handysize,Russia,15.01,395.7,0.184
2025-05-02,Handysize,Russia,14.78,372.7,0.448
2025-05-03,Handysize,Russia,14.72,385.9,0.41
2025-05-04,Handysize,Russia,14.45,405.2,0.27
2025-05-05,Handysize,Russia,14.06,376.8,0.537
2025-05-06,Handysize,Russia,14.18,390.4,0.449
2025-05-07,Handysize,Russia,14.08,398.0,0.391
2025-05-08,Handysize,Russia,13.87,410.4,0.597
2025-05-09,Handysize,Russia,14.01,372.7,0.281
2025-05-10,Handysize,Russia,13.97,393.0,0.401
2025-05-11,Handysize,Russia,13.99,395.2,0.262
2025-05-12,Handysize,Russia,13.92,401.0,0.203
2025-05-13,Handysize,Russia,14.04,363.5,0.428
2025-05-14,Handysize,Russia,13.93,397.7,0.175
2025-05-15,Handysize,Russia,13.9,386.9,0.552
2025-05-16,Handysize,Russia,13.9,397.8,0.324
2025-05-17,Handysize,Russia,14.16,402.4,0.454
2025-05-18,Handysize,Russia,14.36,380.6,0.456
2025-05-19,Handysize,Russia,14.3,382.7,0.555
2025-05-20,Handysize,Russia,14.09,392.7,0.222
2025-05-21,Handysize,Russia,14.29,373.9,0.463
2025-05-22,Handysize,Russia,14.05,397.0,0.375
2025-05-23,Handysize,Russia,13.98,359.8,0.227
2025-05-24,Handysize,Russia,13.68,393.3,0.259
2025-05-25,Handysize,Russia,13.51,395.5,0.344
2025-05-26,Handysize,Russia,13.98,401.8,0.406
2025-05-27,Handysize,Russia,14.22,395.1,0.405
2025-05-28,Handysize,Russia,14.09,388.2,0.204
2025-05-29,Handysize,Russia,13.55,390.4,0.313
2025-05-30,Handysize,Russia,13.73,425.8,0.433
2025-05-31,Handysize,Russia,13.62,375.3,0.484
2025-06-01,Handysize,Russia,13.59,405.5,0.383
2025-06-02,Handysize,Russia,13.66,405.2,0.159
2025-06-03,Handysize,Russia,13.75,395.5,0.462
2025-06-04,Handysize,Russia,13.79,390.1,0.335
2025-06-05,Handysize,Russia,13.79,398.7,0.377
2025-06-06,Handysize,Russia,13.94,371.2,0.424
2025-06-07,Handysize,Russia,13.42,379.3,0.0
2025-06-08,Handysize,Russia,13.69,400.3,0.39
2025-06-09,Handysize,Russia,13.65,416.0,0.593
2025-06-10,Handysize,Russia,13.68,389.3,0.0
2025-06-11,Handysize,Russia,13.97,387.4,0.456
2025-06-12,Handysize,Russia,14.0,363.0,0.367
2025-06-13,Handysize,Russia,13.9,385.2,0.331
2025-06-14,Handysize,Russia,13.78,370.8,0.386
2025-06-15,Handysize,Russia,13.86,426.4,0.65
2025-06-16,Handysize,Russia,13.95,424.8,0.199
2025-06-17,Handysize,Russia,14.07,427.8,0.429
2025-06-18,Handysize,Russia,13.89,365.9,0.53
2025-06-19,Handysize,Russia,13.77,397.4,0.13
2025-06-20,Handysize,Russia,13.7,405.5,0.156
2025-06-21,Handysize,Russia,13.78,386.4,0.14
2025-06-22,Handysize,Russia,13.78,395.3,0.095
2025-06-23,Handysize,Russia,13.56,397.3,0.449
2025-06-24,Handysize,Russia,13.32,387.7,0.391
2025-06-25,Handysize,Russia,13.1,385.8,0.19
2025-06-26,Handysize,Russia,13.04,400.9,0.416
2025-06-27,Handysize,Russia,12.83,373.1,0.416
2025-06-28,Handysize,Russia,12.35,396.5,0.543
2025-06-29,Handysize,Russia,12.53,396.6,0.408
2025-06-30,Handysize,Russia,12.18,407.0,0.174
2025-07-01,Handysize,Russia,12.2,404.4,0.479
2025-07-02,Handysize,Russia,11.97,391.0,0.47
2025-07-03,Handysize,Russia,12.31,383.8,0.065
2025-07-04,Handysize,Russia,12.47,407.1,0.207
2025-07-05,Handysize,Russia,12.55,396.4,0.321
2025-07-06,Handysize,Russia,12.21,413.7,0.399
2025-07-07,Handysize,Russia,11.98,367.6,0.209
2025-07-08,Handysize,Russia,11.99,388.0,0.331
2025-07-09,Handysize,Russia,12.16,394.3,0.327
2025-07-10,Handysize,Russia,12.02,412.2,0.0
2025-07-11,Handysize,Russia,12.03,407.2,0.245
2025-07-12,Handysize,Russia,11.87,374.2,0.093
2025-07-13,Handysize,Russia,12.25,390.6,0.571
2025-07-14,Handysize,Russia,11.8,400.1,0.138
2025-07-15,Handysize,Russia,11.57,400.5,0.368
2025-07-16,Handysize,Russia,11.57,395.6,0.444
2025-07-17,Handysize,Russia,11.48,375.0,0.329
2025-07-18,Handysize,Russia,11.43,398.7,0.102
2025-07-19,Handysize,Russia,11.53,375.0,0.36
2025-07-20,Handysize,Russia,11.23,420.4,0.249
2025-07-21,Handysize,Russia,10.99,389.8,0.33
2025-07-22,Handysize,Russia,11.0,400.1,0.156
2025-07-23,Handysize,Russia,10.96,378.8,0.413
2025-07-24,Handysize,Russia,11.63,373.5,0.214
2025-07-25,Handysize,Russia,11.7,385.5,0.235
2025-07-26,Handysize,Russia,11.49,388.7,0.421
2025-07-27,Handysize,Russia,11.63,421.4,0.356
2025-07-28,Handysize,Russia,11.62,395.6,0.261
2025-07-29,Handysize,Russia,12.09,388.2,0.361
2025-07-30,Handysize,Russia,12.01,385.3,0.08
2025-07-31,Handysize,Russia,12.36,410.3,0.129
2025-08-01,Handysize,Russia,12.23,403.2,0.185
2025-08-02,Handysize,Russia,11.6,373.0,0.0
2025-08-03,Handysize,Russia,11.78,388.3,0.0
2025-08-04,Handysize,Russia,12.17,397.0,0.442
2025-08-05,Handysize,Russia,12.24,388.3,0.106
2025-08-06,Handysize,Russia,11.78,363.6,0.206
2025-08-07,Handysize,Russia,11.82,435.1,0.108
2025-08-08,Handysize,Russia,11.65,390.4,0.358
2025-08-09,Handysize,Russia,11.79,395.0,0.307
2025-08-10,Handysize,Russia,11.75,396.3,0.486
2025-08-11,Handysize,Russia,11.85,412.0,0.212
2025-08-12,Handysize,Russia,11.33,404.2,0.367
2025-08-13,Handysize,Russia,11.38,393.3,0.351
2025-08-14,Handysize,Russia,11.27,417.7,0.301
2025-08-15,Handysize,Russia,11.1,416.0,0.223
2025-08-16,Handysize,Russia,11.55,380.7,0.17
2025-08-17,Handysize,Russia,11.63,396.1,0.295
2025-08-18,Handysize,Russia,11.72,410.8,0.356
2025-08-19,Handysize,Russia,11.56,431.4,0.302
2025-08-20,Handysize,Russia,11.75,425.2,0.078
2025-08-21,Handysize,Russia,11.01,430.7,0.367
2025-08-22,Handysize,Russia,10.93,399.5,0.283
2025-08-23,Handysize,Russia,10.99,406.7,0.44
2025-08-24,Handysize,Russia,11.05,411.9,0.293
2025-08-25,Handysize,Russia,10.88,396.8,0.11
2025-08-26,Handysize,Russia,10.53,390.5,0.0
2025-08-27,Handysize,Russia,10.75,408.0,0.291
2025-08-28,Handysize,Russia,10.26,390.4,0.505
2025-08-29,Handysize,Russia,10.11,394.7,0.123
2025-08-30,Handysize,Russia,10.55,390.6,0.464
2025-08-31,Handysize,Russia,10.13,414.8,0.233
2025-09-01,Handysize,Russia,10.45,388.3,0.291
2025-09-02,Handysize,Russia,10.55,395.5,0.527
2025-09-03,Handysize,Russia,11.37,403.7,0.162
2025-09-04,Handysize,Russia,11.51,404.2,0.315
2025-09-05,Handysize,Russia,11.31,429.0,0.262
2025-09-06,Handysize,Russia,11.83,403.4,0.34
2025-09-07,Handysize,Russia,11.66,403.2,0.464
2025-09-08,Handysize,Russia,11.63,417.2,0.326
2025-09-09,Handysize,Russia,11.55,415.8,0.281
2025-09-10,Handysize,Russia,11.46,400.5,0.156
2025-09-11,Handysize,Russia,11.07,397.9,0.424
2025-09-12,Handysize,Russia,11.29,380.8,0.078
2025-09-13,Handysize,Russia,11.08,393.7,0.151
2025-09-14,Handysize,Russia,11.33,403.7,0.444
2025-09-15,Handysize,Russia,11.09,409.8,0.0
2025-09-16,Handysize,Russia,10.84,393.9,0.327
2025-09-17,Handysize,Russia,10.37,429.5,0.18
2025-09-18,Handysize,Russia,10.4,403.9,0.275
2025-09-19,Handysize,Russia,10.97,416.7,0.351
2025-09-20,Handysize,Russia,10.9,407.9,0.331
2025-09-21,Handysize,Russia,10.74,410.4,0.048
2025-09-22,Handysize,Russia,10.98,446.7,0.17
2025-09-23,Handysize,Russia,11.08,393.4,0.32
2025-09-24,Handysize,Russia,10.93,411.5,0.147
2025-09-25,Handysize,Russia,10.55,416.1,0.022
2025-09-26,Handysize,Russia,10.7,411.6,0.389
2025-09-27,Handysize,Russia,11.27,394.1,0.314
2025-09-28,Handysize,Russia,11.57,423.7,0.371
2025-09-29,Handysize,Russia,11.63,404.2,0.105
2025-09-30,Handysize,Russia,11.71,399.3,0.223
2025-10-01,Handysize,Russia,11.45,438.3,0.0
2025-10-02,Handysize,Russia,11.67,412.2,0.084
2025-10-03,Handysize,Russia,11.4,410.2,0.253
2025-10-04,Handysize,Russia,11.14,444.1,0.622
2025-10-05,Handysize,Russia,11.69,416.8,0.48
2025-10-06,Handysize,Russia,11.52,434.2,0.0
2025-10-07,Handysize,Russia,11.62,426.9,0.449
2025-10-08,Handysize,Russia,11.71,426.5,0.305
2025-10-09,Handysize,Russia,11.86,426.5,0.269
2025-10-10,Handysize,Russia,11.51,395.8,0.198
2025-10-11,Handysize,Russia,11.53,424.7,0.194
2025-10-12,Handysize,Russia,10.97,399.9,0.28
2025-10-13,Handysize,Russia,11.41,394.1,0.429
2025-10-14,Handysize,Russia,11.53,413.8,0.274
2025-10-15,Handysize,Russia,11.31,389.8,0.365
2025-10-16,Handysize,Russia,11.1,408.6,0.471
2025-10-17,Handysize,Russia,11.21,438.6,0.263
2025-10-18,Handysize,Russia,11.22,422.4,0.308
2025-10-19,Handysize,Russia,11.04,414.2,0.562
2025-10-20,Handysize,Russia,11.16,425.4,0.0
2025-10-21,Handysize,Russia,11.38,429.8,0.349
2025-10-22,Handysize,Russia,10.73,397.9,0.436
2025-10-23,Handysize,Russia,10.69,395.3,0.13
2025-10-24,Handysize,Russia,10.7,420.1,0.39
2025-10-25,Handysize,Russia,11.01,428.4,0.177
2025-10-26,Handysize,Russia,11.24,410.6,0.022
2025-10-27,Handysize,Russia,11.52,430.8,0.333
2025-10-28,Handysize,Russia,11.66,388.4,0.096
2025-10-29,Handysize,Russia,11.82,436.8,0.49
2025-10-30,Handysize,Russia,11.95,410.4,0.284
2025-10-31,Handysize,Russia,12.06,403.0,0.377
2025-11-01,Handysize,Russia,12.27,417.8,0.38
2025-11-02,Handysize,Russia,12.3,440.2,0.437
2025-11-03,Handysize,Russia,12.56,419.1,0.383
2025-11-04,Handysize,Russia,12.47,409.4,0.131
2025-11-05,Handysize,Russia,12.37,440.9,0.431
2025-11-06,Handysize,Russia,12.2,415.2,0.051
2025-11-07,Handysize,Russia,12.23,412.0,0.233
2025-11-08,Handysize,Russia,12.46,416.4,0.256
2025-11-09,Handysize,Russia,12.64,422.9,0.418
2025-11-10,Handysize,Russia,12.55,400.0,0.501
2025-11-11,Handysize,Russia,12.57,402.7,0.132
2025-11-12,Handysize,Russia,12.63,426.1,0.524
2025-11-13,Handysize,Russia,12.79,421.9,0.153
2025-11-14,Handysize,Russia,12.78,407.9,0.037
2025-11-15,Handysize,Russia,13.04,405.0,0.295
2025-11-16,Handysize,Russia,13.5,429.1,0.335
2025-11-17,Handysize,Russia,13.54,432.3,0.0
2025-11-18,Handysize,Russia,13.64,427.8,0.286
2025-11-19,Handysize,Russia,13.74,431.2,0.101
2025-11-20,Handysize,Russia,13.92,420.5,0.129
2025-11-21,Handysize,Russia,13.84,421.7,0.275
2025-11-22,Handysize,Russia,13.93,448.1,0.253
2025-11-23,Handysize,Russia,13.78,452.8,0.355
2025-11-24,Handysize,Russia,13.65,416.7,0.54
2025-11-25,Handysize,Russia,13.45,409.6,0.474
2025-11-26,Handysize,Russia,13.29,435.3,0.081
2025-11-27,Handysize,Russia,13.79,463.6,0.16
2025-11-28,Handysize,Russia,13.74,443.1,0.035
2025-11-29,Handysize,Russia,14.06,414.9,0.215
2025-11-30,Handysize,Russia,14.19,421.1,0.153
2025-12-01,Handysize,Russia,14.17,434.5,0.417
2025-12-02,Handysize,Russia,14.4,394.6,0.0
2025-12-03,Handysize,Russia,14.37,417.2,0.436
2025-12-04,Handysize,Russia,14.16,438.8,0.403
2025-12-05,Handysize,Russia,14.04,434.6,0.303
2025-12-06,Handysize,Russia,14.12,429.3,0.33
2025-12-07,Handysize,Russia,14.22,416.6,0.451
2025-12-08,Handysize,Russia,14.31,436.9,0.3
2025-12-09,Handysize,Russia,14.27,427.9,0.373
2025-12-10,Handysize,Russia,14.28,444.4,0.527
2025-12-11,Handysize,Russia,14.54,441.9,0.196
2025-12-12,Handysize,Russia,14.62,441.6,0.116
2025-12-13,Handysize,Russia,14.67,441.6,0.421
2025-12-14,Handysize,Russia,14.58,421.7,0.336
2025-12-15,Handysize,Russia,14.66,427.1,0.405
2025-12-16,Handysize,Russia,14.97,424.4,0.549
2025-12-17,Handysize,Russia,14.96,447.7,0.381
2025-12-18,Handysize,Russia,15.0,464.4,0.542
2025-12-19,Handysize,Russia,15.19,448.3,0.238
2025-12-20,Handysize,Russia,15.03,444.2,0.46
2025-12-21,Handysize,Russia,15.03,424.3,0.222
2025-12-22,Handysize,Russia,14.73,429.1,0.155
2025-12-23,Handysize,Russia,14.58,417.1,0.294
2025-12-24,Handysize,Russia,14.19,454.8,0.27
2025-12-25,Handysize,Russia,14.24,415.4,0.596
2025-12-26,Handysize,Russia,14.19,405.1,0.33
2025-12-27,Handysize,Russia,14.49,432.2,0.256
2025-12-28,Handysize,Russia,14.39,416.4,0.4
2025-12-29,Handysize,Russia,14.06,457.0,0.335
2025-12-30,Handysize,Russia,13.87,443.2,0.412
2023-01-01,Handysize,USA,20.59,435.6,0.504
2023-01-02,Handysize,USA,20.61,450.6,0.568
2023-01-03,Handysize,USA,21.12,466.1,0.589
2023-01-04,Handysize,USA,21.21,454.7,0.516
2023-01-05,Handysize,USA,20.95,464.9,0.516
2023-01-06,Handysize,USA,21.09,454.6,0.244
2023-01-07,Handysize,USA,20.66,463.2,0.376
2023-01-08,Handysize,USA,20.34,474.5,0.338
2023-01-09,Handysize,USA,20.44,438.8,0.302
2023-01-10,Handysize,USA,19.95,433.7,0.203
2023-01-11,Handysize,USA,20.02,461.7,0.195
2023-01-12,Handysize,USA,21.03,466.0,0.667
2023-01-13,Handysize,USA,21.29,439.1,0.253
2023-01-14,Handysize,USA,20.98,460.8,0.467
2023-01-15,Handysize,USA,21.94,422.2,0.322
2023-01-16,Handysize,USA,21.76,464.2,0.524
2023-01-17,Handysize,USA,21.34,444.9,0.229
2023-01-18,Handysize,USA,21.34,468.6,0.153
2023-01-19,Handysize,USA,20.89,456.8,0.546
2023-01-20,Handysize,USA,21.24,456.0,0.545
2023-01-21,Handysize,USA,21.33,490.3,0.496
2023-01-22,Handysize,USA,21.14,462.4,0.332
2023-01-23,Handysize,USA,20.85,458.9,0.369
2023-01-24,Handysize,USA,20.86,470.1,0.341
2023-01-25,Handysize,USA,21.31,465.4,0.544
2023-01-26,Handysize,USA,21.57,441.9,0.252
2023-01-27,Handysize,USA,21.89,432.1,0.143
2023-01-28,Handysize,USA,22.0,444.0,0.591
2023-01-29,Handysize,USA,21.84,453.4,0.396
2023-01-30,Handysize,USA,21.92,459.2,0.579
2023-01-31,Handysize,USA,22.24,469.8,0.343
2023-02-01,Handysize,USA,22.47,458.7,0.498
2023-02-02,Handysize,USA,22.18,496.1,0.611
2023-02-03,Handysize,USA,22.38,462.8,0.522
2023-02-04,Handysize,USA,22.51,458.2,0.46
2023-02-05,Handysize,USA,22.46,446.9,0.292
2023-02-06,Handysize,USA,22.31,478.3,0.366
2023-02-07,Handysize,USA,21.76,456.3,0.486
2023-02-08,Handysize,USA,22.1,465.1,0.29
2023-02-09,Handysize,USA,21.91,482.1,0.764
2023-02-10,Handysize,USA,21.81,450.9,0.47
2023-02-11,Handysize,USA,21.82,474.5,0.416
2023-02-12,Handysize,USA,21.71,440.1,0.404
2023-02-13,Handysize,USA,21.98,496.0,0.389
2023-02-14,Handysize,USA,22.1,459.2,0.631
2023-02-15,Handysize,USA,22.22,473.4,0.222
2023-02-16,Handysize,USA,22.02,464.4,0.331
2023-02-17,Handysize,USA,22.02,478.5,0.482
2023-02-18,Handysize,USA,21.66,480.9,0.631
2023-02-19,Handysize,USA,21.67,470.2,0.495
2023-02-20,Handysize,USA,21.62,455.1,0.543
2023-02-21,Handysize,USA,21.25,478.8,0.618
2023-02-22,Handysize,USA,21.22,460.5,0.384
2023-02-23,Handysize,USA,21.43,456.3,0.464
2023-02-24,Handysize,USA,21.6,463.4,0.648
2023-02-25,Handysize,USA,21.76,479.5,0.513
2023-02-26,Handysize,USA,21.63,493.1,0.529
2023-02-27,Handysize,USA,21.35,459.2,0.296
2023-02-28,Handysize,USA,21.27,448.3,0.285
2023-03-01,Handysize,USA,21.38,475.0,0.391
2023-03-02,Handysize,USA,21.45,446.8,0.589
2023-03-03,Handysize,USA,21.41,463.2,0.587
2023-03-04,Handysize,USA,21.35,477.6,0.378
2023-03-05,Handysize,USA,21.77,450.5,0.284
2023-03-06,Handysize,USA,21.45,475.3,0.787
2023-03-07,Handysize,USA,21.71,464.3,0.593
2023-03-08,Handysize,USA,22.08,483.5,0.676
2023-03-09,Handysize,USA,21.85,486.0,0.475
2023-03-10,Handysize,USA,21.45,463.5,0.573
2023-03-11,Handysize,USA,21.39,472.2,0.353
2023-03-12,Handysize,USA,21.55,466.7,0.7
2023-03-13,Handysize,USA,21.41,463.7,0.464
2023-03-14,Handysize,USA,21.25,477.5,0.629
2023-03-15,Handysize,USA,21.94,492.6,0.74
2023-03-16,Handysize,USA,22.0,490.0,0.865
2023-03-17,Handysize,USA,21.99,475.4,0.176
2023-03-18,Handysize,USA,22.04,477.2,0.58
2023-03-19,Handysize,USA,21.68,480.0,0.573
2023-03-20,Handysize,USA,21.76,443.7,0.406
2023-03-21,Handysize,USA,22.06,483.0,0.608
2023-03-22,Handysize,USA,21.83,486.6,0.557
2023-03-23,Handysize,USA,21.85,461.3,0.597
2023-03-24,Handysize,USA,22.23,453.9,0.395
2023-03-25,Handysize,USA,21.97,474.8,0.38
2023-03-26,Handysize,USA,21.65,447.0,0.647
2023-03-27,Handysize,USA,21.92,475.0,0.696
2023-03-28,Handysize,USA,22.16,468.0,0.595
2023-03-29,Handysize,USA,22.06,505.4,0.661
2023-03-30,Handysize,USA,22.15,494.2,0.683
2023-03-31,Handysize,USA,21.49,463.4,0.732
2023-04-01,Handysize,USA,21.74,480.5,0.43
2023-04-02,Handysize,USA,22.18,495.4,0.538
2023-04-03,Handysize,USA,21.64,469.3,0.348
2023-04-04,Handysize,USA,21.71,460.9,0.681
2023-04-05,Handysize,USA,22.03,494.2,0.585
2023-04-06,Handysize,USA,22.78,507.5,0.721
2023-04-07,Handysize,USA,22.09,487.5,0.627
2023-04-08,Handysize,USA,21.47,466.4,0.293
2023-04-09,Handysize,USA,22.32,506.3,0.367
2023-04-10,Handysize,USA,20.78,454.0,0.715
2023-04-11,Handysize,USA,20.21,490.9,0.693
2023-04-12,Handysize,USA,19.9,471.0,0.73
2023-04-13,Handysize,USA,20.21,476.7,0.811
2023-04-14,Handysize,USA,20.46,489.6,0.573
2023-04-15,Handysize,USA,20.32,479.1,0.577
2023-04-16,Handysize,USA,19.39,495.0,0.32
2023-04-17,Handysize,USA,19.54,455.5,0.605
2023-04-18,Handysize,USA,19.02,471.9,0.623
2023-04-19,Handysize,USA,18.84,499.4,0.302
2023-04-20,Handysize,USA,18.67,504.7,0.444
2023-04-21,Handysize,USA,18.59,470.3,0.576
2023-04-22,Handysize,USA,18.19,490.7,0.625
2023-04-23,Handysize,USA,16.67,470.5,0.441
2023-04-24,Handysize,USA,17.74,481.3,0.28
2023-04-25,Handysize,USA,17.83,487.4,0.58
2023-04-26,Handysize,USA,18.04,515.0,0.478
2023-04-27,Handysize,USA,17.79,497.0,0.605
2023-04-28,Handysize,USA,17.9,501.1,0.316
2023-04-29,Handysize,USA,18.58,471.9,0.382
2023-04-30,Handysize,USA,20.16,481.7,0.534
2023-05-01,Handysize,USA,20.0,486.2,0.746
2023-05-02,Handysize,USA,20.48,491.1,0.544
2023-05-03,Handysize,USA,21.23,465.6,0.473
2023-05-04,Handysize,USA,20.93,476.2,0.386
2023-05-05,Handysize,USA,21.05,491.8,0.558
2023-05-06,Handysize,USA,20.95,517.4,0.51
2023-05-07,Handysize,USA,21.69,463.5,0.635
2023-05-08,Handysize,USA,20.96,507.3,0.43
2023-05-09,Handysize,USA,21.12,464.5,0.171
2023-05-10,Handysize,USA,21.66,473.9,0.676
2023-05-11,Handysize,USA,22.28,490.9,0.684
2023-05-12,Handysize,USA,21.89,481.3,0.753
2023-05-13,Handysize,USA,22.41,516.4,0.341
2023-05-14,Handysize,USA,22.78,498.1,0.647
2023-05-15,Handysize,USA,23.36,497.4,0.472
2023-05-16,Handysize,USA,23.93,510.9,0.307
2023-05-17,Handysize,USA,24.05,452.9,0.522
2023-05-18,Handysize,USA,25.0,497.6,0.626
2023-05-19,Handysize,USA,23.97,489.1,0.811
2023-05-20,Handysize,USA,23.43,490.2,0.512
2023-05-21,Handysize,USA,22.99,494.8,0.603
2023-05-22,Handysize,USA,24.14,482.6,0.461
2023-05-23,Handysize,USA,24.61,502.6,0.509
2023-05-24,Handysize,USA,24.62,495.0,0.538
2023-05-25,Handysize,USA,24.33,483.8,0.515
2023-05-26,Handysize,USA,24.72,480.9,0.464
2023-05-27,Handysize,USA,24.92,473.2,0.515
2023-05-28,Handysize,USA,25.18,475.9,0.287
2023-05-29,Handysize,USA,25.66,505.9,0.474
2023-05-30,Handysize,USA,26.13,500.3,0.568
2023-05-31,Handysize,USA,27.94,489.8,0.54
2023-06-01,Handysize,USA,27.61,475.3,0.503
2023-06-02,Handysize,USA,27.4,487.0,0.29
2023-06-03,Handysize,USA,27.84,495.4,0.733
2023-06-04,Handysize,USA,27.43,472.0,0.466
2023-06-05,Handysize,USA,26.81,497.4,0.657
2023-06-06,Handysize,USA,25.41,478.9,0.55
2023-06-07,Handysize,USA,24.88,498.5,0.728
2023-06-08,Handysize,USA,25.1,506.2,0.481
2023-06-09,Handysize,USA,24.33,508.8,0.54
2023-06-10,Handysize,USA,24.19,473.3,0.327
2023-06-11,Handysize,USA,24.97,486.1,0.412
2023-06-12,Handysize,USA,24.43,493.8,0.495
2023-06-13,Handysize,USA,23.74,488.4,0.521
2023-06-14,Handysize,USA,24.17,523.0,0.689
2023-06-15,Handysize,USA,23.4,492.3,0.494
2023-06-16,Handysize,USA,23.46,499.3,0.766
2023-06-17,Handysize,USA,23.11,502.3,0.669
2023-06-18,Handysize,USA,22.63,503.5,0.512
2023-06-19,Handysize,USA,22.4,480.9,0.824
2023-06-20,Handysize,USA,23.02,495.6,0.539
2023-06-21,Handysize,USA,23.39,500.2,0.288
2023-06-22,Handysize,USA,22.17,497.9,0.633
2023-06-23,Handysize,USA,22.17,487.7,0.679
2023-06-24,Handysize,USA,21.89,505.3,0.362
2023-06-25,Handysize,USA,23.03,513.4,0.524
2023-06-26,Handysize,USA,23.26,506.8,0.528
2023-06-27,Handysize,USA,23.55,499.2,0.621
2023-06-28,Handysize,USA,23.37,499.4,0.825
2023-06-29,Handysize,USA,22.79,550.1,0.355
2023-06-30,Handysize,USA,23.26,488.6,0.795
2023-07-01,Handysize,USA,23.51,506.1,0.274
2023-07-02,Handysize,USA,23.71,493.9,0.715
2023-07-03,Handysize,USA,23.53,502.6,0.536
2023-07-04,Handysize,USA,23.77,495.2,0.432
2023-07-05,Handysize,USA,23.53,506.4,0.464
2023-07-06,Handysize,USA,24.24,483.5,0.298
2023-07-07,Handysize,USA,24.05,489.2,0.345
2023-07-08,Handysize,USA,23.71,528.4,0.846
2023-07-09,Handysize,USA,22.91,500.8,0.671
2023-07-10,Handysize,USA,22.77,501.6,0.516
2023-07-11,Handysize,USA,23.14,505.7,0.429
2023-07-12,Handysize,USA,23.41,476.9,0.544
2023-07-13,Handysize,USA,23.41,491.7,0.494
2023-07-14,Handysize,USA,23.55,504.7,0.517
2023-07-15,Handysize,USA,23.23,487.9,0.457
2023-07-16,Handysize,USA,22.88,508.6,0.646
2023-07-17,Handysize,USA,22.74,494.9,0.29
2023-07-18,Handysize,USA,22.9,509.0,0.428
2023-07-19,Handysize,USA,23.19,491.8,0.184
2023-07-20,Handysize,USA,23.55,497.4,0.554
2023-07-21,Handysize,USA,23.9,515.7,0.748
2023-07-22,Handysize,USA,23.63,483.9,0.349
2023-07-23,Handysize,USA,23.48,525.6,0.583
2023-07-24,Handysize,USA,22.65,507.5,0.475
2023-07-25,Handysize,USA,21.78,494.7,0.454
2023-07-26,Handysize,USA,21.49,491.3,0.627
2023-07-27,Handysize,USA,21.18,519.2,0.662
2023-07-28,Handysize,USA,20.94,491.1,0.758
2023-07-29,Handysize,USA,21.3,479.5,0.574
2023-07-30,Handysize,USA,21.63,508.9,0.657
2023-07-31,Handysize,USA,20.18,500.7,0.485
2023-08-01,Handysize,USA,19.49,511.8,0.462
2023-08-02,Handysize,USA,18.97,501.7,0.238
2023-08-03,Handysize,USA,19.45,545.6,0.501
2023-08-04,Handysize,USA,18.61,486.9,0.494
2023-08-05,Handysize,USA,19.24,496.2,0.456
2023-08-06,Handysize,USA,19.68,514.1,0.542
2023-08-07,Handysize,USA,19.48,527.1,0.27
2023-08-08,Handysize,USA,18.57,499.2,0.297
2023-08-09,Handysize,USA,19.2,503.9,0.46
2023-08-10,Handysize,USA,19.22,485.7,0.164
2023-08-11,Handysize,USA,20.16,504.2,0.645
2023-08-12,Handysize,USA,19.71,495.0,0.093
2023-08-13,Handysize,USA,20.05,532.3,0.364
2023-08-14,Handysize,USA,19.43,526.6,0.459
2023-08-15,Handysize,USA,19.3,520.3,0.496
2023-08-16,Handysize,USA,18.37,497.5,0.562
2023-08-17,Handysize,USA,18.72,498.3,0.614
2023-08-18,Handysize,USA,18.34,511.9,0.713
2023-08-19,Handysize,USA,18.5,514.7,0.821
2023-08-20,Handysize,USA,18.35,492.4,0.2
2023-08-21,Handysize,USA,18.39,494.2,0.471
2023-08-22,Handysize,USA,18.31,514.2,0.483
2023-08-23,Handysize,USA,18.38,494.0,0.393
2023-08-24,Handysize,USA,18.78,513.1,0.597
2023-08-25,Handysize,USA,18.27,528.8,0.377
2023-08-26,Handysize,USA,18.87,510.3,0.474
2023-08-27,Handysize,USA,18.66,533.7,0.595
2023-08-28,Handysize,USA,18.41,507.4,0.675
2023-08-29,Handysize,USA,18.24,523.1,0.506
2023-08-30,Handysize,USA,18.58,526.4,0.311
2023-08-31,Handysize,USA,17.79,491.0,0.354
2023-09-01,Handysize,USA,17.69,519.3,0.372
2023-09-02,Handysize,USA,18.95,499.7,0.348
2023-09-03,Handysize,USA,19.38,486.3,0.161
2023-09-04,Handysize,USA,18.75,490.3,0.433
2023-09-05,Handysize,USA,18.56,498.6,0.491
2023-09-06,Handysize,USA,19.38,498.4,0.336
2023-09-07,Handysize,USA,18.32,482.5,0.457
2023-09-08,Handysize,USA,19.43,498.4,0.437
2023-09-09,Handysize,USA,19.15,519.2,0.212
2023-09-10,Handysize,USA,19.3,505.1,0.412
2023-09-11,Handysize,USA,19.55,506.5,0.352
2023-09-12,Handysize,USA,19.89,545.8,0.532
2023-09-13,Handysize,USA,19.84,516.7,0.327
2023-09-14,Handysize,USA,18.43,470.9,0.512
2023-09-15,Handysize,USA,18.33,494.8,0.326
2023-09-16,Handysize,USA,19.17,493.4,0.555
2023-09-17,Handysize,USA,19.51,490.9,0.37
2023-09-18,Handysize,USA,19.14,515.3,0.348
2023-09-19,Handysize,USA,19.49,504.7,0.492
2023-09-20,Handysize,USA,19.26,503.1,0.564
2023-09-21,Handysize,USA,18.91,494.7,0.395
2023-09-22,Handysize,USA,19.41,527.1,0.437
2023-09-23,Handysize,USA,20.36,487.4,0.748
2023-09-24,Handysize,USA,20.01,521.7,0.404
2023-09-25,Handysize,USA,19.43,512.4,0.422
2023-09-26,Handysize,USA,20.04,527.5,0.377
2023-09-27,Handysize,USA,21.23,488.9,0.246
2023-09-28,Handysize,USA,21.59,535.1,0.68
2023-09-29,Handysize,USA,20.42,486.6,0.559
2023-09-30,Handysize,USA,20.47,495.6,0.53
2023-10-01,Handysize,USA,19.6,499.1,0.525
2023-10-02,Handysize,USA,19.39,524.1,0.644
2023-10-03,Handysize,USA,18.9,492.8,0.443
2023-10-04,Handysize,USA,18.2,525.8,0.427
2023-10-05,Handysize,USA,17.93,510.9,0.432
2023-10-06,Handysize,USA,17.95,527.9,0.562
2023-10-07,Handysize,USA,18.33,509.3,0.299
2023-10-08,Handysize,USA,18.94,527.4,0.308
2023-10-09,Handysize,USA,19.44,512.3,0.441
2023-10-10,Handysize,USA,19.94,494.2,0.36
2023-10-11,Handysize,USA,20.17,496.0,0.361
2023-10-12,Handysize,USA,19.86,499.6,0.504
2023-10-13,Handysize,USA,20.33,495.3,0.353
2023-10-14,Handysize,USA,20.58,492.0,0.19
2023-10-15,Handysize,USA,20.0,516.9,0.178
2023-10-16,Handysize,USA,20.48,531.6,0.317
2023-10-17,Handysize,USA,20.22,512.1,0.251
2023-10-18,Handysize,USA,20.04,527.2,0.425
2023-10-19,Handysize,USA,20.04,509.9,0.39
2023-10-20,Handysize,USA,21.06,507.6,0.359
2023-10-21,Handysize,USA,21.25,490.6,0.519
2023-10-22,Handysize,USA,20.62,507.0,0.379
2023-10-23,Handysize,USA,20.64,510.9,0.541
2023-10-24,Handysize,USA,20.43,483.2,0.736
2023-10-25,Handysize,USA,20.24,516.7,0.572
2023-10-26,Handysize,USA,19.59,480.5,0.403
2023-10-27,Handysize,USA,19.87,498.3,0.543
2023-10-28,Handysize,USA,19.54,485.3,0.265
2023-10-29,Handysize,USA,19.73,525.6,0.474
2023-10-30,Handysize,USA,19.56,490.5,0.486
2023-10-31,Handysize,USA,20.19,506.4,0.142
2023-11-01,Handysize,USA,19.67,486.7,0.31
2023-11-02,Handysize,USA,19.7,515.0,0.118
2023-11-03,Handysize,USA,20.11,536.7,0.51
2023-11-04,Handysize,USA,19.97,523.4,0.143
2023-11-05,Handysize,USA,19.78,508.2,0.378
2023-11-06,Handysize,USA,19.45,498.0,0.221
2023-11-07,Handysize,USA,19.77,493.5,0.572
2023-11-08,Handysize,USA,19.79,520.8,0.196
2023-11-09,Handysize,USA,20.69,556.3,0.558
2023-11-10,Handysize,USA,20.18,514.7,0.351
2023-11-11,Handysize,USA,19.74,490.0,0.29
2023-11-12,Handysize,USA,19.18,498.2,0.229
2023-11-13,Handysize,USA,19.29,497.5,0.428
2023-11-14,Handysize,USA,19.71,510.6,0.37
2023-11-15,Handysize,USA,19.73,534.7,0.358
2023-11-16,Handysize,USA,19.43,522.1,0.159
2023-11-17,Handysize,USA,18.35,527.1,0.459
2023-11-18,Handysize,USA,18.16,496.4,0.049
2023-11-19,Handysize,USA,18.57,523.3,0.427
2023-11-20,Handysize,USA,18.66,510.8,0.186
2023-11-21,Handysize,USA,17.72,495.9,0.283
2023-11-22,Handysize,USA,17.23,524.4,0.055
2023-11-23,Handysize,USA,17.81,545.2,0.291
2023-11-24,Handysize,USA,17.68,536.4,0.332
2023-11-25,Handysize,USA,17.8,485.6,0.227
2023-11-26,Handysize,USA,18.47,534.5,0.361
2023-11-27,Handysize,USA,18.62,495.5,0.361
2023-11-28,Handysize,USA,19.94,480.9,0.188
2023-11-29,Handysize,USA,19.29,503.6,0.393
2023-11-30,Handysize,USA,19.15,541.1,0.338
2023-12-01,Handysize,USA,19.15,513.0,0.199
2023-12-02,Handysize,USA,19.25,532.5,0.209
2023-12-03,Handysize,USA,19.36,538.0,0.437
2023-12-04,Handysize,USA,18.6,507.3,0.25
2023-12-05,Handysize,USA,19.35,491.4,0.303
2023-12-06,Handysize,USA,19.85,506.3,0.438
2023-12-07,Handysize,USA,19.33,479.1,0.204
2023-12-08,Handysize,USA,20.47,495.0,0.407
2023-12-09,Handysize,USA,20.94,512.9,0.201
2023-12-10,Handysize,USA,20.61,492.8,0.624
2023-12-11,Handysize,USA,20.71,503.7,0.475
2023-12-12,Handysize,USA,20.64,515.8,0.33
2023-12-13,Handysize,USA,20.27,507.3,0.157
2023-12-14,Handysize,USA,20.08,508.7,0.397
2023-12-15,Handysize,USA,21.34,487.8,0.296
2023-12-16,Handysize,USA,21.05,499.7,0.027
2023-12-17,Handysize,USA,21.87,543.6,0.327
2023-12-18,Handysize,USA,21.5,484.9,0.274
2023-12-19,Handysize,USA,21.48,483.8,0.246
2023-12-20,Handysize,USA,21.35,487.4,0.315
2023-12-21,Handysize,USA,21.43,494.7,0.183
2023-12-22,Handysize,USA,21.25,521.7,0.209
2023-12-23,Handysize,USA,21.28,490.2,0.162
2023-12-24,Handysize,USA,21.35,493.2,0.201
2023-12-25,Handysize,USA,21.41,500.2,0.499
2023-12-26,Handysize,USA,20.73,510.2,0.445
2023-12-27,Handysize,USA,20.5,483.4,0.264
2023-12-28,Handysize,USA,19.38,504.1,0.391
2023-12-29,Handysize,USA,18.87,503.7,0.337
2023-12-30,Handysize,USA,19.32,508.6,0.409
2023-12-31,Handysize,USA,19.45,488.6,0.095
2024-01-01,Handysize,USA,19.68,511.4,0.497
2024-01-02,Handysize,USA,20.76,499.7,0.215
2024-01-03,Handysize,USA,21.26,512.7,0.317
2024-01-04,Handysize,USA,20.76,492.2,0.189
2024-01-05,Handysize,USA,20.56,514.9,0.054
2024-01-06,Handysize,USA,20.66,487.9,0.011
2024-01-07,Handysize,USA,20.75,495.4,0.107
2024-01-08,Handysize,USA,20.66,518.4,0.49
2024-01-09,Handysize,USA,19.63,487.6,0.399
2024-01-10,Handysize,USA,20.14,497.0,0.057
2024-01-11,Handysize,USA,19.85,495.5,0.397
2024-01-12,Handysize,USA,19.45,489.9,0.357
2024-01-13,Handysize,USA,19.29,490.7,0.418
2024-01-14,Handysize,USA,19.75,491.4,0.187
2024-01-15,Handysize,USA,20.18,504.0,0.15
2024-01-16,Handysize,USA,20.12,507.6,0.436
2024-01-17,Handysize,USA,19.98,505.5,0.032
2024-01-18,Handysize,USA,19.42,498.2,0.339
2024-01-19,Handysize,USA,19.42,527.1,0.103
2024-01-20,Handysize,USA,19.78,498.2,0.191
2024-01-21,Handysize,USA,20.29,502.7,0.297
2024-01-22,Handysize,USA,20.64,481.4,0.284
2024-01-23,Handysize,USA,19.12,514.9,0.232
2024-01-24,Handysize,USA,19.4,491.9,0.031
2024-01-25,Handysize,USA,19.54,531.4,0.439
2024-01-26,Handysize,USA,19.4,506.3,0.219
2024-01-27,Handysize,USA,19.28,491.8,0.086
2024-01-28,Handysize,USA,19.62,496.8,0.516
2024-01-29,Handysize,USA,20.04,494.0,0.288
2024-01-30,Handysize,USA,19.39,477.1,0.43
2024-01-31,Handysize,USA,19.1,485.2,0.302
2024-02-01,Handysize,USA,19.08,517.5,0.297
2024-02-02,Handysize,USA,19.34,487.2,0.194
2024-02-03,Handysize,USA,19.36,512.8,0.066
2024-02-04,Handysize,USA,19.81,514.0,0.27
2024-02-05,Handysize,USA,19.7,510.0,0.364
2024-02-06,Handysize,USA,19.99,491.0,0.0
2024-02-07,Handysize,USA,20.55,476.3,0.348
2024-02-08,Handysize,USA,19.9,490.6,0.274
2024-02-09,Handysize,USA,19.54,483.9,0.265
2024-02-10,Handysize,USA,19.09,481.4,0.183
2024-02-11,Handysize,USA,19.24,512.2,0.199
2024-02-12,Handysize,USA,19.19,522.2,0.218
2024-02-13,Handysize,USA,19.35,491.6,0.46
2024-02-14,Handysize,USA,20.06,494.3,0.468
2024-02-15,Handysize,USA,19.09,501.4,0.198
2024-02-16,Handysize,USA,17.74,483.9,0.047
2024-02-17,Handysize,USA,18.62,509.6,0.22
2024-02-18,Handysize,USA,19.04,509.1,0.406
2024-02-19,Handysize,USA,19.51,480.6,0.246
2024-02-20,Handysize,USA,19.15,511.1,0.501
2024-02-21,Handysize,USA,18.69,470.1,0.406
2024-02-22,Handysize,USA,18.42,500.3,0.226
2024-02-23,Handysize,USA,18.47,517.5,0.229
2024-02-24,Handysize,USA,18.91,498.5,0.0
2024-02-25,Handysize,USA,19.09,499.3,0.048
2024-02-26,Handysize,USA,18.9,491.4,0.368
2024-02-27,Handysize,USA,17.84,485.9,0.0
2024-02-28,Handysize,USA,18.38,513.3,0.247
2024-02-29,Handysize,USA,16.98,461.8,0.137
2024-03-01,Handysize,USA,16.94,460.7,0.311
2024-03-02,Handysize,USA,16.99,484.5,0.288
2024-03-03,Handysize,USA,16.47,482.4,0.309
2024-03-04,Handysize,USA,16.43,483.9,0.195
2024-03-05,Handysize,USA,16.75,499.7,0.216
2024-03-06,Handysize,USA,17.05,471.3,0.519
2024-03-07,Handysize,USA,16.87,507.9,0.51
2024-03-08,Handysize,USA,17.23,487.8,0.0
2024-03-09,Handysize,USA,18.33,484.8,0.183
2024-03-10,Handysize,USA,17.32,490.3,0.131
2024-03-11,Handysize,USA,17.17,473.1,0.244
2024-03-12,Handysize,USA,17.88,488.0,0.33
2024-03-13,Handysize,USA,16.97,497.3,0.268
2024-03-14,Handysize,USA,16.97,494.7,0.492
2024-03-15,Handysize,USA,18.41,482.5,0.201
2024-03-16,Handysize,USA,18.86,470.0,0.159
2024-03-17,Handysize,USA,18.65,514.7,0.394
2024-03-18,Handysize,USA,18.21,491.6,0.529
2024-03-19,Handysize,USA,18.57,467.5,0.333
2024-03-20,Handysize,USA,18.53,508.8,0.306
2024-03-21,Handysize,USA,19.1,515.0,0.229
2024-03-22,Handysize,USA,19.37,511.9,0.273
2024-03-23,Handysize,USA,18.92,532.2,0.149
2024-03-24,Handysize,USA,18.27,488.9,0.364
2024-03-25,Handysize,USA,18.69,488.3,0.114
2024-03-26,Handysize,USA,19.07,494.1,0.111
2024-03-27,Handysize,USA,19.07,492.1,0.0
2024-03-28,Handysize,USA,20.11,492.9,0.355
2024-03-29,Handysize,USA,20.85,474.8,0.233
2024-03-30,Handysize,USA,20.92,488.7,0.186
2024-03-31,Handysize,USA,20.53,483.8,0.057
2024-04-01,Handysize,USA,20.28,478.8,0.369
2024-04-02,Handysize,USA,21.43,489.5,0.21
2024-04-03,Handysize,USA,20.88,469.6,0.137
2024-04-04,Handysize,USA,19.56,447.8,0.211
2024-04-05,Handysize,USA,19.56,479.3,0.18
2024-04-06,Handysize,USA,20.17,491.9,0.246
2024-04-07,Handysize,USA,20.11,492.8,0.355
2024-04-08,Handysize,USA,20.79,507.1,0.299
2024-04-09,Handysize,USA,19.03,457.0,0.37
2024-04-10,Handysize,USA,19.9,512.4,0.182
2024-04-11,Handysize,USA,19.85,482.7,0.324
2024-04-12,Handysize,USA,19.64,496.8,0.427
2024-04-13,Handysize,USA,20.66,477.7,0.26
2024-04-14,Handysize,USA,20.3,484.8,0.31
2024-04-15,Handysize,USA,20.99,464.7,0.393
2024-04-16,Handysize,USA,21.7,476.6,0.425
2024-04-17,Handysize,USA,22.38,485.4,0.527
2024-04-18,Handysize,USA,22.23,455.6,0.054
2024-04-19,Handysize,USA,22.51,489.1,0.153
2024-04-20,Handysize,USA,22.61,453.4,0.229
2024-04-21,Handysize,USA,22.18,460.6,0.39
2024-04-22,Handysize,USA,22.31,466.7,0.336
2024-04-23,Handysize,USA,21.9,472.0,0.572
2024-04-24,Handysize,USA,22.08,449.2,0.0
2024-04-25,Handysize,USA,22.43,472.8,0.726
2024-04-26,Handysize,USA,23.09,491.7,0.183
2024-04-27,Handysize,USA,23.34,481.1,0.357
2024-04-28,Handysize,USA,22.8,464.5,0.264
2024-04-29,Handysize,USA,22.66,468.2,0.417
2024-04-30,Handysize,USA,22.28,511.7,0.573
2024-05-01,Handysize,USA,22.55,486.1,0.225
2024-05-02,Handysize,USA,23.34,464.0,0.283
2024-05-03,Handysize,USA,23.04,485.8,0.311
2024-05-04,Handysize,USA,23.1,462.2,0.508
2024-05-05,Handysize,USA,23.51,513.4,0.371
2024-05-06,Handysize,USA,24.63,480.1,0.319
2024-05-07,Handysize,USA,24.7,471.2,0.259
2024-05-08,Handysize,USA,24.25,511.9,0.536
2024-05-09,Handysize,USA,24.47,471.9,0.506
2024-05-10,Handysize,USA,23.38,458.0,0.377
2024-05-11,Handysize,USA,23.36,462.4,0.47
2024-05-12,Handysize,USA,23.64,459.5,0.199
2024-05-13,Handysize,USA,23.37,459.4,0.473
2024-05-14,Handysize,USA,22.97,476.3,0.505
2024-05-15,Handysize,USA,21.89,458.8,0.4
2024-05-16,Handysize,USA,21.9,502.0,0.219
2024-05-17,Handysize,USA,21.34,456.3,0.457
2024-05-18,Handysize,USA,21.47,477.1,0.065
2024-05-19,Handysize,USA,21.42,470.4,0.0
2024-05-20,Handysize,USA,22.13,454.0,0.184
2024-05-21,Handysize,USA,21.0,475.6,0.081
2024-05-22,Handysize,USA,20.93,470.5,0.288
2024-05-23,Handysize,USA,21.81,455.1,0.221
2024-05-24,Handysize,USA,21.44,464.2,0.012
2024-05-25,Handysize,USA,20.8,459.4,0.369
2024-05-26,Handysize,USA,20.62,465.7,0.468
2024-05-27,Handysize,USA,19.89,462.4,0.648
2024-05-28,Handysize,USA,20.61,458.7,0.301
2024-05-29,Handysize,USA,20.43,467.8,0.481
2024-05-30,Handysize,USA,20.52,487.2,0.385
2024-05-31,Handysize,USA,20.76,468.3,0.396
2024-06-01,Handysize,USA,20.3,474.5,0.461
2024-06-02,Handysize,USA,19.86,490.0,0.582
2024-06-03,Handysize,USA,19.3,463.0,0.469
2024-06-04,Handysize,USA,18.89,470.5,0.452
2024-06-05,Handysize,USA,18.98,472.9,0.314
2024-06-06,Handysize,USA,19.77,454.1,0.344
2024-06-07,Handysize,USA,18.83,449.1,0.394
2024-06-08,Handysize,USA,19.77,494.2,0.268
2024-06-09,Handysize,USA,20.0,475.3,0.475
2024-06-10,Handysize,USA,19.06,439.8,0.334
2024-06-11,Handysize,USA,20.07,478.9,0.398
2024-06-12,Handysize,USA,21.68,470.7,0.166
2024-06-13,Handysize,USA,21.55,465.9,0.354
2024-06-14,Handysize,USA,21.4,460.8,0.451
2024-06-15,Handysize,USA,22.16,466.5,0.369
2024-06-16,Handysize,USA,21.4,457.6,0.255
2024-06-17,Handysize,USA,20.75,455.2,0.241
2024-06-18,Handysize,USA,20.59,445.8,0.425
2024-06-19,Handysize,USA,20.26,463.6,0.508
2024-06-20,Handysize,USA,18.99,472.6,0.404
2024-06-21,Handysize,USA,18.71,461.5,0.408
2024-06-22,Handysize,USA,19.95,454.7,0.289
2024-06-23,Handysize,USA,20.58,464.1,0.057
2024-06-24,Handysize,USA,20.63,464.0,0.195
2024-06-25,Handysize,USA,20.19,458.6,0.64
2024-06-26,Handysize,USA,19.15,415.6,0.484
2024-06-27,Handysize,USA,19.23,450.7,0.551
2024-06-28,Handysize,USA,19.16,461.3,0.341
2024-06-29,Handysize,USA,19.02,458.6,0.325
2024-06-30,Handysize,USA,19.98,429.4,0.294
2024-07-01,Handysize,USA,20.1,449.2,0.533
2024-07-02,Handysize,USA,20.24,461.1,0.568
2024-07-03,Handysize,USA,20.71,450.3,0.625
2024-07-04,Handysize,USA,20.06,445.4,0.348
2024-07-05,Handysize,USA,18.7,471.8,0.009
2024-07-06,Handysize,USA,18.47,459.6,0.28
2024-07-07,Handysize,USA,18.37,477.0,0.473
2024-07-08,Handysize,USA,19.27,462.8,0.264
2024-07-09,Handysize,USA,19.84,438.8,0.336
2024-07-10,Handysize,USA,20.1,474.3,0.739
2024-07-11,Handysize,USA,20.07,437.3,0.163
2024-07-12,Handysize,USA,20.16,468.3,0.252
2024-07-13,Handysize,USA,20.57,463.0,0.231
2024-07-14,Handysize,USA,21.44,440.9,0.269
2024-07-15,Handysize,USA,21.71,426.9,0.5
2024-07-16,Handysize,USA,20.9,445.2,0.409
2024-07-17,Handysize,USA,20.05,452.9,0.283
2024-07-18,Handysize,USA,20.59,459.0,0.323
2024-07-19,Handysize,USA,21.21,467.1,0.452
2024-07-20,Handysize,USA,22.21,443.6,0.375
2024-07-21,Handysize,USA,21.72,430.5,0.337
2024-07-22,Handysize,USA,21.31,448.2,0.207
2024-07-23,Handysize,USA,20.78,434.4,0.184
2024-07-24,Handysize,USA,22.32,434.5,0.344
2024-07-25,Handysize,USA,22.49,443.7,0.492
2024-07-26,Handysize,USA,23.01,465.8,0.41
2024-07-27,Handysize,USA,22.79,451.0,0.347
2024-07-28,Handysize,USA,22.67,443.5,0.329
2024-07-29,Handysize,USA,22.23,509.0,0.292
2024-07-30,Handysize,USA,22.5,438.9,0.059
2024-07-31,Handysize,USA,21.59,460.6,0.538
2024-08-01,Handysize,USA,22.09,440.7,0.442
2024-08-02,Handysize,USA,21.54,420.3,0.403
2024-08-03,Handysize,USA,21.34,439.2,0.464
2024-08-04,Handysize,USA,21.72,426.6,0.411
2024-08-05,Handysize,USA,20.82,429.6,0.113
2024-08-06,Handysize,USA,20.1,457.0,0.534
2024-08-07,Handysize,USA,20.31,442.6,0.342
2024-08-08,Handysize,USA,20.96,439.9,0.627
2024-08-09,Handysize,USA,21.23,435.7,0.841
2024-08-10,Handysize,USA,21.63,441.4,0.328
2024-08-11,Handysize,USA,21.56,441.9,0.424
2024-08-12,Handysize,USA,21.88,441.7,0.398
2024-08-13,Handysize,USA,22.42,465.0,0.587
2024-08-14,Handysize,USA,22.16,450.4,0.556
2024-08-15,Handysize,USA,22.19,434.2,0.264
2024-08-16,Handysize,USA,22.37,453.8,0.468
2024-08-17,Handysize,USA,22.44,410.1,0.705
2024-08-18,Handysize,USA,22.1,423.4,0.623
2024-08-19,Handysize,USA,21.71,430.4,0.184
2024-08-20,Handysize,USA,21.29,423.8,0.631
2024-08-21,Handysize,USA,21.48,423.0,0.303
2024-08-22,Handysize,USA,21.28,456.0,0.331
2024-08-23,Handysize,USA,20.91,431.0,0.349
2024-08-24,Handysize,USA,20.58,431.5,0.423
2024-08-25,Handysize,USA,20.39,458.1,0.607
2024-08-26,Handysize,USA,20.57,424.5,0.358
2024-08-27,Handysize,USA,20.37,453.0,0.595
2024-08-28,Handysize,USA,20.07,451.8,0.501
2024-08-29,Handysize,USA,20.0,410.3,0.486
2024-08-30,Handysize,USA,20.49,425.8,0.699
2024-08-31,Handysize,USA,20.73,463.3,0.525
2024-09-01,Handysize,USA,20.39,439.1,0.615
2024-09-02,Handysize,USA,20.32,420.2,0.192
2024-09-03,Handysize,USA,19.82,444.8,0.65
2024-09-04,Handysize,USA,20.21,431.7,0.689
2024-09-05,Handysize,USA,21.12,465.4,0.666
2024-09-06,Handysize,USA,21.92,418.8,0.57
2024-09-07,Handysize,USA,20.76,431.2,0.292
2024-09-08,Handysize,USA,20.54,442.6,0.253
2024-09-09,Handysize,USA,20.87,443.0,0.446
2024-09-10,Handysize,USA,20.54,440.5,0.524
2024-09-11,Handysize,USA,22.33,432.0,0.366
2024-09-12,Handysize,USA,22.39,405.8,0.467
2024-09-13,Handysize,USA,21.89,445.7,0.633
2024-09-14,Handysize,USA,21.79,443.1,0.631
2024-09-15,Handysize,USA,21.61,448.7,0.502
2024-09-16,Handysize,USA,21.02,442.2,0.423
2024-09-17,Handysize,USA,20.64,422.2,0.663
2024-09-18,Handysize,USA,20.26,440.9,0.512
2024-09-19,Handysize,USA,20.13,423.3,0.748
2024-09-20,Handysize,USA,19.64,418.3,0.484
2024-09-21,Handysize,USA,19.38,435.9,0.423
2024-09-22,Handysize,USA,19.58,433.2,0.445
2024-09-23,Handysize,USA,19.21,420.7,0.668
2024-09-24,Handysize,USA,20.0,443.1,0.326
2024-09-25,Handysize,USA,19.99,441.4,0.555
2024-09-26,Handysize,USA,20.05,435.0,0.643
2024-09-27,Handysize,USA,20.65,422.9,0.415
2024-09-28,Handysize,USA,20.57,439.3,0.558
2024-09-29,Handysize,USA,19.79,417.6,0.651
2024-09-30,Handysize,USA,19.89,442.4,0.477
2024-10-01,Handysize,USA,20.45,415.3,0.511
2024-10-02,Handysize,USA,20.81,417.7,0.389
2024-10-03,Handysize,USA,21.17,444.5,0.921
2024-10-04,Handysize,USA,21.25,424.0,0.27
2024-10-05,Handysize,USA,20.84,408.1,0.429
2024-10-06,Handysize,USA,19.94,415.1,0.518
2024-10-07,Handysize,USA,19.14,428.6,0.628
2024-10-08,Handysize,USA,19.04,436.0,0.548
2024-10-09,Handysize,USA,19.93,418.6,0.577
2024-10-10,Handysize,USA,20.02,433.3,0.51
2024-10-11,Handysize,USA,20.85,420.8,0.522
2024-10-12,Handysize,USA,20.75,405.5,0.427
2024-10-13,Handysize,USA,20.73,410.8,0.676
2024-10-14,Handysize,USA,19.57,437.5,0.581
2024-10-15,Handysize,USA,19.77,400.6,0.683
2024-10-16,Handysize,USA,18.59,418.6,0.544
2024-10-17,Handysize,USA,18.14,433.3,0.266
2024-10-18,Handysize,USA,17.98,431.5,0.723
2024-10-19,Handysize,USA,17.13,412.1,0.644
2024-10-20,Handysize,USA,17.27,431.5,0.594
2024-10-21,Handysize,USA,18.28,432.0,0.276
2024-10-22,Handysize,USA,17.74,434.2,0.619
2024-10-23,Handysize,USA,18.68,397.5,0.47
2024-10-24,Handysize,USA,18.87,396.9,0.584
2024-10-25,Handysize,USA,19.2,390.3,0.449
2024-10-26,Handysize,USA,19.63,433.5,0.546
2024-10-27,Handysize,USA,19.41,427.7,0.39
2024-10-28,Handysize,USA,19.3,426.0,0.724
2024-10-29,Handysize,USA,19.47,426.0,0.654
2024-10-30,Handysize,USA,19.1,413.0,0.749
2024-10-31,Handysize,USA,18.95,434.4,0.388
2024-11-01,Handysize,USA,19.41,422.5,0.476
2024-11-02,Handysize,USA,19.52,447.3,0.324
2024-11-03,Handysize,USA,19.0,388.7,0.752
2024-11-04,Handysize,USA,19.36,423.1,0.727
2024-11-05,Handysize,USA,20.2,429.7,0.63
2024-11-06,Handysize,USA,19.86,408.8,0.565
2024-11-07,Handysize,USA,20.64,404.7,0.521
2024-11-08,Handysize,USA,20.06,403.6,0.523
2024-11-09,Handysize,USA,20.82,412.1,0.462
2024-11-10,Handysize,USA,21.31,425.6,0.583
2024-11-11,Handysize,USA,21.19,403.3,0.643
2024-11-12,Handysize,USA,21.77,433.0,0.515
2024-11-13,Handysize,USA,22.68,405.1,0.672
2024-11-14,Handysize,USA,22.73,429.0,0.503
2024-11-15,Handysize,USA,22.88,422.4,0.687
2024-11-16,Handysize,USA,23.21,402.8,0.413
2024-11-17,Handysize,USA,24.14,407.1,0.695
2024-11-18,Handysize,USA,23.88,421.2,0.862
2024-11-19,Handysize,USA,23.52,431.0,0.55
2024-11-20,Handysize,USA,24.65,392.6,0.584
2024-11-21,Handysize,USA,24.7,402.0,0.468
2024-11-22,Handysize,USA,25.26,395.5,0.739
2024-11-23,Handysize,USA,25.14,436.5,0.391
2024-11-24,Handysize,USA,25.22,417.3,0.562
2024-11-25,Handysize,USA,25.2,416.8,0.726
2024-11-26,Handysize,USA,24.65,407.0,0.558
2024-11-27,Handysize,USA,24.16,424.8,0.703
2024-11-28,Handysize,USA,24.72,425.7,0.592
2024-11-29,Handysize,USA,25.21,427.7,0.596
2024-11-30,Handysize,USA,25.02,394.0,0.483
2024-12-01,Handysize,USA,25.41,430.5,0.68
2024-12-02,Handysize,USA,25.74,413.9,0.552
2024-12-03,Handysize,USA,26.66,396.9,0.444
2024-12-04,Handysize,USA,26.29,389.5,0.512
2024-12-05,Handysize,USA,25.9,445.7,0.603
2024-12-06,Handysize,USA,25.57,412.5,0.619
2024-12-07,Handysize,USA,25.87,404.7,0.558
2024-12-08,Handysize,USA,25.49,424.2,0.642
2024-12-09,Handysize,USA,25.62,426.6,0.482
2024-12-10,Handysize,USA,25.06,402.5,0.528
2024-12-11,Handysize,USA,24.8,373.5,0.576
2024-12-12,Handysize,USA,24.76,380.1,0.442
2024-12-13,Handysize,USA,24.8,429.0,0.599
2024-12-14,Handysize,USA,24.42,401.8,0.446
2024-12-15,Handysize,USA,23.53,398.7,0.523
2024-12-16,Handysize,USA,23.12,401.9,0.271
2024-12-17,Handysize,USA,23.41,397.8,0.72
2024-12-18,Handysize,USA,23.47,401.9,0.605
2024-12-19,Handysize,USA,23.81,405.1,0.714
2024-12-20,Handysize,USA,23.69,414.3,0.6
2024-12-21,Handysize,USA,23.3,421.5,0.39
2024-12-22,Handysize,USA,22.84,406.0,0.456
2024-12-23,Handysize,USA,22.88,396.6,0.673
2024-12-24,Handysize,USA,22.78,410.7,0.557
2024-12-25,Handysize,USA,23.02,408.8,0.497
2024-12-26,Handysize,USA,23.14,416.6,0.59
2024-12-27,Handysize,USA,22.76,417.3,0.637
2024-12-28,Handysize,USA,23.19,415.9,0.597
2024-12-29,Handysize,USA,22.95,409.9,0.701
2024-12-30,Handysize,USA,23.3,406.8,0.757
2024-12-31,Handysize,USA,23.4,406.3,0.626
2025-01-01,Handysize,USA,23.41,402.6,0.599
2025-01-02,Handysize,USA,23.57,401.5,0.61
2025-01-03,Handysize,USA,23.54,426.4,0.205
2025-01-04,Handysize,USA,23.31,405.1,0.566
2025-01-05,Handysize,USA,23.61,386.2,0.835
2025-01-06,Handysize,USA,23.41,415.7,0.536
2025-01-07,Handysize,USA,23.67,405.7,0.607
2025-01-08,Handysize,USA,24.16,405.4,0.792
2025-01-09,Handysize,USA,24.28,445.9,0.704
2025-01-10,Handysize,USA,24.42,397.2,0.428
2025-01-11,Handysize,USA,24.37,401.5,0.59
2025-01-12,Handysize,USA,25.03,401.2,0.492
2025-01-13,Handysize,USA,24.38,394.0,0.525
2025-01-14,Handysize,USA,24.39,391.7,0.301
2025-01-15,Handysize,USA,24.24,391.9,0.417
2025-01-16,Handysize,USA,24.31,399.2,0.425
2025-01-17,Handysize,USA,23.36,400.9,0.525
2025-01-18,Handysize,USA,23.89,383.6,0.412
2025-01-19,Handysize,USA,23.62,390.6,0.395
2025-01-20,Handysize,USA,24.12,405.8,0.666
2025-01-21,Handysize,USA,23.12,383.1,0.408
2025-01-22,Handysize,USA,22.96,419.9,0.63
2025-01-23,Handysize,USA,22.7,405.9,0.462
2025-01-24,Handysize,USA,22.89,405.6,0.819
2025-01-25,Handysize,USA,23.31,396.4,0.49
2025-01-26,Handysize,USA,22.7,394.9,0.455
2025-01-27,Handysize,USA,22.98,370.7,0.182
2025-01-28,Handysize,USA,23.16,382.7,0.662
2025-01-29,Handysize,USA,23.54,366.9,0.503
2025-01-30,Handysize,USA,23.35,399.9,0.283
2025-01-31,Handysize,USA,23.62,411.7,0.546
2025-02-01,Handysize,USA,23.94,429.1,0.452
2025-02-02,Handysize,USA,24.76,372.2,0.173
2025-02-03,Handysize,USA,25.18,389.1,0.33
2025-02-04,Handysize,USA,24.61,388.5,0.554
2025-02-05,Handysize,USA,24.22,384.8,0.55
2025-02-06,Handysize,USA,22.98,376.1,0.7
2025-02-07,Handysize,USA,23.12,417.8,0.496
2025-02-08,Handysize,USA,23.32,403.4,0.562
2025-02-09,Handysize,USA,22.92,419.5,0.464
2025-02-10,Handysize,USA,23.06,385.5,0.478
2025-02-11,Handysize,USA,23.47,404.8,0.184
2025-02-12,Handysize,USA,23.65,426.6,0.539
2025-02-13,Handysize,USA,23.52,389.1,0.365
2025-02-14,Handysize,USA,23.36,403.9,0.431
2025-02-15,Handysize,USA,23.1,397.8,0.26
2025-02-16,Handysize,USA,23.39,397.7,0.627
2025-02-17,Handysize,USA,22.64,379.0,0.631
2025-02-18,Handysize,USA,23.32,392.9,0.293
2025-02-19,Handysize,USA,24.09,396.4,0.348
2025-02-20,Handysize,USA,24.69,396.1,0.402
2025-02-21,Handysize,USA,23.86,425.5,0.54
2025-02-22,Handysize,USA,23.73,379.8,0.593
2025-02-23,Handysize,USA,23.27,379.2,0.441
2025-02-24,Handysize,USA,23.29,382.0,0.538
2025-02-25,Handysize,USA,23.26,411.7,0.57
2025-02-26,Handysize,USA,23.51,368.1,0.433
2025-02-27,Handysize,USA,23.98,401.9,0.304
2025-02-28,Handysize,USA,24.05,385.2,0.307
2025-03-01,Handysize,USA,23.84,410.1,0.712
2025-03-02,Handysize,USA,23.61,416.9,0.431
2025-03-03,Handysize,USA,23.65,403.8,0.483
2025-03-04,Handysize,USA,24.26,395.6,0.653
2025-03-05,Handysize,USA,23.82,357.2,0.458
2025-03-06,Handysize,USA,23.66,398.9,0.724
2025-03-07,Handysize,USA,23.55,367.2,0.72
2025-03-08,Handysize,USA,23.84,384.5,0.642
2025-03-09,Handysize,USA,23.7,429.2,0.336
2025-03-10,Handysize,USA,23.75,385.5,0.442
2025-03-11,Handysize,USA,23.2,398.6,0.509
2025-03-12,Handysize,USA,22.65,393.8,0.488
2025-03-13,Handysize,USA,23.31,382.8,0.428
2025-03-14,Handysize,USA,23.22,407.5,0.293
2025-03-15,Handysize,USA,22.78,426.2,0.386
2025-03-16,Handysize,USA,23.28,392.2,0.585
2025-03-17,Handysize,USA,22.98,405.8,0.636
2025-03-18,Handysize,USA,22.7,384.5,0.571
2025-03-19,Handysize,USA,22.03,386.6,0.763
2025-03-20,Handysize,USA,22.14,377.4,0.591
2025-03-21,Handysize,USA,21.68,393.9,0.339
2025-03-22,Handysize,USA,22.1,393.6,0.429
2025-03-23,Handysize,USA,21.43,383.2,0.398
2025-03-24,Handysize,USA,21.66,378.4,0.493
2025-03-25,Handysize,USA,21.63,386.2,0.595
2025-03-26,Handysize,USA,21.49,391.3,0.411
2025-03-27,Handysize,USA,21.26,373.6,0.456
2025-03-28,Handysize,USA,21.24,396.3,0.263
2025-03-29,Handysize,USA,21.04,403.2,0.446
2025-03-30,Handysize,USA,21.82,384.9,0.333
2025-03-31,Handysize,USA,22.31,398.8,0.467
2025-04-01,Handysize,USA,22.43,375.8,0.441
2025-04-02,Handysize,USA,23.25,403.8,0.306
2025-04-03,Handysize,USA,23.1,383.5,0.282
2025-04-04,Handysize,USA,23.85,364.0,0.435
2025-04-05,Handysize,USA,23.23,384.2,0.539
2025-04-06,Handysize,USA,23.36,377.4,0.451
2025-04-07,Handysize,USA,23.12,412.6,0.312
2025-04-08,Handysize,USA,22.86,376.4,0.614
2025-04-09,Handysize,USA,22.86,395.4,0.739
2025-04-10,Handysize,USA,22.81,385.5,0.264
2025-04-11,Handysize,USA,23.04,388.8,0.306
2025-04-12,Handysize,USA,22.87,387.8,0.368
2025-04-13,Handysize,USA,22.68,394.5,0.492
2025-04-14,Handysize,USA,22.69,401.3,0.398
2025-04-15,Handysize,USA,22.57,376.0,0.196
2025-04-16,Handysize,USA,22.79,377.6,0.427
2025-04-17,Handysize,USA,22.75,389.1,0.448
2025-04-18,Handysize,USA,22.27,390.3,0.153
2025-04-19,Handysize,USA,22.22,389.0,0.438
2025-04-20,Handysize,USA,21.9,380.3,0.595
2025-04-21,Handysize,USA,21.95,375.7,0.56
2025-04-22,Handysize,USA,21.75,375.0,0.507
2025-04-23,Handysize,USA,21.38,387.9,0.335
2025-04-24,Handysize,USA,20.87,405.1,0.395
2025-04-25,Handysize,USA,21.18,406.7,0.284
2025-04-26,Handysize,USA,20.83,405.3,0.257
2025-04-27,Handysize,USA,20.16,373.7,0.585
2025-04-28,Handysize,USA,20.05,364.5,0.49
2025-04-29,Handysize,USA,20.29,368.2,0.519
2025-04-30,Handysize,USA,20.6,406.7,0.519
2025-05-01,Handysize,USA,20.95,378.3,0.367
2025-05-02,Handysize,USA,21.33,392.8,0.517
2025-05-03,Handysize,USA,20.69,397.1,0.369
2025-05-04,Handysize,USA,20.0,394.5,0.231
2025-05-05,Handysize,USA,19.84,395.8,0.32
2025-05-06,Handysize,USA,20.09,375.7,0.319
2025-05-07,Handysize,USA,20.3,369.2,0.543
2025-05-08,Handysize,USA,20.13,396.8,0.412
2025-05-09,Handysize,USA,20.15,377.0,0.236
2025-05-10,Handysize,USA,20.22,419.7,0.284
2025-05-11,Handysize,USA,19.7,384.5,0.553
2025-05-12,Handysize,USA,20.55,402.2,0.545
2025-05-13,Handysize,USA,21.12,407.5,0.406
2025-05-14,Handysize,USA,20.82,382.5,0.241
2025-05-15,Handysize,USA,20.36,378.1,0.299
2025-05-16,Handysize,USA,19.56,402.5,0.57
2025-05-17,Handysize,USA,18.99,397.4,0.425
2025-05-18,Handysize,USA,18.69,378.4,0.433
2025-05-19,Handysize,USA,18.17,391.5,0.239
2025-05-20,Handysize,USA,18.72,389.1,0.644
2025-05-21,Handysize,USA,18.2,399.5,0.687
2025-05-22,Handysize,USA,17.55,398.4,0.52
2025-05-23,Handysize,USA,16.95,410.0,0.178
2025-05-24,Handysize,USA,17.05,378.5,0.327
2025-05-25,Handysize,USA,16.6,409.3,0.464
2025-05-26,Handysize,USA,16.37,417.1,0.384
2025-05-27,Handysize,USA,15.12,402.0,0.235
2025-05-28,Handysize,USA,14.89,409.3,0.401
2025-05-29,Handysize,USA,14.8,401.9,0.436
2025-05-30,Handysize,USA,15.41,388.6,0.479
2025-05-31,Handysize,USA,16.91,389.2,0.272
2025-06-01,Handysize,USA,16.74,373.7,0.086
2025-06-02,Handysize,USA,15.95,406.3,0.464
2025-06-03,Handysize,USA,16.14,377.9,0.322
2025-06-04,Handysize,USA,16.49,398.8,0.249
2025-06-05,Handysize,USA,16.8,357.9,0.311
2025-06-06,Handysize,USA,16.72,382.9,0.423
2025-06-07,Handysize,USA,16.16,403.4,0.153
2025-06-08,Handysize,USA,16.95,407.1,0.578
2025-06-09,Handysize,USA,17.31,400.9,0.344
2025-06-10,Handysize,USA,17.06,389.0,0.448
2025-06-11,Handysize,USA,17.02,394.9,0.311
2025-06-12,Handysize,USA,19.18,394.6,0.34
2025-06-13,Handysize,USA,18.83,385.2,0.333
2025-06-14,Handysize,USA,18.54,391.7,0.459
2025-06-15,Handysize,USA,17.91,396.3,0.208
2025-06-16,Handysize,USA,19.65,365.1,0.416
2025-06-17,Handysize,USA,18.74,384.6,0.142
2025-06-18,Handysize,USA,19.54,398.8,0.128
2025-06-19,Handysize,USA,19.3,372.0,0.14
2025-06-20,Handysize,USA,20.13,372.7,0.4
2025-06-21,Handysize,USA,18.76,362.5,0.099
2025-06-22,Handysize,USA,19.61,371.4,0.367
2025-06-23,Handysize,USA,18.88,385.6,0.295
2025-06-24,Handysize,USA,18.68,383.0,0.522
2025-06-25,Handysize,USA,18.27,399.0,0.403
2025-06-26,Handysize,USA,17.37,381.8,0.0
2025-06-27,Handysize,USA,16.29,381.1,0.32
2025-06-28,Handysize,USA,16.19,404.8,0.256
2025-06-29,Handysize,USA,17.38,383.4,0.397
2025-06-30,Handysize,USA,17.72,401.0,0.137
2025-07-01,Handysize,USA,17.79,385.7,0.059
2025-07-02,Handysize,USA,16.83,367.3,0.271
2025-07-03,Handysize,USA,15.69,384.0,0.14
2025-07-04,Handysize,USA,14.83,414.1,0.1
2025-07-05,Handysize,USA,15.66,418.7,0.405
2025-07-06,Handysize,USA,15.28,395.8,0.632
2025-07-07,Handysize,USA,15.4,397.7,0.461
2025-07-08,Handysize,USA,15.1,370.4,0.542
2025-07-09,Handysize,USA,15.97,382.8,0.068
2025-07-10,Handysize,USA,16.26,408.2,0.0
2025-07-11,Handysize,USA,17.63,375.0,0.267
2025-07-12,Handysize,USA,17.69,401.5,0.146
2025-07-13,Handysize,USA,17.49,387.2,0.277
2025-07-14,Handysize,USA,17.85,409.5,0.166
2025-07-15,Handysize,USA,17.34,406.2,0.279
2025-07-16,Handysize,USA,16.65,390.6,0.272
2025-07-17,Handysize,USA,17.53,408.6,0.158
2025-07-18,Handysize,USA,17.38,401.8,0.26
2025-07-19,Handysize,USA,15.94,391.9,0.307
2025-07-20,Handysize,USA,14.41,394.0,0.423
2025-07-21,Handysize,USA,14.84,382.7,0.273
2025-07-22,Handysize,USA,14.6,414.8,0.162
2025-07-23,Handysize,USA,14.69,404.0,0.036
2025-07-24,Handysize,USA,14.96,403.0,0.0
2025-07-25,Handysize,USA,14.35,428.8,0.38
2025-07-26,Handysize,USA,14.42,397.6,0.017
2025-07-27,Handysize,USA,14.9,404.1,0.4
2025-07-28,Handysize,USA,14.55,385.8,0.396
2025-07-29,Handysize,USA,14.45,414.3,0.529
2025-07-30,Handysize,USA,14.43,388.1,0.471
2025-07-31,Handysize,USA,14.55,384.7,0.273
2025-08-01,Handysize,USA,13.69,406.3,0.273
2025-08-02,Handysize,USA,14.14,419.6,0.372
2025-08-03,Handysize,USA,14.98,389.7,0.551
2025-08-04,Handysize,USA,14.91,419.2,0.376
2025-08-05,Handysize,USA,15.26,409.2,0.202
2025-08-06,Handysize,USA,15.09,399.6,0.183
2025-08-07,Handysize,USA,14.89,363.0,0.0
2025-08-08,Handysize,USA,14.11,390.5,0.396
2025-08-09,Handysize,USA,13.55,414.9,0.409
2025-08-10,Handysize,USA,13.8,392.5,0.145
2025-08-11,Handysize,USA,13.41,398.8,0.279
2025-08-12,Handysize,USA,13.07,382.0,0.377
2025-08-13,Handysize,USA,13.27,396.0,0.427
2025-08-14,Handysize,USA,12.98,410.2,0.58
2025-08-15,Handysize,USA,12.44,408.8,0.361
2025-08-16,Handysize,USA,12.57,431.9,0.0
2025-08-17,Handysize,USA,13.18,413.2,0.526
2025-08-18,Handysize,USA,13.18,392.0,0.346
2025-08-19,Handysize,USA,13.3,409.9,0.225
2025-08-20,Handysize,USA,13.25,413.2,0.26
2025-08-21,Handysize,USA,13.87,413.7,0.107
2025-08-22,Handysize,USA,14.49,380.8,0.141
2025-08-23,Handysize,USA,14.27,391.7,0.361
2025-08-24,Handysize,USA,14.81,420.0,0.506
2025-08-25,Handysize,USA,14.82,418.8,0.079
2025-08-26,Handysize,USA,14.89,400.7,0.258
2025-08-27,Handysize,USA,14.72,418.9,0.14
2025-08-28,Handysize,USA,14.46,394.8,0.368
2025-08-29,Handysize,USA,15.45,396.0,0.066
2025-08-30,Handysize,USA,15.55,421.2,0.129
2025-08-31,Handysize,USA,15.29,401.3,0.135
2025-09-01,Handysize,USA,15.24,408.2,0.0
2025-09-02,Handysize,USA,14.56,407.8,0.349
2025-09-03,Handysize,USA,14.59,394.6,0.21
2025-09-04,Handysize,USA,15.18,437.5,0.498
2025-09-05,Handysize,USA,15.58,398.5,0.238
2025-09-06,Handysize,USA,16.93,395.0,0.477
2025-09-07,Handysize,USA,16.21,393.3,0.401
2025-09-08,Handysize,USA,15.84,396.0,0.0
2025-09-09,Handysize,USA,16.0,420.3,0.204
2025-09-10,Handysize,USA,15.62,381.8,0.359
2025-09-11,Handysize,USA,15.32,418.4,0.238
2025-09-12,Handysize,USA,16.32,399.1,0.432
2025-09-13,Handysize,USA,15.12,411.9,0.133
2025-09-14,Handysize,USA,15.16,405.7,0.258
2025-09-15,Handysize,USA,14.4,386.9,0.31
2025-09-16,Handysize,USA,14.22,407.9,0.247
2025-09-17,Handysize,USA,14.69,422.4,0.211
2025-09-18,Handysize,USA,15.53,403.5,0.271
2025-09-19,Handysize,USA,14.77,406.6,0.534
2025-09-20,Handysize,USA,13.85,384.9,0.322
2025-09-21,Handysize,USA,13.81,420.5,0.051
2025-09-22,Handysize,USA,14.43,400.4,0.266
2025-09-23,Handysize,USA,13.7,431.0,0.367
2025-09-24,Handysize,USA,13.71,421.0,0.268
2025-09-25,Handysize,USA,12.49,428.9,0.283
2025-09-26,Handysize,USA,13.36,417.7,0.034
2025-09-27,Handysize,USA,13.74,425.6,0.52
2025-09-28,Handysize,USA,13.6,414.5,0.189
2025-09-29,Handysize,USA,13.29,450.3,0.0
2025-09-30,Handysize,USA,15.43,410.4,0.351
2025-10-01,Handysize,USA,15.12,431.8,0.347
2025-10-02,Handysize,USA,16.48,433.8,0.111
2025-10-03,Handysize,USA,16.8,410.9,0.328
2025-10-04,Handysize,USA,16.56,442.0,0.265
2025-10-05,Handysize,USA,15.81,397.7,0.08
2025-10-06,Handysize,USA,15.42,403.4,0.464
2025-10-07,Handysize,USA,15.95,431.8,0.186
2025-10-08,Handysize,USA,15.84,419.0,0.255
2025-10-09,Handysize,USA,16.31,395.1,0.373
2025-10-10,Handysize,USA,16.07,429.1,0.167
2025-10-11,Handysize,USA,15.82,440.7,0.261
2025-10-12,Handysize,USA,15.9,381.3,0.351
2025-10-13,Handysize,USA,16.47,386.5,0.031
2025-10-14,Handysize,USA,16.09,412.4,0.363
2025-10-15,Handysize,USA,16.79,408.2,0.131
2025-10-16,Handysize,USA,16.96,378.9,0.407
2025-10-17,Handysize,USA,16.58,421.2,0.692
2025-10-18,Handysize,USA,17.09,444.0,0.117
2025-10-19,Handysize,USA,16.55,410.5,0.508
2025-10-20,Handysize,USA,15.35,394.5,0.504
2025-10-21,Handysize,USA,15.96,389.3,0.494
2025-10-22,Handysize,USA,16.74,419.9,0.438
2025-10-23,Handysize,USA,16.52,415.5,0.279
2025-10-24,Handysize,USA,16.64,433.9,0.339
2025-10-25,Handysize,USA,16.23,411.7,0.334
2025-10-26,Handysize,USA,15.18,429.4,0.287
2025-10-27,Handysize,USA,15.07,419.0,0.199
2025-10-28,Handysize,USA,15.07,424.8,0.0
2025-10-29,Handysize,USA,15.64,442.0,0.431
2025-10-30,Handysize,USA,16.42,412.0,0.228
2025-10-31,Handysize,USA,16.44,381.8,0.338
2025-11-01,Handysize,USA,15.79,415.7,0.013
2025-11-02,Handysize,USA,15.39,430.6,0.154
2025-11-03,Handysize,USA,15.42,422.5,0.391
2025-11-04,Handysize,USA,15.54,416.2,0.278
2025-11-05,Handysize,USA,15.89,421.1,0.284
2025-11-06,Handysize,USA,15.68,417.9,0.395
2025-11-07,Handysize,USA,15.72,431.8,0.333
2025-11-08,Handysize,USA,16.65,436.4,0.156
2025-11-09,Handysize,USA,17.84,410.1,0.207
2025-11-10,Handysize,USA,18.13,433.2,0.17
2025-11-11,Handysize,USA,18.55,410.7,0.296
2025-11-12,Handysize,USA,18.74,428.3,0.141
2025-11-13,Handysize,USA,17.9,425.3,0.238
2025-11-14,Handysize,USA,18.3,429.0,0.469
2025-11-15,Handysize,USA,18.85,450.5,0.397
2025-11-16,Handysize,USA,18.65,411.8,0.396
2025-11-17,Handysize,USA,17.35,447.3,0.347
2025-11-18,Handysize,USA,17.53,440.2,0.301
2025-11-19,Handysize,USA,17.36,435.4,0.174
2025-11-20,Handysize,USA,17.41,394.6,0.136
2025-11-21,Handysize,USA,17.06,424.7,0.403
2025-11-22,Handysize,USA,16.52,449.2,0.509
2025-11-23,Handysize,USA,15.83,433.5,0.686
2025-11-24,Handysize,USA,16.37,439.2,0.358
2025-11-25,Handysize,USA,16.01,422.3,0.621
2025-11-26,Handysize,USA,15.23,426.2,0.253
2025-11-27,Handysize,USA,16.33,444.9,0.408
2025-11-28,Handysize,USA,17.03,440.8,0.034
2025-11-29,Handysize,USA,17.86,421.8,0.096
2025-11-30,Handysize,USA,17.28,404.6,0.464
2025-12-01,Handysize,USA,16.71,413.2,0.461
2025-12-02,Handysize,USA,16.12,444.1,0.613
2025-12-03,Handysize,USA,16.44,429.8,0.055
2025-12-04,Handysize,USA,15.81,404.0,0.361
2025-12-05,Handysize,USA,15.06,453.5,0.248
2025-12-06,Handysize,USA,14.5,443.2,0.392
2025-12-07,Handysize,USA,15.09,440.7,0.156
2025-12-08,Handysize,USA,14.84,450.0,0.174
2025-12-09,Handysize,USA,14.87,426.5,0.266
2025-12-10,Handysize,USA,15.89,429.1,0.481
2025-12-11,Handysize,USA,16.3,435.0,0.194
2025-12-12,Handysize,USA,17.17,439.5,0.242
2025-12-13,Handysize,USA,18.26,421.5,0.37
2025-12-14,Handysize,USA,18.61,458.0,0.438
2025-12-15,Handysize,USA,19.03,410.4,0.093
2025-12-16,Handysize,USA,19.66,429.5,0.363
2025-12-17,Handysize,USA,19.26,460.3,0.371
2025-12-18,Handysize,USA,18.9,440.3,0.339
2025-12-19,Handysize,USA,20.38,439.0,0.245
2025-12-20,Handysize,USA,20.5,432.1,0.441
2025-12-21,Handysize,USA,20.04,429.5,0.337
2025-12-22,Handysize,USA,20.31,462.9,0.395
2025-12-23,Handysize,USA,19.22,464.9,0.464
2025-12-24,Handysize,USA,18.41,422.8,0.285
2025-12-25,Handysize,USA,18.09,442.8,0.318
2025-12-26,Handysize,USA,18.51,442.2,0.341
2025-12-27,Handysize,USA,19.2,405.9,0.527
2025-12-28,Handysize,USA,18.65,426.1,0.269
2025-12-29,Handysize,USA,18.6,432.9,0.107
2025-12-30,Handysize,USA,19.06,436.8,0.357
2023-01-01,Supramax,Australia,8.26,431.2,0.487
2023-01-02,Supramax,Australia,8.39,453.5,0.212
2023-01-03,Supramax,Australia,8.71,438.7,0.453
2023-01-04,Supramax,Australia,8.75,426.4,0.148
2023-01-05,Supramax,Australia,8.96,450.1,0.439
2023-01-06,Supramax,Australia,9.31,453.1,0.416
2023-01-07,Supramax,Australia,9.14,459.6,0.402
2023-01-08,Supramax,Australia,9.01,469.8,0.259
2023-01-09,Supramax,Australia,8.87,432.7,0.289
2023-01-10,Supramax,Australia,8.85,447.7,0.558
2023-01-11,Supramax,Australia,8.73,435.4,0.339
2023-01-12,Supramax,Australia,8.72,477.7,0.388
2023-01-13,Supramax,Australia,8.93,457.0,0.55
2023-01-14,Supramax,Australia,8.7,453.7,0.452
2023-01-15,Supramax,Australia,9.01,461.1,0.274
2023-01-16,Supramax,Australia,9.22,437.0,0.686
2023-01-17,Supramax,Australia,9.4,469.8,0.634
2023-01-18,Supramax,Australia,9.58,450.6,0.654
2023-01-19,Supramax,Australia,9.42,434.5,0.598
2023-01-20,Supramax,Australia,9.36,457.4,0.317
2023-01-21,Supramax,Australia,9.16,473.8,0.455
2023-01-22,Supramax,Australia,9.16,466.5,0.557
2023-01-23,Supramax,Australia,9.16,475.4,0.243
2023-01-24,Supramax,Australia,9.33,467.8,0.599
2023-01-25,Supramax,Australia,9.37,461.5,0.209
2023-01-26,Supramax,Australia,9.16,469.3,0.766
2023-01-27,Supramax,Australia,9.07,463.1,0.471
2023-01-28,Supramax,Australia,9.01,468.4,0.619
2023-01-29,Supramax,Australia,8.98,454.3,0.582
2023-01-30,Supramax,Australia,9.07,431.5,0.461
2023-01-31,Supramax,Australia,8.95,475.8,0.155
2023-02-01,Supramax,Australia,9.23,459.3,0.149
2023-02-02,Supramax,Australia,9.28,481.4,0.633
2023-02-03,Supramax,Australia,9.08,477.2,0.745
2023-02-04,Supramax,Australia,8.99,431.7,0.311
2023-02-05,Supramax,Australia,8.79,459.9,0.236
2023-02-06,Supramax,Australia,8.66,479.4,0.249
2023-02-07,Supramax,Australia,8.55,461.0,0.392
2023-02-08,Supramax,Australia,8.61,453.2,0.331
2023-02-09,Supramax,Australia,8.47,486.5,0.624
2023-02-10,Supramax,Australia,8.55,467.2,0.381
2023-02-11,Supramax,Australia,8.55,430.2,0.387
2023-02-12,Supramax,Australia,8.66,457.5,0.389
2023-02-13,Supramax,Australia,8.64,471.8,0.539
2023-02-14,Supramax,Australia,8.49,476.9,0.614
2023-02-15,Supramax,Australia,8.52,487.5,0.529
2023-02-16,Supramax,Australia,8.57,458.7,0.539
2023-02-17,Supramax,Australia,8.61,474.4,0.518
2023-02-18,Supramax,Australia,8.56,474.0,0.528
2023-02-19,Supramax,Australia,8.3,455.0,0.497
2023-02-20,Supramax,Australia,8.51,447.4,0.633
2023-02-21,Supramax,Australia,8.85,454.1,0.502
2023-02-22,Supramax,Australia,8.85,428.2,0.381
2023-02-23,Supramax,Australia,8.89,460.7,0.575
2023-02-24,Supramax,Australia,8.88,440.2,0.212
2023-02-25,Supramax,Australia,8.75,468.5,0.28
2023-02-26,Supramax,Australia,8.88,490.0,0.582
2023-02-27,Supramax,Australia,9.01,465.4,0.732
2023-02-28,Supramax,Australia,9.12,470.0,0.626
2023-03-01,Supramax,Australia,9.18,475.3,0.616
2023-03-02,Supramax,Australia,9.45,485.1,0.431
2023-03-03,Supramax,Australia,9.32,458.5,0.545
2023-03-04,Supramax,Australia,9.48,476.6,0.314
2023-03-05,Supramax,Australia,9.81,465.5,0.614
2023-03-06,Supramax,Australia,9.81,468.1,0.484
2023-03-07,Supramax,Australia,9.86,462.3,0.597
2023-03-08,Supramax,Australia,9.81,474.4,0.51
2023-03-09,Supramax,Australia,10.09,464.2,0.648
2023-03-10,Supramax,Australia,10.39,485.1,0.695
2023-03-11,Supramax,Australia,10.37,480.2,0.683
2023-03-12,Supramax,Australia,10.36,472.9,0.385
2023-03-13,Supramax,Australia,10.68,486.3,0.625
2023-03-14,Supramax,Australia,10.55,480.6,0.49
2023-03-15,Supramax,Australia,10.51,492.6,0.541
2023-03-16,Supramax,Australia,10.38,467.0,0.618
2023-03-17,Supramax,Australia,10.66,452.7,0.47
2023-03-18,Supramax,Australia,10.66,489.0,0.502
2023-03-19,Supramax,Australia,10.96,487.4,0.341
2023-03-20,Supramax,Australia,10.74,473.1,0.311
2023-03-21,Supramax,Australia,10.64,491.5,0.579
2023-03-22,Supramax,Australia,10.61,497.4,0.594
2023-03-23,Supramax,Australia,10.39,472.1,0.241
2023-03-24,Supramax,Australia,10.3,493.7,0.49
2023-03-25,Supramax,Australia,10.52,445.5,0.555
2023-03-26,Supramax,Australia,10.32,469.1,0.461
2023-03-27,Supramax,Australia,10.24,493.3,0.609
2023-03-28,Supramax,Australia,10.68,467.7,0.665
2023-03-29,Supramax,Australia,10.69,488.4,0.727
2023-03-30,Supramax,Australia,10.47,490.6,0.61
2023-03-31,Supramax,Australia,10.13,473.7,0.523
2023-04-01,Supramax,Australia,9.92,504.8,0.583
2023-04-02,Supramax,Australia,9.98,459.5,0.472
2023-04-03,Supramax,Australia,10.0,495.7,0.654
2023-04-04,Supramax,Australia,9.52,493.9,0.421
2023-04-05,Supramax,Australia,9.34,472.6,0.518
2023-04-06,Supramax,Australia,9.3,496.8,0.242
2023-04-07,Supramax,Australia,9.29,485.7,0.551
2023-04-08,Supramax,Australia,9.26,495.9,0.745
2023-04-09,Supramax,Australia,9.43,509.3,0.452
2023-04-10,Supramax,Australia,9.62,513.5,0.694
2023-04-11,Supramax,Australia,9.48,480.0,0.342
2023-04-12,Supramax,Australia,9.66,485.8,0.759
2023-04-13,Supramax,Australia,9.66,476.5,0.72
2023-04-14,Supramax,Australia,9.76,489.0,0.569
2023-04-15,Supramax,Australia,9.39,460.1,0.436
2023-04-16,Supramax,Australia,9.22,501.9,0.617
2023-04-17,Supramax,Australia,9.46,478.4,0.777
2023-04-18,Supramax,Australia,9.32,488.4,0.611
2023-04-19,Supramax,Australia,9.46,463.4,0.505
2023-04-20,Supramax,Australia,9.13,481.6,0.675
2023-04-21,Supramax,Australia,9.26,469.6,0.48
2023-04-22,Supramax,Australia,9.46,486.7,0.608
2023-04-23,Supramax,Australia,9.26,488.4,0.224
2023-04-24,Supramax,Australia,9.41,498.7,0.561
2023-04-25,Supramax,Australia,9.15,461.2,0.76
2023-04-26,Supramax,Australia,9.23,486.0,0.753
2023-04-27,Supramax,Australia,9.27,488.2,0.43
2023-04-28,Supramax,Australia,9.03,494.4,0.699
2023-04-29,Supramax,Australia,8.78,487.2,0.635
2023-04-30,Supramax,Australia,9.03,488.8,0.249
2023-05-01,Supramax,Australia,9.09,476.1,0.475
2023-05-02,Supramax,Australia,9.11,482.9,0.759
2023-05-03,Supramax,Australia,9.32,463.8,0.307
2023-05-04,Supramax,Australia,9.41,490.2,0.579
2023-05-05,Supramax,Australia,9.46,481.2,0.165
2023-05-06,Supramax,Australia,9.59,496.3,0.522
2023-05-07,Supramax,Australia,9.52,493.1,0.33
2023-05-08,Supramax,Australia,9.42,479.3,0.637
2023-05-09,Supramax,Australia,9.43,459.8,0.469
2023-05-10,Supramax,Australia,9.35,487.9,0.663
2023-05-11,Supramax,Australia,9.22,508.4,0.392
2023-05-12,Supramax,Australia,9.2,478.2,0.385
2023-05-13,Supramax,Australia,9.15,503.2,0.67
2023-05-14,Supramax,Australia,9.04,502.1,0.869
2023-05-15,Supramax,Australia,9.18,482.6,0.515
2023-05-16,Supramax,Australia,9.18,502.5,0.576
2023-05-17,Supramax,Australia,8.98,505.7,0.681
2023-05-18,Supramax,Australia,8.99,498.7,0.625
2023-05-19,Supramax,Australia,9.02,506.0,0.575
2023-05-20,Supramax,Australia,9.0,476.8,0.63
2023-05-21,Supramax,Australia,9.17,505.9,0.671
2023-05-22,Supramax,Australia,9.14,494.4,0.4
2023-05-23,Supramax,Australia,9.22,470.1,0.543
2023-05-24,Supramax,Australia,9.04,507.7,0.488
2023-05-25,Supramax,Australia,8.9,493.2,0.746
2023-05-26,Supramax,Australia,8.76,474.7,0.353
2023-05-27,Supramax,Australia,8.87,503.9,0.309
2023-05-28,Supramax,Australia,8.94,506.3,0.411
2023-05-29,Supramax,Australia,9.0,482.2,0.552
2023-05-30,Supramax,Australia,9.01,491.2,0.456
2023-05-31,Supramax,Australia,8.96,511.3,0.675
2023-06-01,Supramax,Australia,8.83,513.6,0.723
2023-06-02,Supramax,Australia,9.01,475.9,0.56
2023-06-03,Supramax,Australia,8.9,471.8,0.496
2023-06-04,Supramax,Australia,8.82,460.1,0.529
2023-06-05,Supramax,Australia,9.15,485.2,0.394
2023-06-06,Supramax,Australia,9.09,483.4,0.488
2023-06-07,Supramax,Australia,9.11,498.9,0.342
2023-06-08,Supramax,Australia,9.15,473.5,0.8
2023-06-09,Supramax,Australia,9.01,505.3,0.482
2023-06-10,Supramax,Australia,8.95,482.8,0.431
2023-06-11,Supramax,Australia,8.93,512.9,0.614
2023-06-12,Supramax,Australia,8.81,519.6,0.255
2023-06-13,Supramax,Australia,8.83,497.0,0.377
2023-06-14,Supramax,Australia,8.78,505.1,0.606
2023-06-15,Supramax,Australia,8.95,498.1,0.692
2023-06-16,Supramax,Australia,9.19,496.4,0.657
2023-06-17,Supramax,Australia,9.23,508.6,0.541
2023-06-18,Supramax,Australia,9.4,481.7,0.767
2023-06-19,Supramax,Australia,9.3,454.9,0.73
2023-06-20,Supramax,Australia,9.41,514.3,0.631
2023-06-21,Supramax,Australia,9.3,515.4,0.159
2023-06-22,Supramax,Australia,9.45,486.7,0.461
2023-06-23,Supramax,Australia,9.23,497.1,0.458
2023-06-24,Supramax,Australia,9.13,504.6,0.654
2023-06-25,Supramax,Australia,9.26,505.8,0.301
2023-06-26,Supramax,Australia,9.61,516.8,0.346
2023-06-27,Supramax,Australia,9.52,522.2,0.707
2023-06-28,Supramax,Australia,9.48,493.4,0.415
2023-06-29,Supramax,Australia,9.43,489.1,0.412
2023-06-30,Supramax,Australia,9.28,500.1,0.583
2023-07-01,Supramax,Australia,9.23,512.2,0.447
2023-07-02,Supramax,Australia,9.36,520.3,0.718
2023-07-03,Supramax,Australia,9.4,493.1,0.668
2023-07-04,Supramax,Australia,9.2,479.1,0.512
2023-07-05,Supramax,Australia,9.15,478.2,0.563
2023-07-06,Supramax,Australia,9.09,498.7,0.398
2023-07-07,Supramax,Australia,9.06,508.4,0.769
2023-07-08,Supramax,Australia,9.16,492.6,0.341
2023-07-09,Supramax,Australia,9.21,478.2,0.506
2023-07-10,Supramax,Australia,9.13,487.3,0.247
2023-07-11,Supramax,Australia,9.08,511.3,0.77
2023-07-12,Supramax,Australia,9.07,518.6,0.564
2023-07-13,Supramax,Australia,8.99,513.5,0.557
2023-07-14,Supramax,Australia,8.92,522.0,0.647
2023-07-15,Supramax,Australia,8.99,503.2,0.575
2023-07-16,Supramax,Australia,9.01,507.4,0.595
2023-07-17,Supramax,Australia,8.94,488.5,0.542
2023-07-18,Supramax,Australia,8.94,487.8,0.796
2023-07-19,Supramax,Australia,8.8,507.1,0.391
2023-07-20,Supramax,Australia,8.7,508.2,0.645
2023-07-21,Supramax,Australia,8.69,509.2,0.482
2023-07-22,Supramax,Australia,8.78,490.4,0.572
2023-07-23,Supramax,Australia,8.67,483.8,0.592
2023-07-24,Supramax,Australia,8.72,528.3,0.572
2023-07-25,Supramax,Australia,8.82,519.8,0.533
2023-07-26,Supramax,Australia,8.92,514.4,0.39
2023-07-27,Supramax,Australia,8.77,508.2,0.473
2023-07-28,Supramax,Australia,8.51,518.5,0.439
2023-07-29,Supramax,Australia,8.61,513.2,0.417
2023-07-30,Supramax,Australia,8.69,513.6,0.723
2023-07-31,Supramax,Australia,8.55,497.8,0.373
2023-08-01,Supramax,Australia,8.63,507.6,0.59
2023-08-02,Supramax,Australia,8.62,500.9,0.576
2023-08-03,Supramax,Australia,8.54,527.6,0.492
2023-08-04,Supramax,Australia,8.61,514.2,0.576
2023-08-05,Supramax,Australia,8.46,501.7,0.332
2023-08-06,Supramax,Australia,8.43,506.3,0.224
2023-08-07,Supramax,Australia,8.43,496.0,0.479
2023-08-08,Supramax,Australia,8.24,520.6,0.402
2023-08-09,Supramax,Australia,8.17,536.1,0.539
2023-08-10,Supramax,Australia,8.19,493.6,0.183
2023-08-11,Supramax,Australia,8.28,501.5,0.448
2023-08-12,Supramax,Australia,8.25,498.5,0.584
2023-08-13,Supramax,Australia,8.24,485.1,0.706
2023-08-14,Supramax,Australia,8.47,489.6,0.609
2023-08-15,Supramax,Australia,8.5,512.9,0.258
2023-08-16,Supramax,Australia,8.52,486.4,0.676
2023-08-17,Supramax,Australia,8.32,528.6,0.559
2023-08-18,Supramax,Australia,8.3,520.6,0.061
2023-08-19,Supramax,Australia,8.21,496.3,0.735
2023-08-20,Supramax,Australia,8.31,528.1,0.587
2023-08-21,Supramax,Australia,8.46,510.9,0.259
2023-08-22,Supramax,Australia,8.44,519.8,0.214
2023-08-23,Supramax,Australia,8.5,477.1,0.604
2023-08-24,Supramax,Australia,8.64,502.4,0.815
2023-08-25,Supramax,Australia,8.61,492.4,0.711
2023-08-26,Supramax,Australia,8.5,484.9,0.411
2023-08-27,Supramax,Australia,8.47,541.1,0.476
2023-08-28,Supramax,Australia,8.46,472.1,0.534
2023-08-29,Supramax,Australia,8.69,518.7,0.511
2023-08-30,Supramax,Australia,8.8,503.4,0.392
2023-08-31,Supramax,Australia,8.81,507.4,0.549
2023-09-01,Supramax,Australia,8.75,479.2,0.446
2023-09-02,Supramax,Australia,8.91,513.0,0.519
2023-09-03,Supramax,Australia,8.98,509.2,0.547
2023-09-04,Supramax,Australia,9.0,534.2,0.365
2023-09-05,Supramax,Australia,9.22,507.5,0.668
2023-09-06,Supramax,Australia,9.13,498.0,0.524
2023-09-07,Supramax,Australia,9.2,499.4,0.321
2023-09-08,Supramax,Australia,9.16,499.5,0.173
2023-09-09,Supramax,Australia,9.1,517.4,0.277
2023-09-10,Supramax,Australia,9.13,505.3,0.261
2023-09-11,Supramax,Australia,8.94,509.9,0.448
2023-09-12,Supramax,Australia,8.7,491.0,0.285
2023-09-13,Supramax,Australia,8.53,525.5,0.338
2023-09-14,Supramax,Australia,8.29,508.7,0.452
2023-09-15,Supramax,Australia,8.09,501.2,0.701
2023-09-16,Supramax,Australia,8.15,493.0,0.635
2023-09-17,Supramax,Australia,7.98,522.0,0.239
2023-09-18,Supramax,Australia,8.14,495.2,0.242
2023-09-19,Supramax,Australia,8.21,492.9,0.394
2023-09-20,Supramax,Australia,8.28,514.1,0.363
2023-09-21,Supramax,Australia,8.21,511.4,0.282
2023-09-22,Supramax,Australia,8.1,516.5,0.251
2023-09-23,Supramax,Australia,8.14,499.8,0.303
2023-09-24,Supramax,Australia,8.01,511.7,0.737
2023-09-25,Supramax,Australia,8.06,523.8,0.37
2023-09-26,Supramax,Australia,8.17,528.6,0.478
2023-09-27,Supramax,Australia,8.08,530.6,0.632
2023-09-28,Supramax,Australia,8.11,519.7,0.107
2023-09-29,Supramax,Australia,7.96,495.3,0.502
2023-09-30,Supramax,Australia,7.9,512.4,0.639
2023-10-01,Supramax,Australia,7.84,508.8,0.33
2023-10-02,Supramax,Australia,8.06,498.2,0.613
2023-10-03,Supramax,Australia,7.89,509.6,0.199
2023-10-04,Supramax,Australia,7.82,477.3,0.208
2023-10-05,Supramax,Australia,7.83,516.1,0.407
2023-10-06,Supramax,Australia,8.06,508.9,0.44
2023-10-07,Supramax,Australia,8.1,510.1,0.517
2023-10-08,Supramax,Australia,7.9,512.3,0.513
2023-10-09,Supramax,Australia,7.93,524.1,0.577
2023-10-10,Supramax,Australia,8.1,490.4,0.361
2023-10-11,Supramax,Australia,7.98,509.2,0.329
2023-10-12,Supramax,Australia,7.97,529.9,0.456
2023-10-13,Supramax,Australia,7.9,500.6,0.385
2023-10-14,Supramax,Australia,7.85,510.5,0.495
2023-10-15,Supramax,Australia,7.73,502.9,0.304
2023-10-16,Supramax,Australia,7.85,514.1,0.352
2023-10-17,Supramax,Australia,8.03,515.0,0.246
2023-10-18,Supramax,Australia,7.94,504.0,0.135
2023-10-19,Supramax,Australia,7.97,515.0,0.418
2023-10-20,Supramax,Australia,8.01,534.9,0.581
2023-10-21,Supramax,Australia,8.02,489.1,0.025
2023-10-22,Supramax,Australia,8.04,484.5,0.274
2023-10-23,Supramax,Australia,7.94,513.9,0.406
2023-10-24,Supramax,Australia,8.06,517.4,0.578
2023-10-25,Supramax,Australia,7.79,502.7,0.0
2023-10-26,Supramax,Australia,7.73,498.5,0.279
2023-10-27,Supramax,Australia,7.57,512.3,0.316
2023-10-28,Supramax,Australia,7.51,513.1,0.324
2023-10-29,Supramax,Australia,7.49,495.3,0.39
2023-10-30,Supramax,Australia,7.55,516.4,0.409
2023-10-31,Supramax,Australia,7.49,490.3,0.299
2023-11-01,Supramax,Australia,7.34,500.8,0.504
2023-11-02,Supramax,Australia,7.28,529.0,0.272
2023-11-03,Supramax,Australia,7.28,512.1,0.216
2023-11-04,Supramax,Australia,7.07,482.0,0.374
2023-11-05,Supramax,Australia,7.48,512.4,0.216
2023-11-06,Supramax,Australia,7.63,522.3,0.112
2023-11-07,Supramax,Australia,7.69,487.2,0.402
2023-11-08,Supramax,Australia,7.8,517.6,0.484
2023-11-09,Supramax,Australia,7.88,515.9,0.368
2023-11-10,Supramax,Australia,7.91,520.9,0.04
2023-11-11,Supramax,Australia,7.89,512.7,0.469
2023-11-12,Supramax,Australia,7.91,520.5,0.434
2023-11-13,Supramax,Australia,7.97,529.8,0.35
2023-11-14,Supramax,Australia,8.47,492.8,0.0
2023-11-15,Supramax,Australia,8.38,518.6,0.133
2023-11-16,Supramax,Australia,8.32,519.8,0.523
2023-11-17,Supramax,Australia,8.43,510.7,0.391
2023-11-18,Supramax,Australia,8.7,488.0,0.453
2023-11-19,Supramax,Australia,8.55,533.4,0.452
2023-11-20,Supramax,Australia,8.68,518.2,0.363
2023-11-21,Supramax,Australia,8.79,518.4,0.249
2023-11-22,Supramax,Australia,8.74,515.7,0.289
2023-11-23,Supramax,Australia,8.68,525.5,0.0
2023-11-24,Supramax,Australia,8.45,500.1,0.239
2023-11-25,Supramax,Australia,8.51,534.2,0.12
2023-11-26,Supramax,Australia,8.56,501.7,0.364
2023-11-27,Supramax,Australia,8.54,521.1,0.229
2023-11-28,Supramax,Australia,8.71,520.4,0.137
2023-11-29,Supramax,Australia,8.68,494.9,0.456
2023-11-30,Supramax,Australia,8.62,520.3,0.352
2023-12-01,Supramax,Australia,8.59,510.6,0.321
2023-12-02,Supramax,Australia,8.31,511.1,0.298
2023-12-03,Supramax,Australia,8.47,504.3,0.316
2023-12-04,Supramax,Australia,8.57,496.1,0.13
2023-12-05,Supramax,Australia,8.56,501.2,0.314
2023-12-06,Supramax,Australia,8.59,537.4,0.062
2023-12-07,Supramax,Australia,8.75,477.9,0.327
2023-12-08,Supramax,Australia,8.8,517.7,0.248
2023-12-09,Supramax,Australia,8.94,520.0,0.591
2023-12-10,Supramax,Australia,9.12,509.2,0.427
2023-12-11,Supramax,Australia,9.12,494.3,0.28
2023-12-12,Supramax,Australia,9.08,519.9,0.184
2023-12-13,Supramax,Australia,9.14,509.0,0.444
2023-12-14,Supramax,Australia,9.12,509.9,0.65
2023-12-15,Supramax,Australia,9.02,484.5,0.438
2023-12-16,Supramax,Australia,9.25,493.7,0.313
2023-12-17,Supramax,Australia,9.34,497.9,0.173
2023-12-18,Supramax,Australia,9.33,473.2,0.382
2023-12-19,Supramax,Australia,9.15,489.1,0.225
2023-12-20,Supramax,Australia,9.17,508.3,0.304
2023-12-21,Supramax,Australia,9.21,489.9,0.066
2023-12-22,Supramax,Australia,9.55,503.2,0.165
2023-12-23,Supramax,Australia,9.66,515.5,0.162
2023-12-24,Supramax,Australia,9.83,515.7,0.354
2023-12-25,Supramax,Australia,9.9,535.1,0.324
2023-12-26,Supramax,Australia,9.83,507.4,0.241
2023-12-27,Supramax,Australia,9.89,488.3,0.169
2023-12-28,Supramax,Australia,9.78,517.7,0.362
2023-12-29,Supramax,Australia,9.78,524.5,0.456
2023-12-30,Supramax,Australia,9.5,521.6,0.372
2023-12-31,Supramax,Australia,9.59,488.1,0.203
2024-01-01,Supramax,Australia,9.44,483.7,0.279
2024-01-02,Supramax,Australia,9.53,488.6,0.291
2024-01-03,Supramax,Australia,9.78,499.4,0.417
2024-01-04,Supramax,Australia,9.97,501.4,0.304
2024-01-05,Supramax,Australia,10.23,483.6,0.079
2024-01-06,Supramax,Australia,10.32,511.9,0.241
2024-01-07,Supramax,Australia,10.13,512.1,0.2
2024-01-08,Supramax,Australia,10.21,500.7,0.472
2024-01-09,Supramax,Australia,10.11,500.7,0.322
2024-01-10,Supramax,Australia,9.69,516.4,0.299
2024-01-11,Supramax,Australia,9.72,507.4,0.11
2024-01-12,Supramax,Australia,9.65,510.7,0.024
2024-01-13,Supramax,Australia,9.89,462.0,0.245
2024-01-14,Supramax,Australia,9.52,521.1,0.269
2024-01-15,Supramax,Australia,9.73,507.7,0.191
2024-01-16,Supramax,Australia,9.78,479.0,0.419
2024-01-17,Supramax,Australia,9.5,482.8,0.261
2024-01-18,Supramax,Australia,9.69,486.6,0.215
2024-01-19,Supramax,Australia,9.76,493.8,0.604
2024-01-20,Supramax,Australia,9.81,533.0,0.355
2024-01-21,Supramax,Australia,9.93,521.2,0.444
2024-01-22,Supramax,Australia,10.04,522.7,0.175
2024-01-23,Supramax,Australia,9.94,510.3,0.455
2024-01-24,Supramax,Australia,9.84,484.4,0.153
2024-01-25,Supramax,Australia,9.98,523.3,0.395
2024-01-26,Supramax,Australia,10.09,496.5,0.027
2024-01-27,Supramax,Australia,9.85,501.6,0.401
2024-01-28,Supramax,Australia,9.85,515.3,0.493
2024-01-29,Supramax,Australia,9.58,503.8,0.469
2024-01-30,Supramax,Australia,9.59,486.6,0.213
2024-01-31,Supramax,Australia,9.84,493.1,0.168
2024-02-01,Supramax,Australia,9.66,489.8,0.359
2024-02-02,Supramax,Australia,9.86,491.2,0.0
2024-02-03,Supramax,Australia,9.85,519.0,0.32
2024-02-04,Supramax,Australia,9.49,483.7,0.241
2024-02-05,Supramax,Australia,9.14,507.8,0.242
2024-02-06,Supramax,Australia,9.21,488.9,0.195
2024-02-07,Supramax,Australia,9.09,500.3,0.313
2024-02-08,Supramax,Australia,9.03,486.6,0.191
2024-02-09,Supramax,Australia,9.46,489.1,0.44
2024-02-10,Supramax,Australia,9.48,504.9,0.269
2024-02-11,Supramax,Australia,9.75,493.0,0.319
2024-02-12,Supramax,Australia,9.81,490.7,0.446
2024-02-13,Supramax,Australia,10.0,507.9,0.0
2024-02-14,Supramax,Australia,9.61,494.6,0.168
2024-02-15,Supramax,Australia,9.68,470.3,0.24
2024-02-16,Supramax,Australia,9.75,526.3,0.396
2024-02-17,Supramax,Australia,9.65,495.4,0.0
2024-02-18,Supramax,Australia,9.74,479.8,0.092
2024-02-19,Supramax,Australia,9.5,518.8,0.519
2024-02-20,Supramax,Australia,9.37,467.3,0.506
2024-02-21,Supramax,Australia,9.5,501.2,0.283
2024-02-22,Supramax,Australia,9.47,481.3,0.0
2024-02-23,Supramax,Australia,9.33,491.7,0.248
2024-02-24,Supramax,Australia,9.21,476.1,0.31
2024-02-25,Supramax,Australia,9.14,508.8,0.227
2024-02-26,Supramax,Australia,8.95,497.0,0.235
2024-02-27,Supramax,Australia,8.96,500.4,0.208
2024-02-28,Supramax,Australia,8.75,475.7,0.198
2024-02-29,Supramax,Australia,8.97,510.0,0.0
2024-03-01,Supramax,Australia,9.12,486.9,0.213
2024-03-02,Supramax,Australia,9.35,480.9,0.382
2024-03-03,Supramax,Australia,9.15,487.5,0.26
2024-03-04,Supramax,Australia,9.12,466.5,0.485
2024-03-05,Supramax,Australia,9.3,528.3,0.089
2024-03-06,Supramax,Australia,9.17,482.9,0.239
2024-03-07,Supramax,Australia,9.2,499.7,0.205
2024-03-08,Supramax,Australia,9.13,509.7,0.196
2024-03-09,Supramax,Australia,8.98,486.0,0.232
2024-03-10,Supramax,Australia,8.88,486.6,0.122
2024-03-11,Supramax,Australia,8.96,475.2,0.125
2024-03-12,Supramax,Australia,8.92,482.4,0.229
2024-03-13,Supramax,Australia,8.78,528.8,0.346
2024-03-14,Supramax,Australia,8.68,490.5,0.221
2024-03-15,Supramax,Australia,8.96,503.0,0.383
2024-03-16,Supramax,Australia,8.89,485.3,0.327
2024-03-17,Supramax,Australia,8.79,497.8,0.453
2024-03-18,Supramax,Australia,8.76,479.1,0.0
2024-03-19,Supramax,Australia,8.72,487.4,0.335
2024-03-20,Supramax,Australia,8.64,468.4,0.351
2024-03-21,Supramax,Australia,8.49,491.4,0.411
2024-03-22,Supramax,Australia,8.45,500.8,0.262
2024-03-23,Supramax,Australia,8.25,498.3,0.151
2024-03-24,Supramax,Australia,8.31,477.0,0.345
2024-03-25,Supramax,Australia,8.19,496.2,0.217
2024-03-26,Supramax,Australia,8.09,457.2,0.505
2024-03-27,Supramax,Australia,8.16,486.1,0.338
2024-03-28,Supramax,Australia,8.38,473.6,0.465
2024-03-29,Supramax,Australia,8.38,500.1,0.493
2024-03-30,Supramax,Australia,8.34,520.2,0.313
2024-03-31,Supramax,Australia,8.38,493.3,0.076
2024-04-01,Supramax,Australia,8.5,500.7,0.326
2024-04-02,Supramax,Australia,8.34,475.1,0.283
2024-04-03,Supramax,Australia,8.22,475.5,0.285
2024-04-04,Supramax,Australia,8.09,462.9,0.267
2024-04-05,Supramax,Australia,8.08,490.3,0.195
2024-04-06,Supramax,Australia,8.4,520.2,0.102
2024-04-07,Supramax,Australia,8.09,476.7,0.112
2024-04-08,Supramax,Australia,8.19,470.4,0.191
2024-04-09,Supramax,Australia,8.22,502.3,0.109
2024-04-10,Supramax,Australia,8.42,500.3,0.164
2024-04-11,Supramax,Australia,8.43,499.5,0.115
2024-04-12,Supramax,Australia,8.47,449.4,0.394
2024-04-13,Supramax,Australia,8.28,521.5,0.157
2024-04-14,Supramax,Australia,8.29,470.3,0.108
2024-04-15,Supramax,Australia,8.26,490.7,0.282
2024-04-16,Supramax,Australia,8.08,483.6,0.531
2024-04-17,Supramax,Australia,8.04,498.1,0.183
2024-04-18,Supramax,Australia,8.06,467.6,0.356
2024-04-19,Supramax,Australia,7.91,490.3,0.433
2024-04-20,Supramax,Australia,8.03,472.0,0.027
2024-04-21,Supramax,Australia,7.98,480.2,0.436
2024-04-22,Supramax,Australia,7.91,481.6,0.235
2024-04-23,Supramax,Australia,7.93,497.5,0.073
2024-04-24,Supramax,Australia,7.83,470.2,0.303
2024-04-25,Supramax,Australia,7.84,495.9,0.0
2024-04-26,Supramax,Australia,8.11,520.9,0.165
2024-04-27,Supramax,Australia,8.29,462.1,0.214
2024-04-28,Supramax,Australia,8.05,508.5,0.431
2024-04-29,Supramax,Australia,8.02,471.1,0.387
2024-04-30,Supramax,Australia,8.02,464.5,0.5
2024-05-01,Supramax,Australia,8.26,488.8,0.385
2024-05-02,Supramax,Australia,8.02,452.6,0.269
2024-05-03,Supramax,Australia,8.1,459.2,0.574
2024-05-04,Supramax,Australia,7.95,483.9,0.135
2024-05-05,Supramax,Australia,8.27,472.2,0.346
2024-05-06,Supramax,Australia,8.2,465.4,0.03
2024-05-07,Supramax,Australia,8.42,466.4,0.185
2024-05-08,Supramax,Australia,8.34,452.4,0.353
2024-05-09,Supramax,Australia,8.34,438.8,0.162
2024-05-10,Supramax,Australia,8.08,458.7,0.0
2024-05-11,Supramax,Australia,7.96,482.0,0.125
2024-05-12,Supramax,Australia,8.12,454.6,0.344
2024-05-13,Supramax,Australia,7.87,479.3,0.408
2024-05-14,Supramax,Australia,7.82,483.7,0.259
2024-05-15,Supramax,Australia,7.84,473.5,0.195
2024-05-16,Supramax,Australia,7.76,467.6,0.309
2024-05-17,Supramax,Australia,7.87,483.7,0.341
2024-05-18,Supramax,Australia,7.83,476.5,0.338
2024-05-19,Supramax,Australia,7.73,468.5,0.208
2024-05-20,Supramax,Australia,7.9,476.0,0.036
2024-05-21,Supramax,Australia,7.73,495.2,0.231
2024-05-22,Supramax,Australia,7.89,467.3,0.21
2024-05-23,Supramax,Australia,7.98,494.5,0.438
2024-05-24,Supramax,Australia,8.2,464.7,0.169
2024-05-25,Supramax,Australia,8.11,470.7,0.263
2024-05-26,Supramax,Australia,8.21,462.5,0.021
2024-05-27,Supramax,Australia,8.28,490.8,0.429
2024-05-28,Supramax,Australia,8.33,479.6,0.255
2024-05-29,Supramax,Australia,8.25,469.4,0.381
2024-05-30,Supramax,Australia,8.16,436.6,0.379
2024-05-31,Supramax,Australia,8.24,458.7,0.172
2024-06-01,Supramax,Australia,8.15,472.8,0.696
2024-06-02,Supramax,Australia,8.31,489.4,0.234
2024-06-03,Supramax,Australia,8.2,474.1,0.337
2024-06-04,Supramax,Australia,8.52,470.7,0.223
2024-06-05,Supramax,Australia,8.31,456.7,0.378
2024-06-06,Supramax,Australia,8.09,469.3,0.462
2024-06-07,Supramax,Australia,8.08,462.2,0.216
2024-06-08,Supramax,Australia,7.92,455.7,0.517
2024-06-09,Supramax,Australia,8.1,460.7,0.422
2024-06-10,Supramax,Australia,8.29,473.0,0.363
2024-06-11,Supramax,Australia,8.48,473.4,0.278
2024-06-12,Supramax,Australia,8.55,446.7,0.375
2024-06-13,Supramax,Australia,8.23,474.0,0.111
2024-06-14,Supramax,Australia,8.26,456.9,0.486
2024-06-15,Supramax,Australia,8.09,459.6,0.525
2024-06-16,Supramax,Australia,8.07,455.4,0.358
2024-06-17,Supramax,Australia,8.11,459.7,0.272
2024-06-18,Supramax,Australia,8.12,471.8,0.057
2024-06-19,Supramax,Australia,8.16,467.7,0.515
2024-06-20,Supramax,Australia,8.06,474.6,0.323
2024-06-21,Supramax,Australia,8.05,449.3,0.202
2024-06-22,Supramax,Australia,7.77,467.9,0.584
2024-06-23,Supramax,Australia,7.84,428.7,0.286
2024-06-24,Supramax,Australia,8.03,470.7,0.421
2024-06-25,Supramax,Australia,8.09,458.6,0.35
2024-06-26,Supramax,Australia,7.98,474.2,0.076
2024-06-27,Supramax,Australia,7.88,444.5,0.314
2024-06-28,Supramax,Australia,7.61,489.1,0.523
2024-06-29,Supramax,Australia,7.47,450.5,0.57
2024-06-30,Supramax,Australia,7.27,488.8,0.299
2024-07-01,Supramax,Australia,7.36,427.3,0.277
2024-07-02,Supramax,Australia,7.75,468.5,0.548
2024-07-03,Supramax,Australia,7.58,445.3,0.356
2024-07-04,Supramax,Australia,7.66,462.3,0.447
2024-07-05,Supramax,Australia,7.34,446.6,0.253
2024-07-06,Supramax,Australia,7.16,466.7,0.295
2024-07-07,Supramax,Australia,7.32,470.9,0.073
2024-07-08,Supramax,Australia,7.43,448.6,0.37
2024-07-09,Supramax,Australia,7.51,438.8,0.548
2024-07-10,Supramax,Australia,7.42,435.4,0.207
2024-07-11,Supramax,Australia,7.54,466.8,0.37
2024-07-12,Supramax,Australia,7.2,444.4,0.501
2024-07-13,Supramax,Australia,7.43,481.7,0.164
2024-07-14,Supramax,Australia,7.84,447.5,0.568
2024-07-15,Supramax,Australia,7.99,440.7,0.271
2024-07-16,Supramax,Australia,7.69,464.8,0.23
2024-07-17,Supramax,Australia,7.56,444.8,0.247
2024-07-18,Supramax,Australia,7.3,443.8,0.376
2024-07-19,Supramax,Australia,7.24,456.1,0.385
2024-07-20,Supramax,Australia,7.06,459.3,0.414
2024-07-21,Supramax,Australia,6.94,475.3,0.454
2024-07-22,Supramax,Australia,6.66,446.9,0.559
2024-07-23,Supramax,Australia,6.6,459.5,0.575
2024-07-24,Supramax,Australia,6.54,432.8,0.391
2024-07-25,Supramax,Australia,6.57,438.8,0.503
2024-07-26,Supramax,Australia,6.77,440.2,0.503
2024-07-27,Supramax,Australia,6.65,427.0,0.466
2024-07-28,Supramax,Australia,6.33,437.6,0.373
2024-07-29,Supramax,Australia,6.06,443.5,0.653
2024-07-30,Supramax,Australia,6.06,438.4,0.245
2024-07-31,Supramax,Australia,5.85,439.2,0.208
2024-08-01,Supramax,Australia,5.52,458.0,0.487
2024-08-02,Supramax,Australia,5.51,465.8,0.328
2024-08-03,Supramax,Australia,5.57,465.9,0.206
2024-08-04,Supramax,Australia,5.88,456.5,0.361
2024-08-05,Supramax,Australia,5.85,431.2,0.568
2024-08-06,Supramax,Australia,5.85,455.9,0.319
2024-08-07,Supramax,Australia,5.95,451.4,0.296
2024-08-08,Supramax,Australia,5.98,455.1,0.429
2024-08-09,Supramax,Australia,5.94,447.5,0.447
2024-08-10,Supramax,Australia,5.75,444.8,0.419
2024-08-11,Supramax,Australia,5.83,450.7,0.679
2024-08-12,Supramax,Australia,5.81,405.8,0.651
2024-08-13,Supramax,Australia,5.45,445.1,0.716
2024-08-14,Supramax,Australia,5.59,438.7,0.453
2024-08-15,Supramax,Australia,5.53,416.8,0.386
2024-08-16,Supramax,Australia,5.58,439.5,0.352
2024-08-17,Supramax,Australia,5.73,447.0,0.558
2024-08-18,Supramax,Australia,5.66,432.4,0.462
2024-08-19,Supramax,Australia,5.9,445.6,0.18
2024-08-20,Supramax,Australia,5.89,445.9,0.502
2024-08-21,Supramax,Australia,6.07,452.4,0.453
2024-08-22,Supramax,Australia,6.05,440.3,0.253
2024-08-23,Supramax,Australia,5.89,425.5,0.32
2024-08-24,Supramax,Australia,5.96,444.9,0.398
2024-08-25,Supramax,Australia,6.27,438.5,0.227
2024-08-26,Supramax,Australia,6.19,408.0,0.55
2024-08-27,Supramax,Australia,6.2,447.9,0.389
2024-08-28,Supramax,Australia,6.11,446.6,0.582
2024-08-29,Supramax,Australia,6.06,467.5,0.467
2024-08-30,Supramax,Australia,6.11,455.3,0.462
2024-08-31,Supramax,Australia,6.27,404.9,0.357
2024-09-01,Supramax,Australia,6.25,452.0,0.411
2024-09-02,Supramax,Australia,6.3,449.7,0.508
2024-09-03,Supramax,Australia,6.39,443.9,0.523
2024-09-04,Supramax,Australia,6.7,459.8,0.442
2024-09-05,Supramax,Australia,6.9,452.0,0.672
2024-09-06,Supramax,Australia,7.1,450.0,0.376
2024-09-07,Supramax,Australia,7.23,442.4,0.611
2024-09-08,Supramax,Australia,7.25,426.3,0.316
2024-09-09,Supramax,Australia,7.27,433.5,0.403
2024-09-10,Supramax,Australia,7.15,461.6,0.643
2024-09-11,Supramax,Australia,7.0,445.7,0.651
2024-09-12,Supramax,Australia,6.97,424.7,0.344
2024-09-13,Supramax,Australia,7.08,418.2,0.316
2024-09-14,Supramax,Australia,7.13,427.0,0.331
2024-09-15,Supramax,Australia,7.32,441.5,0.552
2024-09-16,Supramax,Australia,7.26,465.8,0.538
2024-09-17,Supramax,Australia,7.27,426.8,0.45
2024-09-18,Supramax,Australia,7.08,452.1,0.534
2024-09-19,Supramax,Australia,7.14,419.8,0.4
2024-09-20,Supramax,Australia,7.3,414.5,0.61
2024-09-21,Supramax,Australia,7.15,450.0,0.508
2024-09-22,Supramax,Australia,6.97,417.5,0.444
2024-09-23,Supramax,Australia,7.0,403.5,0.334
2024-09-24,Supramax,Australia,7.22,463.4,0.3
2024-09-25,Supramax,Australia,7.32,443.5,0.494
2024-09-26,Supramax,Australia,7.32,409.7,0.497
2024-09-27,Supramax,Australia,7.34,402.7,0.432
2024-09-28,Supramax,Australia,7.07,388.8,0.388
2024-09-29,Supramax,Australia,7.08,412.2,0.576
2024-09-30,Supramax,Australia,7.31,447.6,0.372
2024-10-01,Supramax,Australia,7.26,409.3,0.694
2024-10-02,Supramax,Australia,6.98,422.1,0.552
2024-10-03,Supramax,Australia,6.99,435.8,0.506
2024-10-04,Supramax,Australia,7.47,426.9,0.497
2024-10-05,Supramax,Australia,7.82,406.9,0.67
2024-10-06,Supramax,Australia,7.84,419.8,0.839
2024-10-07,Supramax,Australia,7.68,447.2,0.593
2024-10-08,Supramax,Australia,7.71,432.0,0.613
2024-10-09,Supramax,Australia,7.65,430.3,0.453
2024-10-10,Supramax,Australia,8.01,440.8,0.516
2024-10-11,Supramax,Australia,8.07,461.3,0.414
2024-10-12,Supramax,Australia,8.33,426.1,0.134
2024-10-13,Supramax,Australia,8.04,417.9,0.382
2024-10-14,Supramax,Australia,7.81,430.1,0.254
2024-10-15,Supramax,Australia,7.83,432.6,0.465
2024-10-16,Supramax,Australia,7.65,437.4,0.115
2024-10-17,Supramax,Australia,7.86,421.5,0.437
2024-10-18,Supramax,Australia,8.14,423.0,0.521
2024-10-19,Supramax,Australia,8.22,415.9,0.731
2024-10-20,Supramax,Australia,7.77,448.8,0.684
2024-10-21,Supramax,Australia,7.46,425.6,0.497
2024-10-22,Supramax,Australia,7.48,393.2,0.641
2024-10-23,Supramax,Australia,7.01,418.9,0.681
2024-10-24,Supramax,Australia,6.81,446.3,0.494
2024-10-25,Supramax,Australia,6.73,432.6,0.544
2024-10-26,Supramax,Australia,7.01,400.9,0.725
2024-10-27,Supramax,Australia,6.77,394.0,0.376
2024-10-28,Supramax,Australia,7.26,435.7,0.606
2024-10-29,Supramax,Australia,7.53,421.2,0.743
2024-10-30,Supramax,Australia,7.26,425.8,0.608
2024-10-31,Supramax,Australia,7.57,422.9,0.455
2024-11-01,Supramax,Australia,7.85,411.0,0.514
2024-11-02,Supramax,Australia,8.33,408.2,0.927
2024-11-03,Supramax,Australia,8.18,413.7,0.507
2024-11-04,Supramax,Australia,8.0,415.2,0.597
2024-11-05,Supramax,Australia,8.05,423.8,0.723
2024-11-06,Supramax,Australia,7.96,416.9,0.796
2024-11-07,Supramax,Australia,7.81,392.8,0.579
2024-11-08,Supramax,Australia,8.02,441.8,0.709
2024-11-09,Supramax,Australia,8.13,395.4,0.665
2024-11-10,Supramax,Australia,8.03,420.6,0.357
2024-11-11,Supramax,Australia,8.26,368.4,0.547
2024-11-12,Supramax,Australia,8.25,410.8,0.106
2024-11-13,Supramax,Australia,8.47,387.9,0.679
2024-11-14,Supramax,Australia,8.3,399.6,0.676
2024-11-15,Supramax,Australia,8.31,430.8,0.683
2024-11-16,Supramax,Australia,8.21,422.1,0.475
2024-11-17,Supramax,Australia,8.05,420.7,0.802
2024-11-18,Supramax,Australia,8.19,403.3,0.668
2024-11-19,Supramax,Australia,8.05,436.4,0.748
2024-11-20,Supramax,Australia,8.41,398.0,0.647
2024-11-21,Supramax,Australia,8.42,421.2,0.383
2024-11-22,Supramax,Australia,8.35,418.6,0.594
2024-11-23,Supramax,Australia,8.33,402.2,0.536
2024-11-24,Supramax,Australia,8.26,388.4,0.688
2024-11-25,Supramax,Australia,8.2,429.2,0.738
2024-11-26,Supramax,Australia,8.41,417.0,0.63
2024-11-27,Supramax,Australia,8.44,408.6,0.352
2024-11-28,Supramax,Australia,8.68,411.1,0.389
2024-11-29,Supramax,Australia,8.77,432.9,0.821
2024-11-30,Supramax,Australia,8.52,443.7,0.752
2024-12-01,Supramax,Australia,8.69,362.1,0.516
2024-12-02,Supramax,Australia,8.64,425.4,0.538
2024-12-03,Supramax,Australia,8.53,417.8,0.809
2024-12-04,Supramax,Australia,8.54,410.8,0.756
2024-12-05,Supramax,Australia,8.61,405.1,0.653
2024-12-06,Supramax,Australia,8.5,402.2,0.478
2024-12-07,Supramax,Australia,8.39,394.6,0.477
2024-12-08,Supramax,Australia,8.33,421.4,0.409
2024-12-09,Supramax,Australia,8.23,411.1,0.456
2024-12-10,Supramax,Australia,8.12,434.3,0.446
2024-12-11,Supramax,Australia,7.89,415.0,0.582
2024-12-12,Supramax,Australia,7.91,404.6,0.637
2024-12-13,Supramax,Australia,7.65,402.9,0.415
2024-12-14,Supramax,Australia,7.64,417.6,0.626
2024-12-15,Supramax,Australia,7.57,396.1,0.799
2024-12-16,Supramax,Australia,7.42,373.5,0.493
2024-12-17,Supramax,Australia,7.34,404.8,0.5
2024-12-18,Supramax,Australia,7.38,406.8,0.669
2024-12-19,Supramax,Australia,7.6,395.8,0.484
2024-12-20,Supramax,Australia,7.37,390.6,0.509
2024-12-21,Supramax,Australia,7.59,418.4,0.625
2024-12-22,Supramax,Australia,7.73,404.2,0.458
2024-12-23,Supramax,Australia,7.57,420.6,0.693
2024-12-24,Supramax,Australia,7.62,391.7,0.731
2024-12-25,Supramax,Australia,7.45,409.9,0.533
2024-12-26,Supramax,Australia,7.38,406.5,0.598
2024-12-27,Supramax,Australia,7.25,418.7,0.566
2024-12-28,Supramax,Australia,7.35,416.3,0.089
2024-12-29,Supramax,Australia,7.28,388.3,0.554
2024-12-30,Supramax,Australia,7.25,399.8,0.654
2024-12-31,Supramax,Australia,7.11,423.1,0.624
2025-01-01,Supramax,Australia,7.54,404.9,0.209
2025-01-02,Supramax,Australia,7.45,411.9,0.712
2025-01-03,Supramax,Australia,7.41,402.4,0.374
2025-01-04,Supramax,Australia,7.41,421.7,0.416
2025-01-05,Supramax,Australia,7.3,426.8,0.519
2025-01-06,Supramax,Australia,7.15,421.7,0.39
2025-01-07,Supramax,Australia,7.23,460.2,0.353
2025-01-08,Supramax,Australia,7.47,396.9,0.73
2025-01-09,Supramax,Australia,7.42,398.4,0.429
2025-01-10,Supramax,Australia,7.74,413.3,0.468
2025-01-11,Supramax,Australia,7.72,411.8,0.735
2025-01-12,Supramax,Australia,7.75,403.0,0.202
2025-01-13,Supramax,Australia,7.92,421.4,0.505
2025-01-14,Supramax,Australia,8.17,370.8,0.624
2025-01-15,Supramax,Australia,8.39,370.1,0.642
2025-01-16,Supramax,Australia,8.49,402.7,0.407
2025-01-17,Supramax,Australia,8.55,380.2,0.448
2025-01-18,Supramax,Australia,8.54,408.3,0.741
2025-01-19,Supramax,Australia,8.44,404.9,0.465
2025-01-20,Supramax,Australia,8.36,401.3,0.6
2025-01-21,Supramax,Australia,8.42,393.0,0.756
2025-01-22,Supramax,Australia,8.63,364.7,0.573
2025-01-23,Supramax,Australia,8.63,393.7,0.336
2025-01-24,Supramax,Australia,8.73,392.1,0.659
2025-01-25,Supramax,Australia,8.81,399.7,0.622
2025-01-26,Supramax,Australia,8.95,392.7,0.713
2025-01-27,Supramax,Australia,9.09,414.4,0.695
2025-01-28,Supramax,Australia,8.86,401.2,0.523
2025-01-29,Supramax,Australia,8.9,392.1,0.611
2025-01-30,Supramax,Australia,8.97,390.4,0.447
2025-01-31,Supramax,Australia,8.8,380.0,0.447
2025-02-01,Supramax,Australia,9.07,381.4,0.558
2025-02-02,Supramax,Australia,9.05,390.4,0.323
2025-02-03,Supramax,Australia,9.25,395.5,0.848
2025-02-04,Supramax,Australia,9.28,413.0,0.695
2025-02-05,Supramax,Australia,9.33,378.5,0.555
2025-02-06,Supramax,Australia,9.32,380.7,0.872
2025-02-07,Supramax,Australia,9.26,420.9,0.688
2025-02-08,Supramax,Australia,9.04,395.9,0.307
2025-02-09,Supramax,Australia,8.92,429.6,0.596
2025-02-10,Supramax,Australia,8.92,408.6,0.919
2025-02-11,Supramax,Australia,8.72,406.4,0.56
2025-02-12,Supramax,Australia,8.62,403.0,0.344
2025-02-13,Supramax,Australia,8.57,386.6,0.494
2025-02-14,Supramax,Australia,8.66,402.0,0.578
2025-02-15,Supramax,Australia,8.79,421.7,0.757
2025-02-16,Supramax,Australia,8.74,392.5,0.381
2025-02-17,Supramax,Australia,8.9,404.5,0.426
2025-02-18,Supramax,Australia,9.01,379.1,0.295
2025-02-19,Supramax,Australia,8.64,368.9,0.393
2025-02-20,Supramax,Australia,8.76,374.6,0.275
2025-02-21,Supramax,Australia,8.58,404.1,0.782
2025-02-22,Supramax,Australia,8.52,378.1,0.785
2025-02-23,Supramax,Australia,8.45,385.8,0.13
2025-02-24,Supramax,Australia,8.67,384.5,0.834
2025-02-25,Supramax,Australia,8.48,410.5,0.41
2025-02-26,Supramax,Australia,8.43,403.3,0.39
2025-02-27,Supramax,Australia,8.44,399.7,0.33
2025-02-28,Supramax,Australia,8.42,375.3,0.596
2025-03-01,Supramax,Australia,8.24,418.4,0.282
2025-03-02,Supramax,Australia,8.16,376.6,0.495
2025-03-03,Supramax,Australia,8.13,396.5,0.259
2025-03-04,Supramax,Australia,8.16,376.5,0.451
2025-03-05,Supramax,Australia,8.16,393.4,0.378
2025-03-06,Supramax,Australia,8.19,389.3,0.849
2025-03-07,Supramax,Australia,8.29,392.8,0.537
2025-03-08,Supramax,Australia,8.33,379.6,0.581
2025-03-09,Supramax,Australia,8.66,389.9,0.387
2025-03-10,Supramax,Australia,8.98,379.8,0.337
2025-03-11,Supramax,Australia,8.84,386.6,0.472
2025-03-12,Supramax,Australia,8.85,384.6,0.236
2025-03-13,Supramax,Australia,8.82,409.1,0.299
2025-03-14,Supramax,Australia,8.62,395.3,0.539
2025-03-15,Supramax,Australia,8.55,413.1,0.356
2025-03-16,Supramax,Australia,8.7,392.7,0.377
2025-03-17,Supramax,Australia,8.73,387.8,0.396
2025-03-18,Supramax,Australia,8.6,384.3,0.629
2025-03-19,Supramax,Australia,9.08,390.6,0.483
2025-03-20,Supramax,Australia,9.15,379.7,0.617
2025-03-21,Supramax,Australia,9.05,383.8,0.23
2025-03-22,Supramax,Australia,9.24,401.4,0.587
2025-03-23,Supramax,Australia,9.22,395.6,0.44
2025-03-24,Supramax,Australia,9.51,376.1,0.529
2025-03-25,Supramax,Australia,9.58,395.0,0.466
2025-03-26,Supramax,Australia,9.59,412.5,0.338
2025-03-27,Supramax,Australia,9.75,415.2,0.0
2025-03-28,Supramax,Australia,9.93,407.1,0.467
2025-03-29,Supramax,Australia,9.72,375.5,0.443
2025-03-30,Supramax,Australia,9.65,390.6,0.143
2025-03-31,Supramax,Australia,9.71,413.9,0.499
2025-04-01,Supramax,Australia,9.95,392.8,0.114
2025-04-02,Supramax,Australia,10.06,394.0,0.623
2025-04-03,Supramax,Australia,10.01,370.6,0.401
2025-04-04,Supramax,Australia,9.97,383.0,0.4
2025-04-05,Supramax,Australia,10.08,410.8,0.728
2025-04-06,Supramax,Australia,9.87,397.1,0.504
2025-04-07,Supramax,Australia,9.82,387.7,0.331
2025-04-08,Supramax,Australia,9.59,411.3,0.388
2025-04-09,Supramax,Australia,9.51,406.1,0.458
2025-04-10,Supramax,Australia,9.31,419.0,0.495
2025-04-11,Supramax,Australia,9.43,397.9,0.128
2025-04-12,Supramax,Australia,9.38,404.8,0.424
2025-04-13,Supramax,Australia,9.48,385.9,0.309
2025-04-14,Supramax,Australia,9.39,402.3,0.411
2025-04-15,Supramax,Australia,9.45,400.0,0.29
2025-04-16,Supramax,Australia,9.65,417.6,0.399
2025-04-17,Supramax,Australia,9.71,387.3,0.63
2025-04-18,Supramax,Australia,9.7,388.3,0.481
2025-04-19,Supramax,Australia,9.78,404.7,0.112
2025-04-20,Supramax,Australia,9.8,421.3,0.38
2025-04-21,Supramax,Australia,10.0,355.0,0.461
2025-04-22,Supramax,Australia,9.85,376.9,0.768
2025-04-23,Supramax,Australia,9.82,393.7,0.379
2025-04-24,Supramax,Australia,9.58,363.8,0.301
2025-04-25,Supramax,Australia,9.49,382.5,0.591
2025-04-26,Supramax,Australia,9.42,379.3,0.53
2025-04-27,Supramax,Australia,9.17,374.9,0.526
2025-04-28,Supramax,Australia,9.01,401.8,0.484
2025-04-29,Supramax,Australia,8.97,385.8,0.456
2025-04-30,Supramax,Australia,8.73,368.8,0.596
2025-05-01,Supramax,Australia,8.57,394.7,0.451
2025-05-02,Supramax,Australia,8.51,380.5,0.509
2025-05-03,Supramax,Australia,8.65,390.0,0.307
2025-05-04,Supramax,Australia,8.75,380.5,0.386
2025-05-05,Supramax,Australia,9.21,376.0,0.521
2025-05-06,Supramax,Australia,9.28,373.7,0.625
2025-05-07,Supramax,Australia,9.03,376.0,0.362
2025-05-08,Supramax,Australia,9.22,380.6,0.451
2025-05-09,Supramax,Australia,9.19,387.1,0.353
2025-05-10,Supramax,Australia,9.35,398.0,0.759
2025-05-11,Supramax,Australia,9.35,395.8,0.414
2025-05-12,Supramax,Australia,9.11,394.9,0.348
2025-05-13,Supramax,Australia,8.98,372.9,0.576
2025-05-14,Supramax,Australia,8.83,422.5,0.541
2025-05-15,Supramax,Australia,8.77,404.0,0.369
2025-05-16,Supramax,Australia,8.98,394.2,0.374
2025-05-17,Supramax,Australia,8.9,394.8,0.517
2025-05-18,Supramax,Australia,8.92,377.7,0.363
2025-05-19,Supramax,Australia,9.09,388.7,0.396
2025-05-20,Supramax,Australia,9.14,404.0,0.522
2025-05-21,Supramax,Australia,8.59,396.4,0.401
2025-05-22,Supramax,Australia,8.53,392.8,0.1
2025-05-23,Supramax,Australia,8.41,409.1,0.411
2025-05-24,Supramax,Australia,8.42,425.4,0.108
2025-05-25,Supramax,Australia,8.53,415.3,0.212
2025-05-26,Supramax,Australia,8.37,397.1,0.55
2025-05-27,Supramax,Australia,8.3,389.1,0.431
2025-05-28,Supramax,Australia,8.04,381.6,0.431
2025-05-29,Supramax,Australia,7.9,387.7,0.052
2025-05-30,Supramax,Australia,8.05,365.1,0.528
2025-05-31,Supramax,Australia,8.18,398.6,0.223
2025-06-01,Supramax,Australia,8.06,410.1,0.361
2025-06-02,Supramax,Australia,7.84,389.0,0.311
2025-06-03,Supramax,Australia,7.82,373.7,0.527
2025-06-04,Supramax,Australia,7.78,396.5,0.367
2025-06-05,Supramax,Australia,7.86,384.9,0.38
2025-06-06,Supramax,Australia,7.92,379.0,0.619
2025-06-07,Supramax,Australia,7.9,398.5,0.4
2025-06-08,Supramax,Australia,8.04,388.4,0.451
2025-06-09,Supramax,Australia,8.1,387.2,0.202
2025-06-10,Supramax,Australia,8.09,378.9,0.498
2025-06-11,Supramax,Australia,7.95,390.2,0.562
2025-06-12,Supramax,Australia,8.04,375.6,0.234
2025-06-13,Supramax,Australia,8.12,393.7,0.396
2025-06-14,Supramax,Australia,8.49,403.9,0.328
2025-06-15,Supramax,Australia,8.4,377.6,0.399
2025-06-16,Supramax,Australia,8.26,399.9,0.095
2025-06-17,Supramax,Australia,8.15,380.5,0.114
2025-06-18,Supramax,Australia,8.04,405.3,0.296
2025-06-19,Supramax,Australia,8.02,380.7,0.437
2025-06-20,Supramax,Australia,7.91,388.6,0.603
2025-06-21,Supramax,Australia,7.69,425.6,0.723
2025-06-22,Supramax,Australia,7.52,368.1,0.406
2025-06-23,Supramax,Australia,7.54,383.5,0.356
2025-06-24,Supramax,Australia,7.85,394.2,0.375
2025-06-25,Supramax,Australia,7.93,407.2,0.39
2025-06-26,Supramax,Australia,7.83,408.5,0.509
2025-06-27,Supramax,Australia,7.98,389.0,0.171
2025-06-28,Supramax,Australia,8.04,399.6,0.317
2025-06-29,Supramax,Australia,8.13,384.0,0.379
2025-06-30,Supramax,Australia,7.9,390.5,0.0
2025-07-01,Supramax,Australia,7.86,377.0,0.368
2025-07-02,Supramax,Australia,7.9,403.4,0.304
2025-07-03,Supramax,Australia,7.76,364.4,0.393
2025-07-04,Supramax,Australia,7.69,388.8,0.372
2025-07-05,Supramax,Australia,7.44,375.3,0.189
2025-07-06,Supramax,Australia,7.55,385.4,0.152
2025-07-07,Supramax,Australia,7.43,392.9,0.041
2025-07-08,Supramax,Australia,7.31,418.1,0.357
2025-07-09,Supramax,Australia,7.2,423.2,0.491
2025-07-10,Supramax,Australia,7.26,380.5,0.084
2025-07-11,Supramax,Australia,6.98,391.6,0.057
2025-07-12,Supramax,Australia,6.89,394.3,0.171
2025-07-13,Supramax,Australia,6.68,393.8,0.165
2025-07-14,Supramax,Australia,6.72,374.8,0.391
2025-07-15,Supramax,Australia,6.6,382.4,0.179
2025-07-16,Supramax,Australia,6.66,379.4,0.382
2025-07-17,Supramax,Australia,6.59,396.7,0.541
2025-07-18,Supramax,Australia,6.51,412.6,0.0
2025-07-19,Supramax,Australia,6.72,407.0,0.421
2025-07-20,Supramax,Australia,6.75,414.2,0.269
2025-07-21,Supramax,Australia,6.73,398.8,0.142
2025-07-22,Supramax,Australia,6.76,394.7,0.464
2025-07-23,Supramax,Australia,6.85,391.5,0.091
2025-07-24,Supramax,Australia,6.68,389.8,0.155
2025-07-25,Supramax,Australia,6.79,385.0,0.2
2025-07-26,Supramax,Australia,6.98,402.7,0.785
2025-07-27,Supramax,Australia,6.8,396.4,0.0
2025-07-28,Supramax,Australia,6.75,399.4,0.145
2025-07-29,Supramax,Australia,6.44,404.3,0.045
2025-07-30,Supramax,Australia,6.45,400.2,0.349
2025-07-31,Supramax,Australia,6.65,415.9,0.547
2025-08-01,Supramax,Australia,6.69,400.5,0.145
2025-08-02,Supramax,Australia,6.59,413.7,0.211
2025-08-03,Supramax,Australia,6.91,404.1,0.312
2025-08-04,Supramax,Australia,7.11,395.7,0.286
2025-08-05,Supramax,Australia,7.14,404.9,0.477
2025-08-06,Supramax,Australia,6.91,401.2,0.222
2025-08-07,Supramax,Australia,6.93,414.4,0.164
2025-08-08,Supramax,Australia,7.24,411.5,0.238
2025-08-09,Supramax,Australia,7.33,378.0,0.187
2025-08-10,Supramax,Australia,7.29,387.3,0.068
2025-08-11,Supramax,Australia,7.85,396.7,0.016
2025-08-12,Supramax,Australia,7.65,401.4,0.218
2025-08-13,Supramax,Australia,7.49,391.7,0.283
2025-08-14,Supramax,Australia,7.35,405.3,0.264
2025-08-15,Supramax,Australia,7.24,405.7,0.101
2025-08-16,Supramax,Australia,7.08,418.2,0.051
2025-08-17,Supramax,Australia,7.09,396.3,0.245
2025-08-18,Supramax,Australia,6.91,385.4,0.418
2025-08-19,Supramax,Australia,6.7,397.6,0.254
2025-08-20,Supramax,Australia,6.71,397.9,0.368
2025-08-21,Supramax,Australia,6.6,412.8,0.107
2025-08-22,Supramax,Australia,6.62,398.8,0.195
2025-08-23,Supramax,Australia,6.2,382.1,0.318
2025-08-24,Supramax,Australia,6.02,408.9,0.166
2025-08-25,Supramax,Australia,6.14,385.7,0.496
2025-08-26,Supramax,Australia,6.01,428.3,0.317
2025-08-27,Supramax,Australia,5.93,427.1,0.318
2025-08-28,Supramax,Australia,6.17,411.4,0.176
2025-08-29,Supramax,Australia,6.36,425.9,0.454
2025-08-30,Supramax,Australia,6.5,411.9,0.7
2025-08-31,Supramax,Australia,6.65,363.0,0.076
2025-09-01,Supramax,Australia,6.49,401.2,0.186
2025-09-02,Supramax,Australia,6.57,383.5,0.377
2025-09-03,Supramax,Australia,6.51,407.1,0.019
2025-09-04,Supramax,Australia,6.63,420.2,0.174
2025-09-05,Supramax,Australia,6.87,391.2,0.249
2025-09-06,Supramax,Australia,6.97,409.8,0.168
2025-09-07,Supramax,Australia,7.17,412.8,0.177
2025-09-08,Supramax,Australia,7.35,402.9,0.256
2025-09-09,Supramax,Australia,7.33,412.5,0.481
2025-09-10,Supramax,Australia,7.5,402.3,0.081
2025-09-11,Supramax,Australia,7.33,405.9,0.483
2025-09-12,Supramax,Australia,7.38,411.7,0.277
2025-09-13,Supramax,Australia,7.18,407.4,0.258
2025-09-14,Supramax,Australia,7.12,434.7,0.001
2025-09-15,Supramax,Australia,6.88,406.1,0.345
2025-09-16,Supramax,Australia,6.74,410.4,0.394
2025-09-17,Supramax,Australia,6.48,409.2,0.212
2025-09-18,Supramax,Australia,6.46,411.6,0.289
2025-09-19,Supramax,Australia,6.57,424.5,0.102
2025-09-20,Supramax,Australia,6.3,425.5,0.195
2025-09-21,Supramax,Australia,6.42,427.9,0.104
2025-09-22,Supramax,Australia,6.26,419.1,0.128
2025-09-23,Supramax,Australia,6.24,416.9,0.117
2025-09-24,Supramax,Australia,6.12,408.7,0.015
2025-09-25,Supramax,Australia,6.38,397.8,0.254
2025-09-26,Supramax,Australia,6.31,416.7,0.496
2025-09-27,Supramax,Australia,6.28,421.1,0.323
2025-09-28,Supramax,Australia,6.47,378.2,0.356
2025-09-29,Supramax,Australia,6.7,428.8,0.145
2025-09-30,Supramax,Australia,6.54,387.2,0.184
2025-10-01,Supramax,Australia,6.47,426.0,0.093
2025-10-02,Supramax,Australia,6.59,423.4,0.089
2025-10-03,Supramax,Australia,6.61,443.4,0.311
2025-10-04,Supramax,Australia,6.74,411.3,0.435
2025-10-05,Supramax,Australia,6.56,404.4,0.3
2025-10-06,Supramax,Australia,6.44,402.2,0.061
2025-10-07,Supramax,Australia,6.55,391.3,0.18
2025-10-08,Supramax,Australia,6.28,399.6,0.469
2025-10-09,Supramax,Australia,6.2,435.3,0.413
2025-10-10,Supramax,Australia,6.2,416.9,0.303
2025-10-11,Supramax,Australia,6.08,416.7,0.0
2025-10-12,Supramax,Australia,6.23,432.0,0.207
2025-10-13,Supramax,Australia,6.26,420.4,0.094
2025-10-14,Supramax,Australia,6.43,419.1,0.169
2025-10-15,Supramax,Australia,6.45,426.5,0.146
2025-10-16,Supramax,Australia,6.7,413.4,0.3
2025-10-17,Supramax,Australia,6.62,418.1,0.184
2025-10-18,Supramax,Australia,6.52,425.3,0.199
2025-10-19,Supramax,Australia,6.73,450.3,0.237
2025-10-20,Supramax,Australia,6.47,391.5,0.232
2025-10-21,Supramax,Australia,6.67,416.2,0.189
2025-10-22,Supramax,Australia,6.56,403.2,0.359
2025-10-23,Supramax,Australia,6.62,420.4,0.351
2025-10-24,Supramax,Australia,6.79,435.3,0.195
2025-10-25,Supramax,Australia,6.89,403.7,0.35
2025-10-26,Supramax,Australia,6.8,428.6,0.264
2025-10-27,Supramax,Australia,6.68,403.8,0.203
2025-10-28,Supramax,Australia,6.73,452.6,0.335
2025-10-29,Supramax,Australia,6.93,408.0,0.28
2025-10-30,Supramax,Australia,6.82,415.5,0.362
2025-10-31,Supramax,Australia,6.79,416.4,0.396
2025-11-01,Supramax,Australia,7.04,409.0,0.172
2025-11-02,Supramax,Australia,7.02,429.8,0.352
2025-11-03,Supramax,Australia,6.9,430.8,0.324
2025-11-04,Supramax,Australia,6.94,422.2,0.342
2025-11-05,Supramax,Australia,7.12,412.5,0.226
2025-11-06,Supramax,Australia,7.35,445.7,0.218
2025-11-07,Supramax,Australia,7.5,400.9,0.404
2025-11-08,Supramax,Australia,7.17,412.8,0.243
2025-11-09,Supramax,Australia,6.89,452.3,0.421
2025-11-10,Supramax,Australia,6.76,410.1,0.297
2025-11-11,Supramax,Australia,6.64,401.2,0.0
2025-11-12,Supramax,Australia,6.63,442.4,0.442
2025-11-13,Supramax,Australia,6.48,415.5,0.0
2025-11-14,Supramax,Australia,6.71,423.7,0.286
2025-11-15,Supramax,Australia,6.7,421.9,0.516
2025-11-16,Supramax,Australia,6.65,424.8,0.526
2025-11-17,Supramax,Australia,6.63,404.0,0.271
2025-11-18,Supramax,Australia,6.6,427.5,0.435
2025-11-19,Supramax,Australia,6.49,413.7,0.436
2025-11-20,Supramax,Australia,6.74,415.7,0.492
2025-11-21,Supramax,Australia,6.44,425.1,0.08
2025-11-22,Supramax,Australia,6.37,433.4,0.478
2025-11-23,Supramax,Australia,6.49,426.1,0.501
2025-11-24,Supramax,Australia,6.43,430.1,0.393
2025-11-25,Supramax,Australia,6.29,398.9,0.309
2025-11-26,Supramax,Australia,6.25,442.3,0.24
2025-11-27,Supramax,Australia,6.21,399.4,0.154
2025-11-28,Supramax,Australia,5.96,431.7,0.167
2025-11-29,Supramax,Australia,6.24,437.9,0.087
2025-11-30,Supramax,Australia,6.23,444.4,0.338
2025-12-01,Supramax,Australia,6.68,442.8,0.371
2025-12-02,Supramax,Australia,6.75,430.2,0.528
2025-12-03,Supramax,Australia,6.37,395.3,0.308
2025-12-04,Supramax,Australia,6.52,443.7,0.068
2025-12-05,Supramax,Australia,6.58,434.3,0.322
2025-12-06,Supramax,Australia,6.68,410.7,0.359
2025-12-07,Supramax,Australia,6.72,426.4,0.601
2025-12-08,Supramax,Australia,6.82,415.9,0.52
2025-12-09,Supramax,Australia,6.85,441.2,0.329
2025-12-10,Supramax,Australia,6.63,444.0,0.203
2025-12-11,Supramax,Australia,6.94,431.8,0.343
2025-12-12,Supramax,Australia,6.78,416.5,0.31
2025-12-13,Supramax,Australia,6.91,447.9,0.39
2025-12-14,Supramax,Australia,7.1,421.4,0.385
2025-12-15,Supramax,Australia,7.05,431.7,0.119
2025-12-16,Supramax,Australia,7.19,421.3,0.346
2025-12-17,Supramax,Australia,6.87,449.9,0.533
2025-12-18,Supramax,Australia,6.96,443.9,0.374
2025-12-19,Supramax,Australia,7.13,426.3,0.344
2025-12-20,Supramax,Australia,6.71,419.7,0.284
2025-12-21,Supramax,Australia,6.49,472.7,0.221
2025-12-22,Supramax,Australia,6.45,439.4,0.591
2025-12-23,Supramax,Australia,6.25,436.2,0.379
2025-12-24,Supramax,Australia,6.08,447.5,0.517
2025-12-25,Supramax,Australia,6.22,431.0,0.294
2025-12-26,Supramax,Australia,6.39,427.0,0.22
2025-12-27,Supramax,Australia,6.16,411.0,0.358
2025-12-28,Supramax,Australia,5.79,438.6,0.448
2025-12-29,Supramax,Australia,6.0,427.3,0.254
2025-12-30,Supramax,Australia,5.99,410.4,0.305
2023-01-01,Supramax,Indonesia,7.61,444.2,0.567
2023-01-02,Supramax,Indonesia,7.51,420.1,0.626
2023-01-03,Supramax,Indonesia,7.71,417.3,0.17
2023-01-04,Supramax,Indonesia,7.82,440.4,0.491
2023-01-05,Supramax,Indonesia,7.56,438.4,0.504
2023-01-06,Supramax,Indonesia,7.72,454.6,0.534
2023-01-07,Supramax,Indonesia,7.88,469.3,0.462
2023-01-08,Supramax,Indonesia,7.96,455.5,0.485
2023-01-09,Supramax,Indonesia,7.88,471.3,0.507
2023-01-10,Supramax,Indonesia,7.83,437.2,0.649
2023-01-11,Supramax,Indonesia,7.7,452.7,0.617
2023-01-12,Supramax,Indonesia,7.72,445.0,0.328
2023-01-13,Supramax,Indonesia,7.87,453.0,0.534
2023-01-14,Supramax,Indonesia,8.01,453.8,0.409
2023-01-15,Supramax,Indonesia,7.96,481.3,0.627
2023-01-16,Supramax,Indonesia,7.99,473.1,0.449
2023-01-17,Supramax,Indonesia,8.01,442.6,0.486
2023-01-18,Supramax,Indonesia,8.43,446.7,0.238
2023-01-19,Supramax,Indonesia,8.59,479.5,0.24
2023-01-20,Supramax,Indonesia,8.68,466.4,0.584
2023-01-21,Supramax,Indonesia,8.83,423.3,0.477
2023-01-22,Supramax,Indonesia,8.94,472.7,0.556
2023-01-23,Supramax,Indonesia,8.95,423.1,0.454
2023-01-24,Supramax,Indonesia,8.97,468.3,0.461
2023-01-25,Supramax,Indonesia,8.91,447.7,0.2
2023-01-26,Supramax,Indonesia,8.81,448.9,0.395
2023-01-27,Supramax,Indonesia,8.83,469.1,0.288
2023-01-28,Supramax,Indonesia,8.61,471.6,0.71
2023-01-29,Supramax,Indonesia,8.71,462.7,0.326
2023-01-30,Supramax,Indonesia,8.79,443.8,0.466
2023-01-31,Supramax,Indonesia,8.68,474.6,0.438
2023-02-01,Supramax,Indonesia,8.67,431.4,0.421
2023-02-02,Supramax,Indonesia,8.67,446.5,0.288
2023-02-03,Supramax,Indonesia,8.66,453.4,0.551
2023-02-04,Supramax,Indonesia,8.59,458.3,0.448
2023-02-05,Supramax,Indonesia,8.59,445.7,0.217
2023-02-06,Supramax,Indonesia,8.36,464.4,0.352
2023-02-07,Supramax,Indonesia,8.34,478.1,0.348
2023-02-08,Supramax,Indonesia,7.97,453.7,0.28
2023-02-09,Supramax,Indonesia,8.06,451.2,0.478
2023-02-10,Supramax,Indonesia,7.78,456.9,0.328
2023-02-11,Supramax,Indonesia,7.73,439.1,0.571
2023-02-12,Supramax,Indonesia,7.79,493.3,0.373
2023-02-13,Supramax,Indonesia,7.85,479.9,0.585
2023-02-14,Supramax,Indonesia,8.01,487.5,0.706
2023-02-15,Supramax,Indonesia,7.91,482.9,0.717
2023-02-16,Supramax,Indonesia,7.95,467.7,0.402
2023-02-17,Supramax,Indonesia,8.23,462.3,0.473
2023-02-18,Supramax,Indonesia,8.35,473.0,0.493
2023-02-19,Supramax,Indonesia,8.21,458.7,0.506
2023-02-20,Supramax,Indonesia,8.33,466.9,0.667
2023-02-21,Supramax,Indonesia,8.2,465.2,0.404
2023-02-22,Supramax,Indonesia,8.12,459.0,0.676
2023-02-23,Supramax,Indonesia,8.19,460.8,0.549
2023-02-24,Supramax,Indonesia,8.32,465.3,0.514
2023-02-25,Supramax,Indonesia,8.27,459.3,0.499
2023-02-26,Supramax,Indonesia,8.2,451.0,0.567
2023-02-27,Supramax,Indonesia,8.14,470.6,0.531
2023-02-28,Supramax,Indonesia,8.11,487.1,0.467
2023-03-01,Supramax,Indonesia,8.54,488.9,0.583
2023-03-02,Supramax,Indonesia,8.45,475.8,0.271
2023-03-03,Supramax,Indonesia,8.24,479.5,0.482
2023-03-04,Supramax,Indonesia,8.05,450.2,0.259
2023-03-05,Supramax,Indonesia,8.32,457.4,0.304
2023-03-06,Supramax,Indonesia,8.15,473.5,0.534
2023-03-07,Supramax,Indonesia,8.05,457.2,0.587
2023-03-08,Supramax,Indonesia,8.48,486.7,0.664
2023-03-09,Supramax,Indonesia,8.4,500.1,0.46
2023-03-10,Supramax,Indonesia,8.57,463.4,0.638
2023-03-11,Supramax,Indonesia,8.57,456.5,0.298
2023-03-12,Supramax,Indonesia,9.16,494.6,0.521
2023-03-13,Supramax,Indonesia,9.47,467.0,0.545
2023-03-14,Supramax,Indonesia,9.37,489.5,0.644
2023-03-15,Supramax,Indonesia,9.51,482.6,0.372
2023-03-16,Supramax,Indonesia,9.53,468.3,0.565
2023-03-17,Supramax,Indonesia,9.77,479.9,0.545
2023-03-18,Supramax,Indonesia,9.55,468.9,0.703
2023-03-19,Supramax,Indonesia,9.91,468.5,0.615
2023-03-20,Supramax,Indonesia,9.41,487.0,0.593
2023-03-21,Supramax,Indonesia,9.5,469.7,0.304
2023-03-22,Supramax,Indonesia,9.59,466.0,0.593
2023-03-23,Supramax,Indonesia,9.51,481.4,0.676
2023-03-24,Supramax,Indonesia,9.69,485.0,0.692
2023-03-25,Supramax,Indonesia,9.78,462.9,0.406
2023-03-26,Supramax,Indonesia,9.59,474.1,0.262
2023-03-27,Supramax,Indonesia,9.42,449.2,0.484
2023-03-28,Supramax,Indonesia,9.23,441.0,0.303
2023-03-29,Supramax,Indonesia,8.86,471.1,0.511
2023-03-30,Supramax,Indonesia,8.84,456.7,0.591
2023-03-31,Supramax,Indonesia,8.99,480.2,0.86
2023-04-01,Supramax,Indonesia,8.77,461.5,0.314
2023-04-02,Supramax,Indonesia,9.27,464.6,0.567
2023-04-03,Supramax,Indonesia,9.38,514.5,0.607
2023-04-04,Supramax,Indonesia,9.32,506.0,0.44
2023-04-05,Supramax,Indonesia,9.02,474.2,0.51
2023-04-06,Supramax,Indonesia,8.77,435.2,0.44
2023-04-07,Supramax,Indonesia,8.66,476.6,0.625
2023-04-08,Supramax,Indonesia,8.51,484.8,0.434
2023-04-09,Supramax,Indonesia,8.53,473.8,0.536
2023-04-10,Supramax,Indonesia,8.02,486.1,0.759
2023-04-11,Supramax,Indonesia,7.85,476.2,0.369
2023-04-12,Supramax,Indonesia,7.72,498.8,0.379
2023-04-13,Supramax,Indonesia,7.39,515.6,0.488
2023-04-14,Supramax,Indonesia,7.7,473.4,0.335
2023-04-15,Supramax,Indonesia,7.94,480.9,0.508
2023-04-16,Supramax,Indonesia,7.74,506.7,0.415
2023-04-17,Supramax,Indonesia,7.77,484.7,0.231
2023-04-18,Supramax,Indonesia,7.83,502.4,0.336
2023-04-19,Supramax,Indonesia,7.39,465.4,0.562
2023-04-20,Supramax,Indonesia,7.31,457.2,0.314
2023-04-21,Supramax,Indonesia,7.06,452.9,0.591
2023-04-22,Supramax,Indonesia,6.96,480.1,0.241
2023-04-23,Supramax,Indonesia,7.15,492.3,0.347
2023-04-24,Supramax,Indonesia,7.46,472.0,0.785
2023-04-25,Supramax,Indonesia,7.74,492.2,0.447
2023-04-26,Supramax,Indonesia,7.71,504.4,0.415
2023-04-27,Supramax,Indonesia,7.34,471.5,0.536
2023-04-28,Supramax,Indonesia,7.84,476.4,0.554
2023-04-29,Supramax,Indonesia,8.05,499.5,0.787
2023-04-30,Supramax,Indonesia,7.71,501.3,0.422
2023-05-01,Supramax,Indonesia,7.76,499.3,0.773
2023-05-02,Supramax,Indonesia,7.6,503.1,0.599
2023-05-03,Supramax,Indonesia,7.49,473.4,0.66
2023-05-04,Supramax,Indonesia,7.91,458.6,0.323
2023-05-05,Supramax,Indonesia,7.67,494.6,0.568
2023-05-06,Supramax,Indonesia,7.68,469.3,0.466
2023-05-07,Supramax,Indonesia,7.23,493.9,0.605
2023-05-08,Supramax,Indonesia,7.29,488.0,0.557
2023-05-09,Supramax,Indonesia,6.93,497.8,0.666
2023-05-10,Supramax,Indonesia,7.15,474.0,0.464
2023-05-11,Supramax,Indonesia,7.07,481.9,0.248
2023-05-12,Supramax,Indonesia,7.15,496.0,0.365
2023-05-13,Supramax,Indonesia,7.17,480.8,0.663
2023-05-14,Supramax,Indonesia,7.17,510.2,0.408
2023-05-15,Supramax,Indonesia,7.43,481.3,0.507
2023-05-16,Supramax,Indonesia,7.65,505.0,0.512
2023-05-17,Supramax,Indonesia,7.72,491.9,0.506
2023-05-18,Supramax,Indonesia,7.69,471.0,0.212
2023-05-19,Supramax,Indonesia,7.38,515.2,0.607
2023-05-20,Supramax,Indonesia,7.58,474.5,0.722
2023-05-21,Supramax,Indonesia,7.42,501.7,0.576
2023-05-22,Supramax,Indonesia,7.51,497.6,0.507
2023-05-23,Supramax,Indonesia,7.79,495.7,0.767
2023-05-24,Supramax,Indonesia,8.03,500.5,0.711
2023-05-25,Supramax,Indonesia,7.74,475.3,0.368
2023-05-26,Supramax,Indonesia,7.48,498.7,0.517
2023-05-27,Supramax,Indonesia,7.26,470.4,0.42
2023-05-28,Supramax,Indonesia,7.42,506.6,0.705
2023-05-29,Supramax,Indonesia,7.56,520.8,0.4
2023-05-30,Supramax,Indonesia,7.33,495.3,0.314
2023-05-31,Supramax,Indonesia,7.16,477.3,0.462
2023-06-01,Supramax,Indonesia,7.22,492.0,0.593
2023-06-02,Supramax,Indonesia,7.36,486.6,0.479
2023-06-03,Supramax,Indonesia,7.14,485.1,0.527
2023-06-04,Supramax,Indonesia,7.01,465.8,0.573
2023-06-05,Supramax,Indonesia,6.98,496.6,0.482
2023-06-06,Supramax,Indonesia,7.13,508.4,0.588
2023-06-07,Supramax,Indonesia,6.86,521.9,0.474
2023-06-08,Supramax,Indonesia,6.67,489.2,0.553
2023-06-09,Supramax,Indonesia,6.77,485.6,0.626
2023-06-10,Supramax,Indonesia,6.9,525.6,0.483
2023-06-11,Supramax,Indonesia,7.08,503.3,0.495
2023-06-12,Supramax,Indonesia,7.06,513.9,0.469
2023-06-13,Supramax,Indonesia,7.22,504.7,0.984
2023-06-14,Supramax,Indonesia,7.08,501.5,0.356
2023-06-15,Supramax,Indonesia,7.19,496.3,0.677
2023-06-16,Supramax,Indonesia,6.78,497.0,0.438
2023-06-17,Supramax,Indonesia,6.59,524.6,0.427
2023-06-18,Supramax,Indonesia,6.49,508.7,0.511
2023-06-19,Supramax,Indonesia,6.5,493.1,0.697
2023-06-20,Supramax,Indonesia,6.64,494.6,0.568
2023-06-21,Supramax,Indonesia,6.71,505.6,0.683
2023-06-22,Supramax,Indonesia,6.73,512.7,0.183
2023-06-23,Supramax,Indonesia,6.91,498.2,0.656
2023-06-24,Supramax,Indonesia,6.71,516.8,0.36
2023-06-25,Supramax,Indonesia,6.84,510.3,0.608
2023-06-26,Supramax,Indonesia,6.9,490.1,0.423
2023-06-27,Supramax,Indonesia,6.82,535.2,0.156
2023-06-28,Supramax,Indonesia,7.03,499.6,0.603
2023-06-29,Supramax,Indonesia,7.24,507.5,0.194
2023-06-30,Supramax,Indonesia,7.24,495.4,0.505
2023-07-01,Supramax,Indonesia,7.18,500.4,0.616
2023-07-02,Supramax,Indonesia,7.29,514.3,0.477
2023-07-03,Supramax,Indonesia,7.03,495.4,0.466
2023-07-04,Supramax,Indonesia,6.85,507.0,0.922
2023-07-05,Supramax,Indonesia,7.22,490.2,0.473
2023-07-06,Supramax,Indonesia,7.19,468.7,0.28
2023-07-07,Supramax,Indonesia,7.38,500.3,0.637
2023-07-08,Supramax,Indonesia,7.67,519.3,0.478
2023-07-09,Supramax,Indonesia,7.74,485.8,0.59
2023-07-10,Supramax,Indonesia,7.63,512.7,0.61
2023-07-11,Supramax,Indonesia,7.86,492.7,0.339
2023-07-12,Supramax,Indonesia,8.33,489.6,0.518
2023-07-13,Supramax,Indonesia,8.44,519.3,0.264
2023-07-14,Supramax,Indonesia,8.0,505.1,0.767
2023-07-15,Supramax,Indonesia,8.09,497.7,0.615
2023-07-16,Supramax,Indonesia,8.26,496.3,0.723
2023-07-17,Supramax,Indonesia,8.5,489.5,0.433
2023-07-18,Supramax,Indonesia,8.81,511.0,0.544
2023-07-19,Supramax,Indonesia,8.96,478.3,0.717
2023-07-20,Supramax,Indonesia,8.91,512.1,0.491
2023-07-21,Supramax,Indonesia,8.61,510.1,0.411
2023-07-22,Supramax,Indonesia,7.98,502.9,0.427
2023-07-23,Supramax,Indonesia,7.89,511.0,0.597
2023-07-24,Supramax,Indonesia,8.01,534.2,0.448
2023-07-25,Supramax,Indonesia,7.93,528.8,0.503
2023-07-26,Supramax,Indonesia,7.89,507.2,0.637
2023-07-27,Supramax,Indonesia,7.78,497.9,0.543
2023-07-28,Supramax,Indonesia,7.53,520.2,0.602
2023-07-29,Supramax,Indonesia,7.39,493.9,0.346
2023-07-30,Supramax,Indonesia,7.46,479.8,0.45
2023-07-31,Supramax,Indonesia,7.27,505.8,0.285
2023-08-01,Supramax,Indonesia,7.32,514.6,0.506
2023-08-02,Supramax,Indonesia,7.4,499.7,0.472
2023-08-03,Supramax,Indonesia,7.38,495.9,0.48
2023-08-04,Supramax,Indonesia,7.02,498.5,0.226
2023-08-05,Supramax,Indonesia,7.11,520.5,0.633
2023-08-06,Supramax,Indonesia,7.07,502.4,0.416
2023-08-07,Supramax,Indonesia,7.31,506.4,0.492
2023-08-08,Supramax,Indonesia,7.23,470.1,0.564
2023-08-09,Supramax,Indonesia,7.05,500.7,0.633
2023-08-10,Supramax,Indonesia,6.99,500.3,0.657
2023-08-11,Supramax,Indonesia,6.84,516.3,0.425
2023-08-12,Supramax,Indonesia,6.59,496.7,0.102
2023-08-13,Supramax,Indonesia,6.69,488.7,0.675
2023-08-14,Supramax,Indonesia,6.51,535.0,0.572
2023-08-15,Supramax,Indonesia,6.91,483.0,0.265
2023-08-16,Supramax,Indonesia,6.47,522.2,0.326
2023-08-17,Supramax,Indonesia,6.6,503.3,0.489
2023-08-18,Supramax,Indonesia,6.55,513.7,0.639
2023-08-19,Supramax,Indonesia,6.6,515.6,0.605
2023-08-20,Supramax,Indonesia,6.54,498.5,0.527
2023-08-21,Supramax,Indonesia,6.57,498.6,0.505
2023-08-22,Supramax,Indonesia,6.34,518.3,0.49
2023-08-23,Supramax,Indonesia,6.34,498.7,0.456
2023-08-24,Supramax,Indonesia,6.17,495.6,0.664
2023-08-25,Supramax,Indonesia,6.07,516.3,0.436
2023-08-26,Supramax,Indonesia,6.05,516.1,0.446
2023-08-27,Supramax,Indonesia,6.08,528.1,0.309
2023-08-28,Supramax,Indonesia,6.15,515.3,0.327
2023-08-29,Supramax,Indonesia,6.15,519.4,0.183
2023-08-30,Supramax,Indonesia,5.92,522.0,0.4
2023-08-31,Supramax,Indonesia,5.9,519.8,0.575
2023-09-01,Supramax,Indonesia,5.73,507.9,0.427
2023-09-02,Supramax,Indonesia,5.75,508.5,0.429
2023-09-03,Supramax,Indonesia,5.66,505.9,0.278
2023-09-04,Supramax,Indonesia,5.8,507.9,0.269
2023-09-05,Supramax,Indonesia,6.05,504.7,0.482
2023-09-06,Supramax,Indonesia,6.17,523.7,0.71
2023-09-07,Supramax,Indonesia,6.38,511.0,0.26
2023-09-08,Supramax,Indonesia,6.26,526.4,0.483
2023-09-09,Supramax,Indonesia,6.19,522.0,0.308
2023-09-10,Supramax,Indonesia,6.2,492.3,0.495
2023-09-11,Supramax,Indonesia,6.25,529.8,0.393
2023-09-12,Supramax,Indonesia,6.07,502.7,0.532
2023-09-13,Supramax,Indonesia,6.12,480.1,0.444
2023-09-14,Supramax,Indonesia,6.18,520.2,0.491
2023-09-15,Supramax,Indonesia,6.27,493.4,0.238
2023-09-16,Supramax,Indonesia,6.34,517.8,0.437
2023-09-17,Supramax,Indonesia,6.4,503.7,0.514
2023-09-18,Supramax,Indonesia,6.58,514.4,0.578
2023-09-19,Supramax,Indonesia,6.65,518.9,0.349
2023-09-20,Supramax,Indonesia,6.56,490.8,0.499
2023-09-21,Supramax,Indonesia,6.75,487.8,0.298
2023-09-22,Supramax,Indonesia,6.61,504.6,0.312
2023-09-23,Supramax,Indonesia,6.75,491.2,0.411
2023-09-24,Supramax,Indonesia,6.76,524.8,0.416
2023-09-25,Supramax,Indonesia,6.73,514.4,0.764
2023-09-26,Supramax,Indonesia,6.84,536.8,0.454
2023-09-27,Supramax,Indonesia,6.93,502.5,0.502
2023-09-28,Supramax,Indonesia,6.89,531.6,0.561
2023-09-29,Supramax,Indonesia,6.87,518.0,0.499
2023-09-30,Supramax,Indonesia,6.91,511.9,0.679
2023-10-01,Supramax,Indonesia,6.9,501.2,0.332
2023-10-02,Supramax,Indonesia,6.98,455.8,0.458
2023-10-03,Supramax,Indonesia,6.73,533.1,0.417
2023-10-04,Supramax,Indonesia,6.64,512.8,0.306
2023-10-05,Supramax,Indonesia,6.57,531.4,0.176
2023-10-06,Supramax,Indonesia,6.65,497.1,0.38
2023-10-07,Supramax,Indonesia,6.65,501.4,0.422
2023-10-08,Supramax,Indonesia,6.66,494.0,0.27
2023-10-09,Supramax,Indonesia,6.72,522.6,0.39
2023-10-10,Supramax,Indonesia,6.83,516.1,0.53
2023-10-11,Supramax,Indonesia,6.87,526.3,0.451
2023-10-12,Supramax,Indonesia,6.89,520.9,0.335
2023-10-13,Supramax,Indonesia,7.02,524.4,0.433
2023-10-14,Supramax,Indonesia,7.2,507.3,0.478
2023-10-15,Supramax,Indonesia,7.22,508.8,0.238
2023-10-16,Supramax,Indonesia,7.38,507.4,0.518
2023-10-17,Supramax,Indonesia,7.4,490.7,0.411
2023-10-18,Supramax,Indonesia,7.51,508.7,0.347
2023-10-19,Supramax,Indonesia,7.59,500.2,0.35
2023-10-20,Supramax,Indonesia,7.42,526.6,0.321
2023-10-21,Supramax,Indonesia,7.23,510.3,0.533
2023-10-22,Supramax,Indonesia,7.23,486.1,0.468
2023-10-23,Supramax,Indonesia,7.17,535.2,0.736
2023-10-24,Supramax,Indonesia,7.17,548.9,0.041
2023-10-25,Supramax,Indonesia,7.18,508.0,0.253
2023-10-26,Supramax,Indonesia,7.14,517.9,0.46
2023-10-27,Supramax,Indonesia,7.28,528.8,0.69
2023-10-28,Supramax,Indonesia,7.4,512.9,0.37
2023-10-29,Supramax,Indonesia,7.32,513.6,0.41
2023-10-30,Supramax,Indonesia,7.4,487.5,0.15
2023-10-31,Supramax,Indonesia,7.41,511.2,0.221
2023-11-01,Supramax,Indonesia,7.3,515.6,0.204
2023-11-02,Supramax,Indonesia,7.32,528.3,0.255
2023-11-03,Supramax,Indonesia,7.42,520.9,0.584
2023-11-04,Supramax,Indonesia,7.53,493.5,0.159
2023-11-05,Supramax,Indonesia,7.46,533.1,0.339
2023-11-06,Supramax,Indonesia,7.34,518.5,0.181
2023-11-07,Supramax,Indonesia,7.43,505.2,0.297
2023-11-08,Supramax,Indonesia,7.53,502.3,0.187
2023-11-09,Supramax,Indonesia,7.56,506.6,0.489
2023-11-10,Supramax,Indonesia,7.41,494.5,0.249
2023-11-11,Supramax,Indonesia,7.15,530.7,0.488
2023-11-12,Supramax,Indonesia,7.34,512.3,0.384
2023-11-13,Supramax,Indonesia,7.35,479.6,0.056
2023-11-14,Supramax,Indonesia,7.41,505.3,0.291
2023-11-15,Supramax,Indonesia,7.36,504.9,0.213
2023-11-16,Supramax,Indonesia,7.15,494.0,0.29
2023-11-17,Supramax,Indonesia,7.08,487.4,0.505
2023-11-18,Supramax,Indonesia,7.0,532.7,0.638
2023-11-19,Supramax,Indonesia,6.91,494.7,0.296
2023-11-20,Supramax,Indonesia,7.09,512.7,0.226
2023-11-21,Supramax,Indonesia,6.98,522.6,0.186
2023-11-22,Supramax,Indonesia,7.15,495.8,0.417
2023-11-23,Supramax,Indonesia,7.48,522.0,0.414
2023-11-24,Supramax,Indonesia,7.49,503.6,0.175
2023-11-25,Supramax,Indonesia,7.57,529.0,0.544
2023-11-26,Supramax,Indonesia,7.43,521.6,0.363
2023-11-27,Supramax,Indonesia,7.05,504.0,0.467
2023-11-28,Supramax,Indonesia,7.18,521.6,0.114
2023-11-29,Supramax,Indonesia,7.16,501.0,0.277
2023-11-30,Supramax,Indonesia,7.22,509.8,0.179
2023-12-01,Supramax,Indonesia,7.07,492.0,0.033
2023-12-02,Supramax,Indonesia,7.14,488.0,0.236
2023-12-03,Supramax,Indonesia,6.94,523.9,0.226
2023-12-04,Supramax,Indonesia,6.84,490.5,0.38
2023-12-05,Supramax,Indonesia,6.85,478.2,0.4
2023-12-06,Supramax,Indonesia,7.19,509.5,0.303
2023-12-07,Supramax,Indonesia,7.03,491.5,0.324
2023-12-08,Supramax,Indonesia,7.02,532.6,0.342
2023-12-09,Supramax,Indonesia,7.21,511.5,0.647
2023-12-10,Supramax,Indonesia,7.52,497.3,0.433
2023-12-11,Supramax,Indonesia,7.5,496.9,0.188
2023-12-12,Supramax,Indonesia,7.56,500.5,0.476
2023-12-13,Supramax,Indonesia,7.27,486.0,0.212
2023-12-14,Supramax,Indonesia,7.41,505.6,0.256
2023-12-15,Supramax,Indonesia,7.55,491.7,0.325
2023-12-16,Supramax,Indonesia,7.64,474.3,0.377
2023-12-17,Supramax,Indonesia,7.41,509.3,0.395
2023-12-18,Supramax,Indonesia,7.25,507.8,0.466
2023-12-19,Supramax,Indonesia,7.13,488.3,0.339
2023-12-20,Supramax,Indonesia,7.21,507.1,0.203
2023-12-21,Supramax,Indonesia,7.17,509.5,0.465
2023-12-22,Supramax,Indonesia,7.31,523.8,0.216
2023-12-23,Supramax,Indonesia,7.25,508.6,0.523
2023-12-24,Supramax,Indonesia,7.42,507.0,0.222
2023-12-25,Supramax,Indonesia,7.44,487.5,0.22
2023-12-26,Supramax,Indonesia,7.14,498.9,0.295
2023-12-27,Supramax,Indonesia,7.43,499.5,0.229
2023-12-28,Supramax,Indonesia,7.45,505.6,0.244
2023-12-29,Supramax,Indonesia,7.35,497.8,0.173
2023-12-30,Supramax,Indonesia,7.09,519.8,0.0
2023-12-31,Supramax,Indonesia,7.04,488.4,0.471
2024-01-01,Supramax,Indonesia,6.97,516.9,0.259
2024-01-02,Supramax,Indonesia,6.67,510.6,0.533
2024-01-03,Supramax,Indonesia,6.75,493.3,0.758
2024-01-04,Supramax,Indonesia,6.87,516.9,0.355
2024-01-05,Supramax,Indonesia,6.83,528.9,0.236
2024-01-06,Supramax,Indonesia,7.14,509.7,0.279
2024-01-07,Supramax,Indonesia,7.11,508.9,0.169
2024-01-08,Supramax,Indonesia,7.14,516.5,0.083
2024-01-09,Supramax,Indonesia,7.28,490.8,0.16
2024-01-10,Supramax,Indonesia,7.37,508.3,0.394
2024-01-11,Supramax,Indonesia,7.58,515.9,0.117
2024-01-12,Supramax,Indonesia,7.39,502.9,0.0
2024-01-13,Supramax,Indonesia,7.41,481.8,0.272
2024-01-14,Supramax,Indonesia,7.19,482.3,0.297
2024-01-15,Supramax,Indonesia,7.38,495.8,0.123
2024-01-16,Supramax,Indonesia,7.58,521.0,0.156
2024-01-17,Supramax,Indonesia,7.48,498.5,0.344
2024-01-18,Supramax,Indonesia,7.36,488.9,0.33
2024-01-19,Supramax,Indonesia,7.42,483.0,0.413
2024-01-20,Supramax,Indonesia,7.37,496.5,0.303
2024-01-21,Supramax,Indonesia,7.25,497.1,0.094
2024-01-22,Supramax,Indonesia,7.22,497.5,0.186
2024-01-23,Supramax,Indonesia,6.98,489.1,0.388
2024-01-24,Supramax,Indonesia,6.91,481.4,0.0
2024-01-25,Supramax,Indonesia,6.88,513.8,0.229
2024-01-26,Supramax,Indonesia,6.92,516.8,0.035
2024-01-27,Supramax,Indonesia,6.96,507.7,0.316
2024-01-28,Supramax,Indonesia,6.81,478.8,0.365
2024-01-29,Supramax,Indonesia,6.74,485.4,0.103
2024-01-30,Supramax,Indonesia,7.01,468.3,0.361
2024-01-31,Supramax,Indonesia,7.2,512.0,0.405
2024-02-01,Supramax,Indonesia,7.3,473.7,0.359
2024-02-02,Supramax,Indonesia,7.52,481.5,0.397
2024-02-03,Supramax,Indonesia,7.73,508.1,0.219
2024-02-04,Supramax,Indonesia,7.69,533.9,0.526
2024-02-05,Supramax,Indonesia,7.6,470.8,0.156
2024-02-06,Supramax,Indonesia,7.69,510.2,0.313
2024-02-07,Supramax,Indonesia,7.68,481.9,0.132
2024-02-08,Supramax,Indonesia,7.9,496.5,0.184
2024-02-09,Supramax,Indonesia,8.33,523.7,0.292
2024-02-10,Supramax,Indonesia,8.56,500.7,0.256
2024-02-11,Supramax,Indonesia,8.64,516.6,0.0
2024-02-12,Supramax,Indonesia,8.68,484.4,0.319
2024-02-13,Supramax,Indonesia,8.74,516.8,0.409
2024-02-14,Supramax,Indonesia,8.5,499.4,0.236
2024-02-15,Supramax,Indonesia,8.6,505.1,0.262
2024-02-16,Supramax,Indonesia,8.67,506.4,0.352
2024-02-17,Supramax,Indonesia,8.47,519.9,0.408
2024-02-18,Supramax,Indonesia,8.78,506.6,0.11
2024-02-19,Supramax,Indonesia,8.69,499.3,0.438
2024-02-20,Supramax,Indonesia,8.69,468.6,0.178
2024-02-21,Supramax,Indonesia,8.56,485.1,0.292
2024-02-22,Supramax,Indonesia,8.93,488.3,0.0
2024-02-23,Supramax,Indonesia,8.89,498.4,0.182
2024-02-24,Supramax,Indonesia,8.59,494.3,0.333
2024-02-25,Supramax,Indonesia,8.49,492.7,0.203
2024-02-26,Supramax,Indonesia,8.56,487.0,0.131
2024-02-27,Supramax,Indonesia,8.51,482.6,0.341
2024-02-28,Supramax,Indonesia,8.53,522.4,0.391
2024-02-29,Supramax,Indonesia,8.7,475.9,0.129
2024-03-01,Supramax,Indonesia,8.82,526.8,0.506
2024-03-02,Supramax,Indonesia,8.83,495.1,0.078
2024-03-03,Supramax,Indonesia,8.8,496.0,0.196
2024-03-04,Supramax,Indonesia,8.83,501.8,0.354
2024-03-05,Supramax,Indonesia,8.73,499.4,0.0
2024-03-06,Supramax,Indonesia,8.74,491.5,0.249
2024-03-07,Supramax,Indonesia,8.68,494.2,0.0
2024-03-08,Supramax,Indonesia,8.59,494.4,0.217
2024-03-09,Supramax,Indonesia,8.46,490.4,0.083
2024-03-10,Supramax,Indonesia,8.44,500.8,0.227
2024-03-11,Supramax,Indonesia,8.31,514.9,0.311
2024-03-12,Supramax,Indonesia,8.3,484.2,0.157
2024-03-13,Supramax,Indonesia,8.31,449.2,0.072
2024-03-14,Supramax,Indonesia,8.46,472.7,0.396
2024-03-15,Supramax,Indonesia,8.58,497.2,0.415
2024-03-16,Supramax,Indonesia,8.45,494.7,0.089
2024-03-17,Supramax,Indonesia,8.3,500.5,0.5
2024-03-18,Supramax,Indonesia,8.58,467.5,0.083
2024-03-19,Supramax,Indonesia,8.65,470.1,0.13
2024-03-20,Supramax,Indonesia,8.58,486.4,0.353
2024-03-21,Supramax,Indonesia,8.37,489.5,0.297
2024-03-22,Supramax,Indonesia,8.31,481.8,0.213
2024-03-23,Supramax,Indonesia,8.46,483.8,0.364
2024-03-24,Supramax,Indonesia,8.46,489.7,0.379
2024-03-25,Supramax,Indonesia,8.47,483.4,0.337
2024-03-26,Supramax,Indonesia,8.52,478.5,0.207
2024-03-27,Supramax,Indonesia,8.37,467.3,0.372
2024-03-28,Supramax,Indonesia,8.12,471.0,0.273
2024-03-29,Supramax,Indonesia,8.2,484.5,0.283
2024-03-30,Supramax,Indonesia,8.1,509.3,0.02
2024-03-31,Supramax,Indonesia,8.13,491.6,0.0
2024-04-01,Supramax,Indonesia,8.3,492.5,0.339
2024-04-02,Supramax,Indonesia,8.04,509.3,0.341
2024-04-03,Supramax,Indonesia,8.18,493.5,0.292
2024-04-04,Supramax,Indonesia,8.14,497.2,0.401
2024-04-05,Supramax,Indonesia,8.3,464.7,0.174
2024-04-06,Supramax,Indonesia,8.15,476.2,0.199
2024-04-07,Supramax,Indonesia,8.07,479.1,0.319
2024-04-08,Supramax,Indonesia,8.02,469.5,0.502
2024-04-09,Supramax,Indonesia,7.85,482.9,0.205
2024-04-10,Supramax,Indonesia,7.64,473.1,0.141
2024-04-11,Supramax,Indonesia,7.63,471.9,0.243
2024-04-12,Supramax,Indonesia,7.89,501.2,0.335
2024-04-13,Supramax,Indonesia,7.9,491.1,0.249
2024-04-14,Supramax,Indonesia,7.86,484.5,0.139
2024-04-15,Supramax,Indonesia,7.87,439.0,0.261
2024-04-16,Supramax,Indonesia,7.99,494.9,0.089
2024-04-17,Supramax,Indonesia,7.83,483.4,0.295
2024-04-18,Supramax,Indonesia,7.62,492.2,0.548
2024-04-19,Supramax,Indonesia,7.54,472.3,0.208
2024-04-20,Supramax,Indonesia,7.65,446.5,0.406
2024-04-21,Supramax,Indonesia,7.58,485.1,0.193
2024-04-22,Supramax,Indonesia,7.64,464.3,0.415
2024-04-23,Supramax,Indonesia,7.48,486.3,0.39
2024-04-24,Supramax,Indonesia,7.58,473.4,0.233
2024-04-25,Supramax,Indonesia,7.52,503.2,0.322
2024-04-26,Supramax,Indonesia,7.54,467.8,0.348
2024-04-27,Supramax,Indonesia,7.75,463.8,0.308
2024-04-28,Supramax,Indonesia,7.85,487.5,0.259
2024-04-29,Supramax,Indonesia,8.1,470.9,0.086
2024-04-30,Supramax,Indonesia,7.98,491.8,0.302
2024-05-01,Supramax,Indonesia,8.23,461.2,0.343
2024-05-02,Supramax,Indonesia,8.47,478.1,0.321
2024-05-03,Supramax,Indonesia,8.48,503.0,0.309
2024-05-04,Supramax,Indonesia,8.3,459.3,0.432
2024-05-05,Supramax,Indonesia,8.27,461.7,0.35
2024-05-06,Supramax,Indonesia,8.16,486.4,0.296
2024-05-07,Supramax,Indonesia,8.18,461.6,0.157
2024-05-08,Supramax,Indonesia,8.46,452.1,0.217
2024-05-09,Supramax,Indonesia,8.82,474.2,0.128
2024-05-10,Supramax,Indonesia,8.92,491.8,0.386
2024-05-11,Supramax,Indonesia,8.75,479.5,0.404
2024-05-12,Supramax,Indonesia,8.54,468.4,0.017
2024-05-13,Supramax,Indonesia,8.43,495.8,0.0
2024-05-14,Supramax,Indonesia,8.55,467.8,0.358
2024-05-15,Supramax,Indonesia,8.02,482.7,0.348
2024-05-16,Supramax,Indonesia,8.29,473.0,0.202
2024-05-17,Supramax,Indonesia,7.94,470.2,0.147
2024-05-18,Supramax,Indonesia,7.99,477.7,0.232
2024-05-19,Supramax,Indonesia,7.95,470.6,0.516
2024-05-20,Supramax,Indonesia,8.03,460.4,0.171
2024-05-21,Supramax,Indonesia,8.0,444.1,0.29
2024-05-22,Supramax,Indonesia,7.75,457.4,0.472
2024-05-23,Supramax,Indonesia,7.9,462.6,0.454
2024-05-24,Supramax,Indonesia,7.79,461.9,0.253
2024-05-25,Supramax,Indonesia,7.88,466.2,0.335
2024-05-26,Supramax,Indonesia,7.93,471.4,0.287
2024-05-27,Supramax,Indonesia,7.61,451.8,0.3
2024-05-28,Supramax,Indonesia,7.8,459.7,0.36
2024-05-29,Supramax,Indonesia,7.69,472.8,0.151
2024-05-30,Supramax,Indonesia,7.38,456.7,0.427
2024-05-31,Supramax,Indonesia,7.26,446.7,0.275
2024-06-01,Supramax,Indonesia,7.25,466.4,0.241
2024-06-02,Supramax,Indonesia,7.39,461.3,0.256
2024-06-03,Supramax,Indonesia,7.37,443.1,0.317
2024-06-04,Supramax,Indonesia,7.37,462.9,0.319
2024-06-05,Supramax,Indonesia,6.91,435.5,0.045
2024-06-06,Supramax,Indonesia,6.87,512.3,0.246
2024-06-07,Supramax,Indonesia,6.97,466.9,0.364
2024-06-08,Supramax,Indonesia,6.96,445.0,0.296
2024-06-09,Supramax,Indonesia,6.69,465.8,0.404
2024-06-10,Supramax,Indonesia,6.59,456.5,0.477
2024-06-11,Supramax,Indonesia,6.53,473.6,0.478
2024-06-12,Supramax,Indonesia,6.24,447.6,0.304
2024-06-13,Supramax,Indonesia,6.16,464.0,0.298
2024-06-14,Supramax,Indonesia,6.39,441.8,0.252
2024-06-15,Supramax,Indonesia,6.53,465.7,0.683
2024-06-16,Supramax,Indonesia,6.73,501.2,0.343
2024-06-17,Supramax,Indonesia,6.62,479.1,0.775
2024-06-18,Supramax,Indonesia,6.6,441.3,0.361
2024-06-19,Supramax,Indonesia,6.43,464.7,0.173
2024-06-20,Supramax,Indonesia,6.59,444.0,0.263
2024-06-21,Supramax,Indonesia,6.38,451.3,0.462
2024-06-22,Supramax,Indonesia,6.5,463.5,0.679
2024-06-23,Supramax,Indonesia,6.76,461.1,0.277
2024-06-24,Supramax,Indonesia,6.69,446.4,0.282
2024-06-25,Supramax,Indonesia,6.65,498.9,0.433
2024-06-26,Supramax,Indonesia,6.68,448.8,0.347
2024-06-27,Supramax,Indonesia,6.82,453.9,0.295
2024-06-28,Supramax,Indonesia,6.94,448.3,0.338
2024-06-29,Supramax,Indonesia,7.13,475.6,0.425
2024-06-30,Supramax,Indonesia,7.15,462.8,0.39
2024-07-01,Supramax,Indonesia,6.76,481.9,0.134
2024-07-02,Supramax,Indonesia,6.67,446.5,0.11
2024-07-03,Supramax,Indonesia,6.49,470.4,0.581
2024-07-04,Supramax,Indonesia,6.65,449.5,0.52
2024-07-05,Supramax,Indonesia,6.83,477.0,0.34
2024-07-06,Supramax,Indonesia,6.76,459.2,0.371
2024-07-07,Supramax,Indonesia,6.67,471.9,0.234
2024-07-08,Supramax,Indonesia,6.85,471.9,0.491
2024-07-09,Supramax,Indonesia,6.96,425.6,0.589
2024-07-10,Supramax,Indonesia,7.06,464.1,0.186
2024-07-11,Supramax,Indonesia,7.13,434.8,0.481
2024-07-12,Supramax,Indonesia,7.04,445.2,0.37
2024-07-13,Supramax,Indonesia,7.05,462.0,0.174
2024-07-14,Supramax,Indonesia,6.93,448.8,0.117
2024-07-15,Supramax,Indonesia,7.06,442.9,0.268
2024-07-16,Supramax,Indonesia,6.91,453.5,0.48
2024-07-17,Supramax,Indonesia,6.75,443.9,0.439
2024-07-18,Supramax,Indonesia,6.82,446.3,0.377
2024-07-19,Supramax,Indonesia,7.17,461.7,0.333
2024-07-20,Supramax,Indonesia,7.24,452.7,0.462
2024-07-21,Supramax,Indonesia,7.63,443.1,0.35
2024-07-22,Supramax,Indonesia,7.44,436.8,0.438
2024-07-23,Supramax,Indonesia,7.48,476.9,0.194
2024-07-24,Supramax,Indonesia,7.48,458.6,0.432
2024-07-25,Supramax,Indonesia,7.37,443.8,0.358
2024-07-26,Supramax,Indonesia,7.09,462.1,0.319
2024-07-27,Supramax,Indonesia,7.07,436.7,0.455
2024-07-28,Supramax,Indonesia,7.04,480.2,0.44
2024-07-29,Supramax,Indonesia,7.48,448.1,0.676
2024-07-30,Supramax,Indonesia,7.63,462.7,0.512
2024-07-31,Supramax,Indonesia,7.51,453.9,0.262
2024-08-01,Supramax,Indonesia,7.51,444.4,0.452
2024-08-02,Supramax,Indonesia,7.52,450.6,0.47
2024-08-03,Supramax,Indonesia,7.48,452.1,0.329
2024-08-04,Supramax,Indonesia,7.32,454.2,0.554
2024-08-05,Supramax,Indonesia,7.09,434.7,0.437
2024-08-06,Supramax,Indonesia,7.04,443.3,0.578
2024-08-07,Supramax,Indonesia,7.05,422.3,0.34
2024-08-08,Supramax,Indonesia,6.95,430.8,0.333
2024-08-09,Supramax,Indonesia,7.04,469.8,0.231
2024-08-10,Supramax,Indonesia,7.0,460.8,0.345
2024-08-11,Supramax,Indonesia,6.91,426.7,0.472
2024-08-12,Supramax,Indonesia,6.88,435.7,0.278
2024-08-13,Supramax,Indonesia,6.93,426.5,0.134
2024-08-14,Supramax,Indonesia,7.17,420.4,0.547
2024-08-15,Supramax,Indonesia,7.2,424.7,0.596
2024-08-16,Supramax,Indonesia,7.22,443.5,0.629
2024-08-17,Supramax,Indonesia,7.18,442.6,0.316
2024-08-18,Supramax,Indonesia,7.09,433.0,0.538
2024-08-19,Supramax,Indonesia,7.21,436.9,0.484
2024-08-20,Supramax,Indonesia,7.2,436.4,0.546
2024-08-21,Supramax,Indonesia,7.27,429.2,0.31
2024-08-22,Supramax,Indonesia,7.58,412.2,0.329
2024-08-23,Supramax,Indonesia,7.75,404.8,0.734
2024-08-24,Supramax,Indonesia,7.92,435.1,0.198
2024-08-25,Supramax,Indonesia,7.87,434.5,0.532
2024-08-26,Supramax,Indonesia,7.92,448.3,0.331
2024-08-27,Supramax,Indonesia,8.1,413.0,0.192
2024-08-28,Supramax,Indonesia,8.15,392.0,0.232
2024-08-29,Supramax,Indonesia,8.16,441.0,0.374
2024-08-30,Supramax,Indonesia,8.01,436.5,0.263
2024-08-31,Supramax,Indonesia,8.19,430.7,0.492
2024-09-01,Supramax,Indonesia,8.24,437.8,0.381
2024-09-02,Supramax,Indonesia,8.24,452.8,0.603
2024-09-03,Supramax,Indonesia,8.45,444.3,0.543
2024-09-04,Supramax,Indonesia,8.27,453.2,0.458
2024-09-05,Supramax,Indonesia,8.37,454.3,0.55
2024-09-06,Supramax,Indonesia,8.56,440.4,0.749
2024-09-07,Supramax,Indonesia,9.02,384.8,0.608
2024-09-08,Supramax,Indonesia,8.38,447.8,0.422
2024-09-09,Supramax,Indonesia,8.09,456.4,0.232
2024-09-10,Supramax,Indonesia,8.01,430.6,0.512
2024-09-11,Supramax,Indonesia,8.33,428.9,0.331
2024-09-12,Supramax,Indonesia,8.12,434.6,0.218
2024-09-13,Supramax,Indonesia,8.16,450.2,0.355
2024-09-14,Supramax,Indonesia,8.17,413.8,0.346
2024-09-15,Supramax,Indonesia,8.4,452.3,0.56
2024-09-16,Supramax,Indonesia,8.47,435.0,0.548
2024-09-17,Supramax,Indonesia,8.35,402.2,0.613
2024-09-18,Supramax,Indonesia,8.09,417.0,0.369
2024-09-19,Supramax,Indonesia,8.21,416.1,0.375
2024-09-20,Supramax,Indonesia,8.45,432.3,0.599
2024-09-21,Supramax,Indonesia,8.21,431.1,0.466
2024-09-22,Supramax,Indonesia,8.26,425.7,0.383
2024-09-23,Supramax,Indonesia,8.44,402.2,0.423
2024-09-24,Supramax,Indonesia,8.33,427.2,0.296
2024-09-25,Supramax,Indonesia,8.19,430.5,0.386
2024-09-26,Supramax,Indonesia,8.08,418.8,0.339
2024-09-27,Supramax,Indonesia,8.21,425.0,0.362
2024-09-28,Supramax,Indonesia,8.17,434.1,0.493
2024-09-29,Supramax,Indonesia,8.56,429.8,0.413
2024-09-30,Supramax,Indonesia,8.73,419.4,0.502
2024-10-01,Supramax,Indonesia,9.01,428.5,0.473
2024-10-02,Supramax,Indonesia,9.36,437.8,1.0
2024-10-03,Supramax,Indonesia,9.31,450.5,0.508
2024-10-04,Supramax,Indonesia,9.22,445.2,0.633
2024-10-05,Supramax,Indonesia,9.23,420.2,0.32
2024-10-06,Supramax,Indonesia,9.09,430.8,0.544
2024-10-07,Supramax,Indonesia,9.0,442.0,0.588
2024-10-08,Supramax,Indonesia,8.76,406.9,0.637
2024-10-09,Supramax,Indonesia,8.54,432.8,0.422
2024-10-10,Supramax,Indonesia,8.52,407.9,0.476
2024-10-11,Supramax,Indonesia,8.4,430.0,0.421
2024-10-12,Supramax,Indonesia,7.87,413.6,0.382
2024-10-13,Supramax,Indonesia,7.55,442.5,0.048
2024-10-14,Supramax,Indonesia,7.55,452.2,0.333
2024-10-15,Supramax,Indonesia,7.37,425.2,0.572
2024-10-16,Supramax,Indonesia,7.59,394.6,0.259
2024-10-17,Supramax,Indonesia,7.57,426.2,0.661
2024-10-18,Supramax,Indonesia,7.76,406.3,0.477
2024-10-19,Supramax,Indonesia,8.03,407.8,0.241
2024-10-20,Supramax,Indonesia,8.16,418.3,0.642
2024-10-21,Supramax,Indonesia,8.05,422.9,0.283
2024-10-22,Supramax,Indonesia,7.89,429.7,0.49
2024-10-23,Supramax,Indonesia,7.83,440.3,0.656
2024-10-24,Supramax,Indonesia,8.08,408.8,0.364
2024-10-25,Supramax,Indonesia,7.88,422.8,0.881
2024-10-26,Supramax,Indonesia,8.14,399.1,0.696
2024-10-27,Supramax,Indonesia,8.12,412.5,0.447
2024-10-28,Supramax,Indonesia,7.93,436.0,0.482
2024-10-29,Supramax,Indonesia,8.01,384.2,0.378
2024-10-30,Supramax,Indonesia,8.14,433.9,0.759
2024-10-31,Supramax,Indonesia,7.97,419.6,0.497
2024-11-01,Supramax,Indonesia,7.78,430.2,0.581
2024-11-02,Supramax,Indonesia,7.76,426.8,0.725
2024-11-03,Supramax,Indonesia,7.81,416.4,0.564
2024-11-04,Supramax,Indonesia,7.61,437.7,0.035
2024-11-05,Supramax,Indonesia,7.54,431.4,0.535
2024-11-06,Supramax,Indonesia,7.7,415.4,0.394
2024-11-07,Supramax,Indonesia,7.62,413.3,0.587
2024-11-08,Supramax,Indonesia,7.74,432.8,0.526
2024-11-09,Supramax,Indonesia,7.55,392.4,0.453
2024-11-10,Supramax,Indonesia,7.57,407.8,0.215
2024-11-11,Supramax,Indonesia,7.44,404.7,0.556
2024-11-12,Supramax,Indonesia,7.23,443.0,0.193
2024-11-13,Supramax,Indonesia,7.37,400.4,0.641
2024-11-14,Supramax,Indonesia,7.25,437.2,0.73
2024-11-15,Supramax,Indonesia,7.08,407.1,0.793
2024-11-16,Supramax,Indonesia,7.37,423.1,0.606
2024-11-17,Supramax,Indonesia,7.23,396.0,0.36
2024-11-18,Supramax,Indonesia,7.15,419.5,0.601
2024-11-19,Supramax,Indonesia,6.96,419.9,0.606
2024-11-20,Supramax,Indonesia,6.87,402.7,0.493
2024-11-21,Supramax,Indonesia,6.63,431.3,0.304
2024-11-22,Supramax,Indonesia,6.6,415.3,0.39
2024-11-23,Supramax,Indonesia,6.47,404.4,0.346
2024-11-24,Supramax,Indonesia,6.3,375.0,0.293
2024-11-25,Supramax,Indonesia,5.88,408.2,0.448
2024-11-26,Supramax,Indonesia,5.83,407.3,0.515
2024-11-27,Supramax,Indonesia,5.85,387.4,0.293
2024-11-28,Supramax,Indonesia,6.0,407.0,0.331
2024-11-29,Supramax,Indonesia,6.36,390.9,0.732
2024-11-30,Supramax,Indonesia,6.53,411.2,0.711
2024-12-01,Supramax,Indonesia,6.39,394.4,0.572
2024-12-02,Supramax,Indonesia,6.67,400.6,0.524
2024-12-03,Supramax,Indonesia,6.46,404.1,0.506
2024-12-04,Supramax,Indonesia,6.42,407.1,0.434
2024-12-05,Supramax,Indonesia,6.29,392.2,0.598
2024-12-06,Supramax,Indonesia,6.53,409.8,0.686
2024-12-07,Supramax,Indonesia,6.43,423.2,0.689
2024-12-08,Supramax,Indonesia,6.51,411.5,0.62
2024-12-09,Supramax,Indonesia,6.83,416.0,0.663
2024-12-10,Supramax,Indonesia,6.66,375.5,0.548
2024-12-11,Supramax,Indonesia,6.25,385.6,0.516
2024-12-12,Supramax,Indonesia,5.9,417.0,0.765
2024-12-13,Supramax,Indonesia,5.57,416.4,0.341
2024-12-14,Supramax,Indonesia,5.87,378.9,0.475
2024-12-15,Supramax,Indonesia,5.68,404.3,0.575
2024-12-16,Supramax,Indonesia,6.05,408.3,0.519
2024-12-17,Supramax,Indonesia,5.84,391.9,0.744
2024-12-18,Supramax,Indonesia,6.22,404.7,0.668
2024-12-19,Supramax,Indonesia,6.0,393.3,0.5
2024-12-20,Supramax,Indonesia,5.96,421.2,0.634
2024-12-21,Supramax,Indonesia,6.06,415.9,0.394
2024-12-22,Supramax,Indonesia,6.53,423.9,0.558
2024-12-23,Supramax,Indonesia,6.68,436.5,0.373
2024-12-24,Supramax,Indonesia,6.62,409.3,0.565
2024-12-25,Supramax,Indonesia,6.7,412.1,0.475
2024-12-26,Supramax,Indonesia,6.85,374.0,0.737
2024-12-27,Supramax,Indonesia,6.8,390.0,0.565
2024-12-28,Supramax,Indonesia,7.02,420.2,0.497
2024-12-29,Supramax,Indonesia,7.58,388.8,0.758
2024-12-30,Supramax,Indonesia,7.77,389.5,0.424
2024-12-31,Supramax,Indonesia,7.92,381.6,0.737
2025-01-01,Supramax,Indonesia,7.81,399.8,0.324
2025-01-02,Supramax,Indonesia,7.86,404.2,0.827
2025-01-03,Supramax,Indonesia,7.69,412.7,0.578
2025-01-04,Supramax,Indonesia,7.93,381.2,0.241
2025-01-05,Supramax,Indonesia,7.91,377.9,0.311
2025-01-06,Supramax,Indonesia,8.29,382.8,0.676
2025-01-07,Supramax,Indonesia,7.99,416.3,0.214
2025-01-08,Supramax,Indonesia,8.16,410.7,0.42
2025-01-09,Supramax,Indonesia,8.19,378.3,0.523
2025-01-10,Supramax,Indonesia,7.96,387.6,0.78
2025-01-11,Supramax,Indonesia,7.96,407.9,0.337
2025-01-12,Supramax,Indonesia,8.24,418.0,0.625
2025-01-13,Supramax,Indonesia,8.47,396.3,0.588
2025-01-14,Supramax,Indonesia,8.41,374.4,0.442
2025-01-15,Supramax,Indonesia,8.72,391.2,0.736
2025-01-16,Supramax,Indonesia,8.87,419.4,0.627
2025-01-17,Supramax,Indonesia,9.08,430.5,0.635
2025-01-18,Supramax,Indonesia,9.01,390.3,0.553
2025-01-19,Supramax,Indonesia,8.74,403.6,0.62
2025-01-20,Supramax,Indonesia,8.84,411.0,0.34
2025-01-21,Supramax,Indonesia,8.99,385.9,0.625
2025-01-22,Supramax,Indonesia,8.99,383.0,0.707
2025-01-23,Supramax,Indonesia,9.49,418.7,0.63
2025-01-24,Supramax,Indonesia,9.42,398.2,0.898
2025-01-25,Supramax,Indonesia,9.17,386.7,0.681
2025-01-26,Supramax,Indonesia,9.46,401.6,0.404
2025-01-27,Supramax,Indonesia,9.4,406.4,0.539
2025-01-28,Supramax,Indonesia,9.3,429.1,0.713
2025-01-29,Supramax,Indonesia,9.17,390.4,0.561
2025-01-30,Supramax,Indonesia,9.13,391.3,0.566
2025-01-31,Supramax,Indonesia,9.57,427.2,0.803
2025-02-01,Supramax,Indonesia,9.37,365.8,0.564
2025-02-02,Supramax,Indonesia,9.44,380.3,0.901
2025-02-03,Supramax,Indonesia,9.44,379.1,0.5
2025-02-04,Supramax,Indonesia,9.65,399.1,0.71
2025-02-05,Supramax,Indonesia,9.88,383.6,0.403
2025-02-06,Supramax,Indonesia,10.28,413.8,0.412
2025-02-07,Supramax,Indonesia,10.21,406.6,0.623
2025-02-08,Supramax,Indonesia,10.02,393.9,0.545
2025-02-09,Supramax,Indonesia,10.34,401.0,0.06
2025-02-10,Supramax,Indonesia,10.01,400.0,0.573
2025-02-11,Supramax,Indonesia,9.89,397.7,0.621
2025-02-12,Supramax,Indonesia,10.13,401.3,0.57
2025-02-13,Supramax,Indonesia,10.37,362.4,0.468
2025-02-14,Supramax,Indonesia,10.44,395.1,0.563
2025-02-15,Supramax,Indonesia,10.5,383.1,0.536
2025-02-16,Supramax,Indonesia,10.19,392.1,0.704
2025-02-17,Supramax,Indonesia,9.79,392.5,0.764
2025-02-18,Supramax,Indonesia,9.97,386.3,0.743
2025-02-19,Supramax,Indonesia,10.08,387.5,0.519
2025-02-20,Supramax,Indonesia,9.89,408.2,0.327
2025-02-21,Supramax,Indonesia,9.77,400.7,0.291
2025-02-22,Supramax,Indonesia,9.76,379.6,0.249
2025-02-23,Supramax,Indonesia,9.58,430.8,0.479
2025-02-24,Supramax,Indonesia,9.49,399.2,0.436
2025-02-25,Supramax,Indonesia,9.72,394.3,0.482
2025-02-26,Supramax,Indonesia,9.76,400.8,0.7
2025-02-27,Supramax,Indonesia,10.03,403.4,0.684
2025-02-28,Supramax,Indonesia,9.9,364.1,0.667
2025-03-01,Supramax,Indonesia,9.78,396.1,0.737
2025-03-02,Supramax,Indonesia,9.76,392.8,0.391
2025-03-03,Supramax,Indonesia,9.85,378.3,0.392
2025-03-04,Supramax,Indonesia,9.78,402.1,0.444
2025-03-05,Supramax,Indonesia,9.69,371.7,0.475
2025-03-06,Supramax,Indonesia,9.7,397.0,0.416
2025-03-07,Supramax,Indonesia,9.68,426.4,0.42
2025-03-08,Supramax,Indonesia,9.58,396.2,0.613
2025-03-09,Supramax,Indonesia,9.16,414.9,0.283
2025-03-10,Supramax,Indonesia,9.3,381.1,0.772
2025-03-11,Supramax,Indonesia,9.38,392.6,0.319
2025-03-12,Supramax,Indonesia,9.37,383.2,0.285
2025-03-13,Supramax,Indonesia,9.18,366.4,0.379
2025-03-14,Supramax,Indonesia,9.25,392.0,0.412
2025-03-15,Supramax,Indonesia,9.08,374.0,0.437
2025-03-16,Supramax,Indonesia,8.96,366.5,0.39
2025-03-17,Supramax,Indonesia,9.15,404.5,0.524
2025-03-18,Supramax,Indonesia,9.13,387.6,0.399
2025-03-19,Supramax,Indonesia,9.11,385.4,0.482
2025-03-20,Supramax,Indonesia,9.13,381.1,0.67
2025-03-21,Supramax,Indonesia,9.07,364.0,0.334
2025-03-22,Supramax,Indonesia,9.18,391.2,0.439
2025-03-23,Supramax,Indonesia,9.06,393.5,0.1
2025-03-24,Supramax,Indonesia,9.06,378.6,0.58
2025-03-25,Supramax,Indonesia,8.93,400.4,0.402
2025-03-26,Supramax,Indonesia,9.11,344.6,0.625
2025-03-27,Supramax,Indonesia,8.85,400.4,0.632
2025-03-28,Supramax,Indonesia,8.79,388.8,0.494
2025-03-29,Supramax,Indonesia,8.8,386.6,0.213
2025-03-30,Supramax,Indonesia,8.84,384.9,0.32
2025-03-31,Supramax,Indonesia,8.71,406.3,0.422
2025-04-01,Supramax,Indonesia,8.69,390.5,0.585
2025-04-02,Supramax,Indonesia,8.38,385.1,0.453
2025-04-03,Supramax,Indonesia,8.18,387.2,0.274
2025-04-04,Supramax,Indonesia,8.31,388.4,0.569
2025-04-05,Supramax,Indonesia,8.5,386.4,0.251
2025-04-06,Supramax,Indonesia,8.65,368.5,0.463
2025-04-07,Supramax,Indonesia,8.44,365.3,0.311
2025-04-08,Supramax,Indonesia,8.71,388.2,0.238
2025-04-09,Supramax,Indonesia,8.28,380.7,0.333
2025-04-10,Supramax,Indonesia,8.09,410.6,0.197
2025-04-11,Supramax,Indonesia,8.09,393.5,0.408
2025-04-12,Supramax,Indonesia,8.04,382.1,0.341
2025-04-13,Supramax,Indonesia,8.18,375.8,0.385
2025-04-14,Supramax,Indonesia,8.01,412.0,0.396
2025-04-15,Supramax,Indonesia,7.81,378.0,0.162
2025-04-16,Supramax,Indonesia,7.69,388.3,0.484
2025-04-17,Supramax,Indonesia,7.95,422.2,0.457
2025-04-18,Supramax,Indonesia,7.98,412.8,0.396
2025-04-19,Supramax,Indonesia,8.21,380.6,0.191
2025-04-20,Supramax,Indonesia,8.19,378.9,0.442
2025-04-21,Supramax,Indonesia,8.29,378.4,0.605
2025-04-22,Supramax,Indonesia,8.21,424.5,0.394
2025-04-23,Supramax,Indonesia,8.27,379.7,0.445
2025-04-24,Supramax,Indonesia,8.18,370.8,0.54
2025-04-25,Supramax,Indonesia,8.58,369.6,0.63
2025-04-26,Supramax,Indonesia,8.61,384.9,0.385
2025-04-27,Supramax,Indonesia,8.64,345.4,0.692
2025-04-28,Supramax,Indonesia,8.77,369.1,0.542
2025-04-29,Supramax,Indonesia,8.81,382.2,0.112
2025-04-30,Supramax,Indonesia,8.8,364.7,0.421
2025-05-01,Supramax,Indonesia,8.62,389.0,0.321
2025-05-02,Supramax,Indonesia,8.55,384.5,0.251
2025-05-03,Supramax,Indonesia,8.31,377.2,0.37
2025-05-04,Supramax,Indonesia,8.51,366.4,0.528
2025-05-05,Supramax,Indonesia,8.13,429.5,0.477
2025-05-06,Supramax,Indonesia,8.17,401.3,0.247
2025-05-07,Supramax,Indonesia,8.35,381.1,0.654
2025-05-08,Supramax,Indonesia,8.35,381.5,0.234
2025-05-09,Supramax,Indonesia,8.28,380.8,0.238
2025-05-10,Supramax,Indonesia,8.06,419.8,0.217
2025-05-11,Supramax,Indonesia,7.98,366.9,0.159
2025-05-12,Supramax,Indonesia,7.9,383.8,0.295
2025-05-13,Supramax,Indonesia,7.93,398.5,0.378
2025-05-14,Supramax,Indonesia,8.13,394.1,0.08
2025-05-15,Supramax,Indonesia,8.29,410.1,0.414
2025-05-16,Supramax,Indonesia,8.48,397.7,0.286
2025-05-17,Supramax,Indonesia,8.21,382.0,0.178
2025-05-18,Supramax,Indonesia,8.29,404.2,0.311
2025-05-19,Supramax,Indonesia,8.49,347.4,0.629
2025-05-20,Supramax,Indonesia,8.49,418.2,0.146
2025-05-21,Supramax,Indonesia,8.25,397.9,0.365
2025-05-22,Supramax,Indonesia,8.17,366.0,0.54
2025-05-23,Supramax,Indonesia,8.49,400.9,0.43
2025-05-24,Supramax,Indonesia,8.49,390.4,0.487
2025-05-25,Supramax,Indonesia,8.71,390.3,0.157
2025-05-26,Supramax,Indonesia,8.38,381.8,0.386
2025-05-27,Supramax,Indonesia,8.16,399.6,0.198
2025-05-28,Supramax,Indonesia,8.03,385.8,0.456
2025-05-29,Supramax,Indonesia,7.81,400.9,0.269
2025-05-30,Supramax,Indonesia,7.57,407.1,0.261
2025-05-31,Supramax,Indonesia,7.72,371.7,0.275
2025-06-01,Supramax,Indonesia,7.72,376.4,0.394
2025-06-02,Supramax,Indonesia,7.96,391.0,0.571
2025-06-03,Supramax,Indonesia,8.1,365.9,0.433
2025-06-04,Supramax,Indonesia,8.48,365.6,0.484
2025-06-05,Supramax,Indonesia,8.4,396.6,0.447
2025-06-06,Supramax,Indonesia,8.28,412.2,0.399
2025-06-07,Supramax,Indonesia,8.33,400.1,0.18
2025-06-08,Supramax,Indonesia,8.27,396.3,0.684
2025-06-09,Supramax,Indonesia,8.56,362.1,0.287
2025-06-10,Supramax,Indonesia,8.72,404.6,0.175
2025-06-11,Supramax,Indonesia,8.63,389.7,0.6
2025-06-12,Supramax,Indonesia,8.49,387.0,0.485
2025-06-13,Supramax,Indonesia,8.42,386.4,0.031
2025-06-14,Supramax,Indonesia,8.31,410.0,0.343
2025-06-15,Supramax,Indonesia,8.37,390.9,0.19
2025-06-16,Supramax,Indonesia,8.62,370.9,0.494
2025-06-17,Supramax,Indonesia,8.84,370.9,0.268
2025-06-18,Supramax,Indonesia,8.84,401.4,0.224
2025-06-19,Supramax,Indonesia,9.14,381.6,0.179
2025-06-20,Supramax,Indonesia,9.51,387.4,0.314
2025-06-21,Supramax,Indonesia,9.51,376.5,0.258
2025-06-22,Supramax,Indonesia,9.12,395.6,0.502
2025-06-23,Supramax,Indonesia,9.19,389.7,0.561
2025-06-24,Supramax,Indonesia,9.33,389.8,0.211
2025-06-25,Supramax,Indonesia,9.07,382.5,0.509
2025-06-26,Supramax,Indonesia,8.71,407.9,0.416
2025-06-27,Supramax,Indonesia,8.58,384.4,0.554
2025-06-28,Supramax,Indonesia,8.35,384.3,0.427
2025-06-29,Supramax,Indonesia,8.04,388.5,0.658
2025-06-30,Supramax,Indonesia,7.7,379.4,0.243
2025-07-01,Supramax,Indonesia,7.46,384.7,0.323
2025-07-02,Supramax,Indonesia,7.38,362.6,0.343
2025-07-03,Supramax,Indonesia,7.75,381.5,0.185
2025-07-04,Supramax,Indonesia,7.75,404.5,0.443
2025-07-05,Supramax,Indonesia,7.76,390.1,0.222
2025-07-06,Supramax,Indonesia,7.47,407.3,0.18
2025-07-07,Supramax,Indonesia,7.77,394.7,0.258
2025-07-08,Supramax,Indonesia,7.52,412.1,0.087
2025-07-09,Supramax,Indonesia,7.55,395.9,0.238
2025-07-10,Supramax,Indonesia,7.7,411.0,0.255
2025-07-11,Supramax,Indonesia,7.71,413.9,0.308
2025-07-12,Supramax,Indonesia,7.7,379.8,0.268
2025-07-13,Supramax,Indonesia,7.45,404.9,0.052
2025-07-14,Supramax,Indonesia,7.24,379.5,0.091
2025-07-15,Supramax,Indonesia,7.41,386.8,0.502
2025-07-16,Supramax,Indonesia,7.45,389.8,0.15
2025-07-17,Supramax,Indonesia,7.11,388.1,0.497
2025-07-18,Supramax,Indonesia,7.16,382.1,0.217
2025-07-19,Supramax,Indonesia,7.18,407.3,0.225
2025-07-20,Supramax,Indonesia,7.13,396.9,0.27
2025-07-21,Supramax,Indonesia,7.28,364.0,0.319
2025-07-22,Supramax,Indonesia,7.04,376.6,0.472
2025-07-23,Supramax,Indonesia,7.15,407.5,0.179
2025-07-24,Supramax,Indonesia,7.03,401.2,0.42
2025-07-25,Supramax,Indonesia,6.7,401.9,0.307
2025-07-26,Supramax,Indonesia,6.94,407.4,0.27
2025-07-27,Supramax,Indonesia,7.15,389.4,0.379
2025-07-28,Supramax,Indonesia,7.31,402.3,0.102
2025-07-29,Supramax,Indonesia,7.33,379.1,0.213
2025-07-30,Supramax,Indonesia,7.53,417.6,0.364
2025-07-31,Supramax,Indonesia,7.39,401.3,0.209
2025-08-01,Supramax,Indonesia,6.89,389.5,0.0
2025-08-02,Supramax,Indonesia,6.94,433.2,0.449
2025-08-03,Supramax,Indonesia,6.67,391.9,0.126
2025-08-04,Supramax,Indonesia,6.82,409.2,0.222
2025-08-05,Supramax,Indonesia,7.25,394.0,0.206
2025-08-06,Supramax,Indonesia,7.27,404.6,0.439
2025-08-07,Supramax,Indonesia,6.95,424.2,0.28
2025-08-08,Supramax,Indonesia,7.1,389.4,0.144
2025-08-09,Supramax,Indonesia,7.19,401.7,0.194
2025-08-10,Supramax,Indonesia,7.23,400.5,0.018
2025-08-11,Supramax,Indonesia,7.03,400.8,0.088
2025-08-12,Supramax,Indonesia,7.22,402.8,0.391
2025-08-13,Supramax,Indonesia,6.85,389.3,0.03
2025-08-14,Supramax,Indonesia,6.83,377.9,0.161
2025-08-15,Supramax,Indonesia,6.42,395.9,0.229
2025-08-16,Supramax,Indonesia,6.55,426.5,0.078
2025-08-17,Supramax,Indonesia,6.36,410.7,0.339
2025-08-18,Supramax,Indonesia,6.39,397.2,0.211
2025-08-19,Supramax,Indonesia,6.11,424.2,0.347
2025-08-20,Supramax,Indonesia,6.3,382.6,0.49
2025-08-21,Supramax,Indonesia,6.13,400.4,0.202
2025-08-22,Supramax,Indonesia,6.31,396.5,0.268
2025-08-23,Supramax,Indonesia,6.43,378.5,0.225
2025-08-24,Supramax,Indonesia,6.79,401.7,0.281
2025-08-25,Supramax,Indonesia,6.75,424.8,0.302
2025-08-26,Supramax,Indonesia,6.69,401.3,0.251
2025-08-27,Supramax,Indonesia,6.82,406.9,0.438
2025-08-28,Supramax,Indonesia,6.35,379.0,0.216
2025-08-29,Supramax,Indonesia,6.12,384.5,0.214
2025-08-30,Supramax,Indonesia,6.04,410.8,0.374
2025-08-31,Supramax,Indonesia,6.36,413.3,0.421
2025-09-01,Supramax,Indonesia,6.29,411.5,0.217
2025-09-02,Supramax,Indonesia,6.44,401.1,0.426
2025-09-03,Supramax,Indonesia,6.67,378.9,0.28
2025-09-04,Supramax,Indonesia,6.82,369.9,0.359
2025-09-05,Supramax,Indonesia,6.85,418.9,0.26
2025-09-06,Supramax,Indonesia,7.11,401.1,0.157
2025-09-07,Supramax,Indonesia,7.29,415.8,0.188
2025-09-08,Supramax,Indonesia,7.33,388.3,0.091
2025-09-09,Supramax,Indonesia,7.33,404.2,0.0
2025-09-10,Supramax,Indonesia,7.51,414.3,0.017
2025-09-11,Supramax,Indonesia,7.43,411.5,0.328
2025-09-12,Supramax,Indonesia,7.62,401.2,0.137
2025-09-13,Supramax,Indonesia,7.94,397.8,0.18
2025-09-14,Supramax,Indonesia,7.51,410.6,0.189
2025-09-15,Supramax,Indonesia,7.61,421.3,0.25
2025-09-16,Supramax,Indonesia,7.43,406.4,0.0
2025-09-17,Supramax,Indonesia,7.53,393.5,0.074
2025-09-18,Supramax,Indonesia,7.82,430.3,0.193
2025-09-19,Supramax,Indonesia,7.78,419.4,0.0
2025-09-20,Supramax,Indonesia,7.78,406.3,0.329
2025-09-21,Supramax,Indonesia,7.53,386.9,0.445
2025-09-22,Supramax,Indonesia,7.51,419.6,0.261
2025-09-23,Supramax,Indonesia,7.46,399.4,0.276
2025-09-24,Supramax,Indonesia,7.52,419.4,0.0
2025-09-25,Supramax,Indonesia,7.84,411.4,0.0
2025-09-26,Supramax,Indonesia,8.11,407.4,0.0
2025-09-27,Supramax,Indonesia,7.63,416.2,0.362
2025-09-28,Supramax,Indonesia,7.26,412.1,0.364
2025-09-29,Supramax,Indonesia,7.24,412.2,0.399
2025-09-30,Supramax,Indonesia,7.54,404.9,0.062
2025-10-01,Supramax,Indonesia,7.52,400.8,0.363
2025-10-02,Supramax,Indonesia,6.99,395.1,0.344
2025-10-03,Supramax,Indonesia,6.24,401.4,0.35
2025-10-04,Supramax,Indonesia,6.25,410.4,0.184
2025-10-05,Supramax,Indonesia,6.22,436.1,0.15
2025-10-06,Supramax,Indonesia,6.37,449.4,0.419
2025-10-07,Supramax,Indonesia,6.53,431.6,0.158
2025-10-08,Supramax,Indonesia,6.92,397.1,0.246
2025-10-09,Supramax,Indonesia,6.83,401.2,0.288
2025-10-10,Supramax,Indonesia,6.51,419.9,0.179
2025-10-11,Supramax,Indonesia,6.73,411.9,0.528
2025-10-12,Supramax,Indonesia,6.81,439.2,0.324
2025-10-13,Supramax,Indonesia,6.95,441.2,0.514
2025-10-14,Supramax,Indonesia,6.84,420.8,0.521
2025-10-15,Supramax,Indonesia,7.0,419.8,0.401
2025-10-16,Supramax,Indonesia,6.87,416.5,0.418
2025-10-17,Supramax,Indonesia,7.21,396.6,0.195
2025-10-18,Supramax,Indonesia,7.18,412.1,0.251
2025-10-19,Supramax,Indonesia,7.18,393.2,0.185
2025-10-20,Supramax,Indonesia,6.94,424.4,0.346
2025-10-21,Supramax,Indonesia,7.4,443.6,0.194
2025-10-22,Supramax,Indonesia,7.83,419.4,0.721
2025-10-23,Supramax,Indonesia,7.87,391.7,0.007
2025-10-24,Supramax,Indonesia,7.66,397.6,0.239
2025-10-25,Supramax,Indonesia,7.85,389.0,0.529
2025-10-26,Supramax,Indonesia,7.51,409.0,0.485
2025-10-27,Supramax,Indonesia,7.5,400.8,0.256
2025-10-28,Supramax,Indonesia,7.46,412.0,0.303
2025-10-29,Supramax,Indonesia,7.35,415.1,0.279
2025-10-30,Supramax,Indonesia,7.74,425.5,0.604
2025-10-31,Supramax,Indonesia,7.92,416.0,0.388
2025-11-01,Supramax,Indonesia,7.97,425.2,0.057
2025-11-02,Supramax,Indonesia,8.03,406.1,0.287
2025-11-03,Supramax,Indonesia,8.14,427.2,0.118
2025-11-04,Supramax,Indonesia,8.05,442.2,0.384
2025-11-05,Supramax,Indonesia,8.0,431.5,0.37
2025-11-06,Supramax,Indonesia,8.21,438.0,0.365
2025-11-07,Supramax,Indonesia,8.11,409.1,0.188
2025-11-08,Supramax,Indonesia,8.15,448.5,0.124
2025-11-09,Supramax,Indonesia,8.02,420.3,0.246
2025-11-10,Supramax,Indonesia,8.32,436.8,0.429
2025-11-11,Supramax,Indonesia,8.53,412.3,0.01
2025-11-12,Supramax,Indonesia,8.48,433.3,0.301
2025-11-13,Supramax,Indonesia,8.68,435.5,0.222
2025-11-14,Supramax,Indonesia,8.68,422.0,0.253
2025-11-15,Supramax,Indonesia,8.55,422.6,0.285
2025-11-16,Supramax,Indonesia,8.25,437.3,0.355
2025-11-17,Supramax,Indonesia,8.66,425.0,0.215
2025-11-18,Supramax,Indonesia,8.26,396.2,0.203
2025-11-19,Supramax,Indonesia,8.25,431.2,0.093
2025-11-20,Supramax,Indonesia,8.08,450.0,0.276
2025-11-21,Supramax,Indonesia,7.84,397.6,0.105
2025-11-22,Supramax,Indonesia,7.66,417.7,0.178
2025-11-23,Supramax,Indonesia,7.53,414.3,0.054
2025-11-24,Supramax,Indonesia,6.98,401.8,0.382
2025-11-25,Supramax,Indonesia,7.09,413.6,0.26
2025-11-26,Supramax,Indonesia,7.25,403.1,0.35
2025-11-27,Supramax,Indonesia,7.17,421.3,0.483
2025-11-28,Supramax,Indonesia,7.3,422.4,0.19
2025-11-29,Supramax,Indonesia,7.57,460.4,0.375
2025-11-30,Supramax,Indonesia,7.91,434.1,0.264
2025-12-01,Supramax,Indonesia,8.08,427.2,0.445
2025-12-02,Supramax,Indonesia,8.17,433.7,0.232
2025-12-03,Supramax,Indonesia,8.22,419.2,0.145
2025-12-04,Supramax,Indonesia,8.23,406.6,0.435
2025-12-05,Supramax,Indonesia,8.29,417.4,0.056
2025-12-06,Supramax,Indonesia,8.44,425.0,0.28
2025-12-07,Supramax,Indonesia,8.2,437.7,0.366
2025-12-08,Supramax,Indonesia,8.51,434.0,0.372
2025-12-09,Supramax,Indonesia,8.39,418.9,0.421
2025-12-10,Supramax,Indonesia,8.34,431.6,0.018
2025-12-11,Supramax,Indonesia,8.37,403.7,0.234
2025-12-12,Supramax,Indonesia,8.14,424.5,0.214
2025-12-13,Supramax,Indonesia,8.06,424.6,0.409
2025-12-14,Supramax,Indonesia,7.94,434.3,0.17
2025-12-15,Supramax,Indonesia,8.1,428.0,0.222
2025-12-16,Supramax,Indonesia,7.93,426.5,0.322
2025-12-17,Supramax,Indonesia,7.9,411.3,0.309
2025-12-18,Supramax,Indonesia,8.17,440.3,0.131
2025-12-19,Supramax,Indonesia,8.13,430.8,0.376
2025-12-20,Supramax,Indonesia,8.32,420.0,0.39
2025-12-21,Supramax,Indonesia,7.77,407.6,0.441
2025-12-22,Supramax,Indonesia,8.17,436.7,0.481
2025-12-23,Supramax,Indonesia,8.13,443.7,0.054
2025-12-24,Supramax,Indonesia,8.43,437.1,0.473
2025-12-25,Supramax,Indonesia,8.46,438.5,0.176
2025-12-26,Supramax,Indonesia,8.53,435.5,0.262
2025-12-27,Supramax,Indonesia,8.4,439.0,0.124
2025-12-28,Supramax,Indonesia,8.59,463.6,0.325
2025-12-29,Supramax,Indonesia,8.71,449.6,0.361
2025-12-30,Supramax,Indonesia,8.24,452.5,0.358
2023-01-01,Supramax,Mozambique,11.13,424.2,0.466
2023-01-02,Supramax,Mozambique,10.8,436.8,0.257
2023-01-03,Supramax,Mozambique,10.81,472.2,0.41
2023-01-04,Supramax,Mozambique,10.91,437.8,0.693
2023-01-05,Supramax,Mozambique,11.1,465.3,0.074
2023-01-06,Supramax,Mozambique,11.47,441.5,0.176
2023-01-07,Supramax,Mozambique,11.57,460.9,0.196
2023-01-08,Supramax,Mozambique,11.56,448.3,0.565
2023-01-09,Supramax,Mozambique,11.72,467.4,0.419
2023-01-10,Supramax,Mozambique,11.53,449.5,0.407
2023-01-11,Supramax,Mozambique,11.61,449.4,0.381
2023-01-12,Supramax,Mozambique,11.46,456.2,0.638
2023-01-13,Supramax,Mozambique,11.72,467.8,0.3
2023-01-14,Supramax,Mozambique,11.74,457.1,0.298
2023-01-15,Supramax,Mozambique,11.77,460.0,0.408
2023-01-16,Supramax,Mozambique,11.7,459.8,0.231
2023-01-17,Supramax,Mozambique,11.65,452.3,0.252
2023-01-18,Supramax,Mozambique,11.61,489.6,0.285
2023-01-19,Supramax,Mozambique,11.64,463.7,0.44
2023-01-20,Supramax,Mozambique,11.67,468.6,0.526
2023-01-21,Supramax,Mozambique,11.45,465.6,0.239
2023-01-22,Supramax,Mozambique,11.73,473.8,0.079
2023-01-23,Supramax,Mozambique,11.63,432.8,0.43
2023-01-24,Supramax,Mozambique,11.52,453.8,0.457
2023-01-25,Supramax,Mozambique,12.16,446.4,0.231
2023-01-26,Supramax,Mozambique,12.63,461.8,0.067
2023-01-27,Supramax,Mozambique,12.91,436.3,0.327
2023-01-28,Supramax,Mozambique,12.82,469.2,0.361
2023-01-29,Supramax,Mozambique,13.2,468.1,0.47
2023-01-30,Supramax,Mozambique,13.01,476.0,0.54
2023-01-31,Supramax,Mozambique,13.17,483.6,0.248
2023-02-01,Supramax,Mozambique,13.39,473.6,0.46
2023-02-02,Supramax,Mozambique,13.21,462.9,0.354
2023-02-03,Supramax,Mozambique,12.87,461.8,0.267
2023-02-04,Supramax,Mozambique,12.55,488.1,0.331
2023-02-05,Supramax,Mozambique,12.69,491.6,0.428
2023-02-06,Supramax,Mozambique,12.4,438.8,0.45
2023-02-07,Supramax,Mozambique,12.43,482.5,0.664
2023-02-08,Supramax,Mozambique,12.71,453.1,0.452
2023-02-09,Supramax,Mozambique,12.77,488.4,0.505
2023-02-10,Supramax,Mozambique,12.88,473.3,0.437
2023-02-11,Supramax,Mozambique,12.72,481.2,0.655
2023-02-12,Supramax,Mozambique,12.71,445.3,0.444
2023-02-13,Supramax,Mozambique,12.56,459.8,0.168
2023-02-14,Supramax,Mozambique,12.88,455.4,0.271
2023-02-15,Supramax,Mozambique,12.76,471.5,0.733
2023-02-16,Supramax,Mozambique,12.7,464.0,0.405
2023-02-17,Supramax,Mozambique,12.67,458.6,0.449
2023-02-18,Supramax,Mozambique,12.74,482.8,0.471
2023-02-19,Supramax,Mozambique,12.71,463.9,0.389
2023-02-20,Supramax,Mozambique,12.73,447.4,0.416
2023-02-21,Supramax,Mozambique,12.6,461.7,0.437
2023-02-22,Supramax,Mozambique,12.79,466.0,0.596
2023-02-23,Supramax,Mozambique,12.98,475.0,0.451
2023-02-24,Supramax,Mozambique,12.95,465.2,0.473
2023-02-25,Supramax,Mozambique,13.23,468.6,0.206
2023-02-26,Supramax,Mozambique,13.35,462.0,0.479
2023-02-27,Supramax,Mozambique,13.09,465.4,0.7
2023-02-28,Supramax,Mozambique,13.12,452.7,0.502
2023-03-01,Supramax,Mozambique,13.15,470.6,0.169
2023-03-02,Supramax,Mozambique,13.26,464.5,0.497
2023-03-03,Supramax,Mozambique,13.02,472.4,0.518
2023-03-04,Supramax,Mozambique,13.32,475.5,0.44
2023-03-05,Supramax,Mozambique,13.48,459.0,0.289
2023-03-06,Supramax,Mozambique,13.68,478.1,0.438
2023-03-07,Supramax,Mozambique,13.69,455.9,0.526
2023-03-08,Supramax,Mozambique,13.81,489.8,0.416
2023-03-09,Supramax,Mozambique,13.96,485.8,0.57
2023-03-10,Supramax,Mozambique,13.83,460.8,0.604
2023-03-11,Supramax,Mozambique,14.03,484.3,0.454
2023-03-12,Supramax,Mozambique,14.13,478.1,0.525
2023-03-13,Supramax,Mozambique,14.55,460.5,0.188
2023-03-14,Supramax,Mozambique,14.58,495.2,0.761
2023-03-15,Supramax,Mozambique,14.6,468.1,0.771
2023-03-16,Supramax,Mozambique,14.47,471.9,0.484
2023-03-17,Supramax,Mozambique,13.93,483.5,0.599
2023-03-18,Supramax,Mozambique,14.5,457.7,0.261
2023-03-19,Supramax,Mozambique,14.45,488.3,0.674
2023-03-20,Supramax,Mozambique,14.24,468.3,0.454
2023-03-21,Supramax,Mozambique,14.53,464.6,0.532
2023-03-22,Supramax,Mozambique,14.33,483.1,0.445
2023-03-23,Supramax,Mozambique,14.13,477.2,0.417
2023-03-24,Supramax,Mozambique,14.38,469.5,0.565
2023-03-25,Supramax,Mozambique,14.04,488.2,0.451
2023-03-26,Supramax,Mozambique,14.28,471.3,0.329
2023-03-27,Supramax,Mozambique,14.59,464.7,0.622
2023-03-28,Supramax,Mozambique,14.54,467.5,0.388
2023-03-29,Supramax,Mozambique,14.46,487.9,0.339
2023-03-30,Supramax,Mozambique,14.39,468.7,0.792
2023-03-31,Supramax,Mozambique,13.9,484.6,0.507
2023-04-01,Supramax,Mozambique,14.23,499.7,0.566
2023-04-02,Supramax,Mozambique,14.22,485.3,0.27
2023-04-03,Supramax,Mozambique,14.51,494.0,0.457
2023-04-04,Supramax,Mozambique,14.52,481.8,0.813
2023-04-05,Supramax,Mozambique,13.66,482.3,0.46
2023-04-06,Supramax,Mozambique,13.2,460.7,0.596
2023-04-07,Supramax,Mozambique,12.88,469.7,0.651
2023-04-08,Supramax,Mozambique,12.57,474.4,0.412
2023-04-09,Supramax,Mozambique,12.52,462.2,0.346
2023-04-10,Supramax,Mozambique,12.3,499.9,0.528
2023-04-11,Supramax,Mozambique,11.76,476.5,0.551
2023-04-12,Supramax,Mozambique,11.22,474.6,0.348
2023-04-13,Supramax,Mozambique,11.25,471.3,0.6
2023-04-14,Supramax,Mozambique,11.5,456.2,0.499
2023-04-15,Supramax,Mozambique,10.89,511.8,0.639
2023-04-16,Supramax,Mozambique,10.77,488.4,0.66
2023-04-17,Supramax,Mozambique,10.82,484.6,0.4
2023-04-18,Supramax,Mozambique,10.46,512.0,0.417
2023-04-19,Supramax,Mozambique,10.27,476.2,0.348
2023-04-20,Supramax,Mozambique,10.65,477.9,0.615
2023-04-21,Supramax,Mozambique,10.83,486.5,0.573
2023-04-22,Supramax,Mozambique,10.79,485.2,0.404
2023-04-23,Supramax,Mozambique,11.07,489.2,0.547
2023-04-24,Supramax,Mozambique,11.22,511.2,0.523
2023-04-25,Supramax,Mozambique,11.33,505.7,0.953
2023-04-26,Supramax,Mozambique,10.85,492.7,0.717
2023-04-27,Supramax,Mozambique,10.88,483.4,0.746
2023-04-28,Supramax,Mozambique,10.54,460.0,0.493
2023-04-29,Supramax,Mozambique,10.08,504.8,0.585
2023-04-30,Supramax,Mozambique,10.2,476.9,0.477
2023-05-01,Supramax,Mozambique,10.67,485.2,0.737
2023-05-02,Supramax,Mozambique,10.76,478.3,0.438
2023-05-03,Supramax,Mozambique,11.13,491.8,0.562
2023-05-04,Supramax,Mozambique,10.82,488.9,0.777
2023-05-05,Supramax,Mozambique,11.6,477.3,0.37
2023-05-06,Supramax,Mozambique,11.46,482.8,0.71
2023-05-07,Supramax,Mozambique,11.47,505.2,0.49
2023-05-08,Supramax,Mozambique,10.76,484.0,0.504
2023-05-09,Supramax,Mozambique,10.35,493.7,0.586
2023-05-10,Supramax,Mozambique,10.12,493.7,0.303
2023-05-11,Supramax,Mozambique,10.34,493.4,0.436
2023-05-12,Supramax,Mozambique,10.15,477.2,0.652
2023-05-13,Supramax,Mozambique,10.39,504.2,0.411
2023-05-14,Supramax,Mozambique,10.36,517.4,0.531
2023-05-15,Supramax,Mozambique,10.91,469.5,0.674
2023-05-16,Supramax,Mozambique,11.04,477.2,0.534
2023-05-17,Supramax,Mozambique,10.7,491.1,0.48
2023-05-18,Supramax,Mozambique,10.98,476.7,0.683
2023-05-19,Supramax,Mozambique,11.29,486.6,0.762
2023-05-20,Supramax,Mozambique,11.64,488.2,0.55
2023-05-21,Supramax,Mozambique,12.28,483.3,0.546
2023-05-22,Supramax,Mozambique,11.73,477.4,0.541
2023-05-23,Supramax,Mozambique,12.37,501.9,0.473
2023-05-24,Supramax,Mozambique,12.37,483.2,0.723
2023-05-25,Supramax,Mozambique,12.04,488.6,0.218
2023-05-26,Supramax,Mozambique,11.8,500.0,0.787
2023-05-27,Supramax,Mozambique,11.08,473.0,0.895
2023-05-28,Supramax,Mozambique,11.13,496.9,0.511
2023-05-29,Supramax,Mozambique,11.43,502.6,0.499
2023-05-30,Supramax,Mozambique,11.79,495.8,0.456
2023-05-31,Supramax,Mozambique,12.11,487.5,0.404
2023-06-01,Supramax,Mozambique,12.05,486.8,0.517
2023-06-02,Supramax,Mozambique,11.92,459.8,0.535
2023-06-03,Supramax,Mozambique,12.15,495.6,0.403
2023-06-04,Supramax,Mozambique,12.08,500.0,0.408
2023-06-05,Supramax,Mozambique,12.09,528.5,0.38
2023-06-06,Supramax,Mozambique,11.84,504.7,0.628
2023-06-07,Supramax,Mozambique,11.66,485.4,0.559
2023-06-08,Supramax,Mozambique,11.43,497.5,0.629
2023-06-09,Supramax,Mozambique,11.63,509.8,0.602
2023-06-10,Supramax,Mozambique,11.97,476.6,0.47
2023-06-11,Supramax,Mozambique,11.6,495.5,0.609
2023-06-12,Supramax,Mozambique,11.76,483.1,0.428
2023-06-13,Supramax,Mozambique,11.01,489.0,0.62
2023-06-14,Supramax,Mozambique,11.29,483.8,0.651
2023-06-15,Supramax,Mozambique,10.69,494.0,0.373
2023-06-16,Supramax,Mozambique,10.89,496.1,0.718
2023-06-17,Supramax,Mozambique,10.51,497.8,0.524
2023-06-18,Supramax,Mozambique,9.97,487.7,0.635
2023-06-19,Supramax,Mozambique,10.01,492.2,0.435
2023-06-20,Supramax,Mozambique,10.27,511.4,0.748
2023-06-21,Supramax,Mozambique,10.47,517.5,0.727
2023-06-22,Supramax,Mozambique,10.59,490.4,0.338
2023-06-23,Supramax,Mozambique,10.29,473.5,0.288
2023-06-24,Supramax,Mozambique,10.3,510.6,0.471
2023-06-25,Supramax,Mozambique,10.13,504.5,0.622
2023-06-26,Supramax,Mozambique,10.17,491.3,0.653
2023-06-27,Supramax,Mozambique,10.12,467.1,0.529
2023-06-28,Supramax,Mozambique,9.71,514.4,0.585
2023-06-29,Supramax,Mozambique,9.31,492.9,0.485
2023-06-30,Supramax,Mozambique,9.56,496.8,0.51
2023-07-01,Supramax,Mozambique,9.62,510.1,0.567
2023-07-02,Supramax,Mozambique,9.36,529.5,0.663
2023-07-03,Supramax,Mozambique,9.56,500.8,0.611
2023-07-04,Supramax,Mozambique,9.83,486.1,0.204
2023-07-05,Supramax,Mozambique,10.33,506.1,0.545
2023-07-06,Supramax,Mozambique,10.42,482.2,0.472
2023-07-07,Supramax,Mozambique,10.25,502.1,0.701
2023-07-08,Supramax,Mozambique,10.23,498.2,0.57
2023-07-09,Supramax,Mozambique,9.81,494.1,0.441
2023-07-10,Supramax,Mozambique,9.9,512.5,0.293
2023-07-11,Supramax,Mozambique,10.22,496.5,0.778
2023-07-12,Supramax,Mozambique,10.47,472.7,0.613
2023-07-13,Supramax,Mozambique,10.72,519.7,0.388
2023-07-14,Supramax,Mozambique,10.98,488.4,0.684
2023-07-15,Supramax,Mozambique,10.81,497.1,0.285
2023-07-16,Supramax,Mozambique,10.64,519.6,0.651
2023-07-17,Supramax,Mozambique,10.64,541.4,0.41
2023-07-18,Supramax,Mozambique,10.75,528.1,0.461
2023-07-19,Supramax,Mozambique,10.66,508.4,0.559
2023-07-20,Supramax,Mozambique,10.57,521.2,0.141
2023-07-21,Supramax,Mozambique,10.52,481.6,0.566
2023-07-22,Supramax,Mozambique,10.04,510.3,0.936
2023-07-23,Supramax,Mozambique,10.61,515.2,0.587
2023-07-24,Supramax,Mozambique,10.95,510.6,0.499
2023-07-25,Supramax,Mozambique,10.53,507.0,0.691
2023-07-26,Supramax,Mozambique,10.22,514.5,0.494
2023-07-27,Supramax,Mozambique,10.14,479.0,0.293
2023-07-28,Supramax,Mozambique,10.28,511.1,0.452
2023-07-29,Supramax,Mozambique,10.84,502.2,0.686
2023-07-30,Supramax,Mozambique,10.86,516.6,0.49
2023-07-31,Supramax,Mozambique,11.52,503.0,0.53
2023-08-01,Supramax,Mozambique,11.87,478.6,0.398
2023-08-02,Supramax,Mozambique,11.56,533.0,0.559
2023-08-03,Supramax,Mozambique,11.76,519.6,0.638
2023-08-04,Supramax,Mozambique,11.98,503.3,0.277
2023-08-05,Supramax,Mozambique,11.92,483.8,0.429
2023-08-06,Supramax,Mozambique,11.87,513.7,0.275
2023-08-07,Supramax,Mozambique,11.97,522.7,0.451
2023-08-08,Supramax,Mozambique,11.55,514.9,0.322
2023-08-09,Supramax,Mozambique,11.42,515.9,0.643
2023-08-10,Supramax,Mozambique,11.56,501.2,0.338
2023-08-11,Supramax,Mozambique,11.77,503.4,0.636
2023-08-12,Supramax,Mozambique,11.82,487.9,0.49
2023-08-13,Supramax,Mozambique,12.14,504.5,0.435
2023-08-14,Supramax,Mozambique,11.73,499.5,0.489
2023-08-15,Supramax,Mozambique,11.59,509.5,0.284
2023-08-16,Supramax,Mozambique,11.72,513.6,0.576
2023-08-17,Supramax,Mozambique,11.61,517.4,0.484
2023-08-18,Supramax,Mozambique,11.68,508.9,0.452
2023-08-19,Supramax,Mozambique,11.25,520.5,0.557
2023-08-20,Supramax,Mozambique,11.3,478.1,0.323
2023-08-21,Supramax,Mozambique,11.15,510.5,0.409
2023-08-22,Supramax,Mozambique,10.64,506.5,0.366
2023-08-23,Supramax,Mozambique,10.33,497.7,0.523
2023-08-24,Supramax,Mozambique,9.9,504.6,0.522
2023-08-25,Supramax,Mozambique,9.77,499.2,0.578
2023-08-26,Supramax,Mozambique,9.64,503.0,0.42
2023-08-27,Supramax,Mozambique,9.55,516.8,0.257
2023-08-28,Supramax,Mozambique,9.75,503.9,0.85
2023-08-29,Supramax,Mozambique,9.76,504.7,0.315
2023-08-30,Supramax,Mozambique,9.92,488.1,0.489
2023-08-31,Supramax,Mozambique,10.14,486.4,0.448
2023-09-01,Supramax,Mozambique,10.36,526.8,0.445
2023-09-02,Supramax,Mozambique,10.7,511.3,0.551
2023-09-03,Supramax,Mozambique,10.95,529.6,0.425
2023-09-04,Supramax,Mozambique,11.09,528.8,0.368
2023-09-05,Supramax,Mozambique,10.85,503.1,0.511
2023-09-06,Supramax,Mozambique,10.84,483.3,0.403
2023-09-07,Supramax,Mozambique,11.31,530.0,0.475
2023-09-08,Supramax,Mozambique,10.85,527.2,0.505
2023-09-09,Supramax,Mozambique,11.01,499.2,0.312
2023-09-10,Supramax,Mozambique,11.16,525.3,0.498
2023-09-11,Supramax,Mozambique,10.69,536.5,0.661
2023-09-12,Supramax,Mozambique,10.68,516.4,0.255
2023-09-13,Supramax,Mozambique,10.63,500.3,0.533
2023-09-14,Supramax,Mozambique,10.52,530.3,0.295
2023-09-15,Supramax,Mozambique,10.75,485.0,0.26
2023-09-16,Supramax,Mozambique,10.62,530.3,0.571
2023-09-17,Supramax,Mozambique,10.72,525.7,0.425
2023-09-18,Supramax,Mozambique,11.11,501.4,0.367
2023-09-19,Supramax,Mozambique,10.8,517.9,0.252
2023-09-20,Supramax,Mozambique,10.49,520.1,0.415
2023-09-21,Supramax,Mozambique,10.43,499.6,0.372
2023-09-22,Supramax,Mozambique,10.27,499.5,0.147
2023-09-23,Supramax,Mozambique,10.1,509.7,0.265
2023-09-24,Supramax,Mozambique,10.11,500.8,0.364
2023-09-25,Supramax,Mozambique,10.05,501.7,0.366
2023-09-26,Supramax,Mozambique,10.23,490.0,0.437
2023-09-27,Supramax,Mozambique,10.15,515.9,0.781
2023-09-28,Supramax,Mozambique,10.08,527.9,0.451
2023-09-29,Supramax,Mozambique,9.87,494.7,0.312
2023-09-30,Supramax,Mozambique,9.77,520.4,0.559
2023-10-01,Supramax,Mozambique,10.01,481.4,0.468
2023-10-02,Supramax,Mozambique,10.09,523.4,0.403
2023-10-03,Supramax,Mozambique,10.15,513.7,0.46
2023-10-04,Supramax,Mozambique,10.12,498.8,0.459
2023-10-05,Supramax,Mozambique,10.12,512.5,0.482
2023-10-06,Supramax,Mozambique,10.32,501.1,0.448
2023-10-07,Supramax,Mozambique,10.56,514.3,0.259
2023-10-08,Supramax,Mozambique,10.76,510.3,0.74
2023-10-09,Supramax,Mozambique,11.11,521.5,0.229
2023-10-10,Supramax,Mozambique,11.19,518.2,0.148
2023-10-11,Supramax,Mozambique,11.33,501.2,0.653
2023-10-12,Supramax,Mozambique,11.1,509.0,0.077
2023-10-13,Supramax,Mozambique,10.96,485.3,0.311
2023-10-14,Supramax,Mozambique,10.69,501.7,0.583
2023-10-15,Supramax,Mozambique,11.02,503.6,0.325
2023-10-16,Supramax,Mozambique,11.05,496.7,0.308
2023-10-17,Supramax,Mozambique,11.16,502.6,0.258
2023-10-18,Supramax,Mozambique,11.16,504.8,0.557
2023-10-19,Supramax,Mozambique,10.82,502.7,0.19
2023-10-20,Supramax,Mozambique,10.66,528.0,0.678
2023-10-21,Supramax,Mozambique,10.41,533.3,0.394
2023-10-22,Supramax,Mozambique,10.66,486.2,0.27
2023-10-23,Supramax,Mozambique,10.62,499.6,0.53
2023-10-24,Supramax,Mozambique,10.48,509.9,0.623
2023-10-25,Supramax,Mozambique,10.6,486.4,0.515
2023-10-26,Supramax,Mozambique,10.81,510.9,0.194
2023-10-27,Supramax,Mozambique,10.73,526.0,0.282
2023-10-28,Supramax,Mozambique,10.73,508.5,0.562
2023-10-29,Supramax,Mozambique,10.41,496.7,0.275
2023-10-30,Supramax,Mozambique,10.43,518.7,0.338
2023-10-31,Supramax,Mozambique,10.12,509.9,0.479
2023-11-01,Supramax,Mozambique,10.18,479.3,0.363
2023-11-02,Supramax,Mozambique,10.17,523.8,0.579
2023-11-03,Supramax,Mozambique,10.43,479.4,0.389
2023-11-04,Supramax,Mozambique,10.71,499.8,0.344
2023-11-05,Supramax,Mozambique,10.93,529.5,0.17
2023-11-06,Supramax,Mozambique,11.44,527.3,0.474
2023-11-07,Supramax,Mozambique,11.79,488.8,0.083
2023-11-08,Supramax,Mozambique,11.42,504.4,0.339
2023-11-09,Supramax,Mozambique,11.38,500.9,0.582
2023-11-10,Supramax,Mozambique,11.57,512.4,0.336
2023-11-11,Supramax,Mozambique,11.26,467.4,0.515
2023-11-12,Supramax,Mozambique,11.29,517.9,0.582
2023-11-13,Supramax,Mozambique,11.2,506.7,0.244
2023-11-14,Supramax,Mozambique,11.29,515.0,0.343
2023-11-15,Supramax,Mozambique,11.38,500.2,0.373
2023-11-16,Supramax,Mozambique,11.36,508.6,0.184
2023-11-17,Supramax,Mozambique,11.37,533.4,0.337
2023-11-18,Supramax,Mozambique,11.47,524.1,0.218
2023-11-19,Supramax,Mozambique,11.03,481.8,0.258
2023-11-20,Supramax,Mozambique,11.48,497.6,0.474
2023-11-21,Supramax,Mozambique,11.25,505.9,0.36
2023-11-22,Supramax,Mozambique,11.27,510.9,0.12
2023-11-23,Supramax,Mozambique,11.15,494.0,0.388
2023-11-24,Supramax,Mozambique,11.29,505.7,0.686
2023-11-25,Supramax,Mozambique,10.84,499.9,0.396
2023-11-26,Supramax,Mozambique,10.89,514.6,0.0
2023-11-27,Supramax,Mozambique,10.85,560.7,0.463
2023-11-28,Supramax,Mozambique,10.84,489.0,0.375
2023-11-29,Supramax,Mozambique,10.82,535.3,0.214
2023-11-30,Supramax,Mozambique,10.89,512.1,0.545
2023-12-01,Supramax,Mozambique,11.34,532.4,0.16
2023-12-02,Supramax,Mozambique,11.57,507.5,0.329
2023-12-03,Supramax,Mozambique,11.36,503.5,0.527
2023-12-04,Supramax,Mozambique,11.35,496.6,0.28
2023-12-05,Supramax,Mozambique,11.25,490.0,0.209
2023-12-06,Supramax,Mozambique,11.22,489.9,0.501
2023-12-07,Supramax,Mozambique,11.23,518.3,0.181
2023-12-08,Supramax,Mozambique,11.1,527.8,0.46
2023-12-09,Supramax,Mozambique,11.94,508.9,0.311
2023-12-10,Supramax,Mozambique,12.21,518.3,0.293
2023-12-11,Supramax,Mozambique,12.49,485.7,0.563
2023-12-12,Supramax,Mozambique,12.36,500.1,0.421
2023-12-13,Supramax,Mozambique,12.64,525.4,0.398
2023-12-14,Supramax,Mozambique,12.89,510.8,0.531
2023-12-15,Supramax,Mozambique,12.42,513.0,0.378
2023-12-16,Supramax,Mozambique,12.48,493.9,0.418
2023-12-17,Supramax,Mozambique,12.48,488.5,0.262
2023-12-18,Supramax,Mozambique,12.61,489.4,0.618
2023-12-19,Supramax,Mozambique,12.18,477.1,0.342
2023-12-20,Supramax,Mozambique,12.36,491.2,0.583
2023-12-21,Supramax,Mozambique,12.35,519.6,0.16
2023-12-22,Supramax,Mozambique,12.09,531.2,0.145
2023-12-23,Supramax,Mozambique,12.36,513.0,0.0
2023-12-24,Supramax,Mozambique,12.54,513.8,0.366
2023-12-25,Supramax,Mozambique,12.34,487.3,0.242
2023-12-26,Supramax,Mozambique,12.02,502.4,0.4
2023-12-27,Supramax,Mozambique,12.35,531.4,0.334
2023-12-28,Supramax,Mozambique,12.64,489.4,0.384
2023-12-29,Supramax,Mozambique,12.58,491.1,0.57
2023-12-30,Supramax,Mozambique,12.42,496.7,0.0
2023-12-31,Supramax,Mozambique,12.47,495.7,0.114
2024-01-01,Supramax,Mozambique,12.19,477.0,0.274
2024-01-02,Supramax,Mozambique,12.13,535.8,0.312
2024-01-03,Supramax,Mozambique,12.06,492.7,0.348
2024-01-04,Supramax,Mozambique,12.48,486.2,0.2
2024-01-05,Supramax,Mozambique,12.8,485.2,0.377
2024-01-06,Supramax,Mozambique,12.73,520.2,0.526
2024-01-07,Supramax,Mozambique,12.95,503.7,0.21
2024-01-08,Supramax,Mozambique,12.91,504.1,0.545
2024-01-09,Supramax,Mozambique,13.03,535.9,0.165
2024-01-10,Supramax,Mozambique,13.22,492.2,0.131
2024-01-11,Supramax,Mozambique,13.09,505.4,0.215
2024-01-12,Supramax,Mozambique,12.2,485.6,0.141
2024-01-13,Supramax,Mozambique,12.12,503.8,0.413
2024-01-14,Supramax,Mozambique,11.96,520.9,0.138
2024-01-15,Supramax,Mozambique,11.7,493.0,0.211
2024-01-16,Supramax,Mozambique,11.68,524.8,0.163
2024-01-17,Supramax,Mozambique,11.28,503.8,0.308
2024-01-18,Supramax,Mozambique,11.51,528.1,0.0
2024-01-19,Supramax,Mozambique,11.83,497.3,0.453
2024-01-20,Supramax,Mozambique,12.09,500.4,0.225
2024-01-21,Supramax,Mozambique,11.96,520.4,0.261
2024-01-22,Supramax,Mozambique,12.25,464.7,0.143
2024-01-23,Supramax,Mozambique,12.5,492.6,0.566
2024-01-24,Supramax,Mozambique,12.15,481.9,0.136
2024-01-25,Supramax,Mozambique,12.14,510.8,0.538
2024-01-26,Supramax,Mozambique,11.72,485.7,0.177
2024-01-27,Supramax,Mozambique,11.56,499.3,0.663
2024-01-28,Supramax,Mozambique,11.79,487.2,0.262
2024-01-29,Supramax,Mozambique,11.49,480.7,0.313
2024-01-30,Supramax,Mozambique,11.47,495.0,0.126
2024-01-31,Supramax,Mozambique,11.47,526.7,0.392
2024-02-01,Supramax,Mozambique,11.58,500.7,0.179
2024-02-02,Supramax,Mozambique,11.54,505.1,0.394
2024-02-03,Supramax,Mozambique,11.65,485.3,0.127
2024-02-04,Supramax,Mozambique,12.06,493.3,0.056
2024-02-05,Supramax,Mozambique,12.29,495.0,0.209
2024-02-06,Supramax,Mozambique,12.3,479.3,0.266
2024-02-07,Supramax,Mozambique,11.92,484.8,0.062
2024-02-08,Supramax,Mozambique,11.72,498.6,0.133
2024-02-09,Supramax,Mozambique,11.94,501.0,0.014
2024-02-10,Supramax,Mozambique,12.07,493.8,0.034
2024-02-11,Supramax,Mozambique,12.41,477.0,0.592
2024-02-12,Supramax,Mozambique,12.31,499.4,0.182
2024-02-13,Supramax,Mozambique,12.11,477.2,0.074
2024-02-14,Supramax,Mozambique,12.3,485.4,0.101
2024-02-15,Supramax,Mozambique,12.08,496.5,0.096
2024-02-16,Supramax,Mozambique,11.81,487.1,0.048
2024-02-17,Supramax,Mozambique,11.52,511.1,0.136
2024-02-18,Supramax,Mozambique,11.32,488.8,0.377
2024-02-19,Supramax,Mozambique,11.35,503.3,0.469
2024-02-20,Supramax,Mozambique,11.53,485.5,0.053
2024-02-21,Supramax,Mozambique,11.94,494.6,0.341
2024-02-22,Supramax,Mozambique,11.88,527.3,0.428
2024-02-23,Supramax,Mozambique,12.26,520.4,0.332
2024-02-24,Supramax,Mozambique,12.11,537.7,0.273
2024-02-25,Supramax,Mozambique,11.99,506.6,0.217
2024-02-26,Supramax,Mozambique,12.09,485.3,0.376
2024-02-27,Supramax,Mozambique,12.09,487.7,0.175
2024-02-28,Supramax,Mozambique,11.82,478.2,0.092
2024-02-29,Supramax,Mozambique,11.29,472.8,0.335
2024-03-01,Supramax,Mozambique,11.08,486.7,0.262
2024-03-02,Supramax,Mozambique,10.94,483.0,0.104
2024-03-03,Supramax,Mozambique,11.01,484.2,0.234
2024-03-04,Supramax,Mozambique,11.22,494.7,0.37
2024-03-05,Supramax,Mozambique,11.31,494.3,0.093
2024-03-06,Supramax,Mozambique,11.47,489.3,0.335
2024-03-07,Supramax,Mozambique,11.25,491.5,0.099
2024-03-08,Supramax,Mozambique,11.16,483.7,0.263
2024-03-09,Supramax,Mozambique,11.38,477.4,0.209
2024-03-10,Supramax,Mozambique,11.31,522.6,0.375
2024-03-11,Supramax,Mozambique,11.09,477.3,0.131
2024-03-12,Supramax,Mozambique,11.66,477.4,0.497
2024-03-13,Supramax,Mozambique,11.55,502.8,0.325
2024-03-14,Supramax,Mozambique,11.6,493.9,0.408
2024-03-15,Supramax,Mozambique,11.99,490.8,0.23
2024-03-16,Supramax,Mozambique,12.17,487.8,0.414
2024-03-17,Supramax,Mozambique,11.78,509.4,0.439
2024-03-18,Supramax,Mozambique,11.59,478.7,0.437
2024-03-19,Supramax,Mozambique,11.71,504.5,0.234
2024-03-20,Supramax,Mozambique,11.87,472.6,0.103
2024-03-21,Supramax,Mozambique,11.68,476.4,0.092
2024-03-22,Supramax,Mozambique,11.91,484.0,0.323
2024-03-23,Supramax,Mozambique,11.66,485.3,0.079
2024-03-24,Supramax,Mozambique,11.82,476.0,0.258
2024-03-25,Supramax,Mozambique,12.05,472.0,0.192
2024-03-26,Supramax,Mozambique,11.77,471.1,0.135
2024-03-27,Supramax,Mozambique,11.75,484.1,0.024
2024-03-28,Supramax,Mozambique,11.93,471.6,0.226
2024-03-29,Supramax,Mozambique,12.15,468.6,0.311
2024-03-30,Supramax,Mozambique,12.01,472.1,0.196
2024-03-31,Supramax,Mozambique,12.25,461.7,0.471
2024-04-01,Supramax,Mozambique,11.75,501.1,0.299
2024-04-02,Supramax,Mozambique,11.38,482.5,0.361
2024-04-03,Supramax,Mozambique,11.33,506.9,0.149
2024-04-04,Supramax,Mozambique,11.16,490.6,0.175
2024-04-05,Supramax,Mozambique,11.12,484.8,0.376
2024-04-06,Supramax,Mozambique,11.21,492.4,0.434
2024-04-07,Supramax,Mozambique,11.61,461.4,0.264
2024-04-08,Supramax,Mozambique,12.03,474.0,0.412
2024-04-09,Supramax,Mozambique,12.08,472.6,0.373
2024-04-10,Supramax,Mozambique,11.87,475.9,0.209
2024-04-11,Supramax,Mozambique,11.88,511.6,0.096
2024-04-12,Supramax,Mozambique,12.23,478.8,0.448
2024-04-13,Supramax,Mozambique,12.19,483.7,0.16
2024-04-14,Supramax,Mozambique,11.82,465.2,0.255
2024-04-15,Supramax,Mozambique,11.64,482.3,0.32
2024-04-16,Supramax,Mozambique,11.81,490.8,0.149
2024-04-17,Supramax,Mozambique,11.79,497.4,0.06
2024-04-18,Supramax,Mozambique,11.75,473.4,0.434
2024-04-19,Supramax,Mozambique,11.81,482.0,0.216
2024-04-20,Supramax,Mozambique,12.34,472.4,0.267
2024-04-21,Supramax,Mozambique,12.23,470.7,0.197
2024-04-22,Supramax,Mozambique,12.3,465.2,0.183
2024-04-23,Supramax,Mozambique,12.12,479.4,0.443
2024-04-24,Supramax,Mozambique,11.91,500.8,0.0
2024-04-25,Supramax,Mozambique,11.98,496.1,0.469
2024-04-26,Supramax,Mozambique,11.92,484.4,0.303
2024-04-27,Supramax,Mozambique,12.08,475.1,0.0
2024-04-28,Supramax,Mozambique,11.77,493.0,0.592
2024-04-29,Supramax,Mozambique,11.89,473.9,0.577
2024-04-30,Supramax,Mozambique,11.84,484.9,0.168
2024-05-01,Supramax,Mozambique,12.07,478.8,0.351
2024-05-02,Supramax,Mozambique,12.18,471.8,0.0
2024-05-03,Supramax,Mozambique,12.33,448.6,0.244
2024-05-04,Supramax,Mozambique,11.94,461.4,0.27
2024-05-05,Supramax,Mozambique,11.87,492.9,0.074
2024-05-06,Supramax,Mozambique,11.69,487.2,0.464
2024-05-07,Supramax,Mozambique,12.05,468.2,0.432
2024-05-08,Supramax,Mozambique,12.15,487.8,0.29
2024-05-09,Supramax,Mozambique,12.3,475.0,0.422
2024-05-10,Supramax,Mozambique,12.33,478.0,0.086
2024-05-11,Supramax,Mozambique,12.17,486.0,0.722
2024-05-12,Supramax,Mozambique,12.37,467.9,0.425
2024-05-13,Supramax,Mozambique,12.29,443.1,0.262
2024-05-14,Supramax,Mozambique,12.45,474.1,0.429
2024-05-15,Supramax,Mozambique,12.52,458.2,0.2
2024-05-16,Supramax,Mozambique,12.39,455.5,0.377
2024-05-17,Supramax,Mozambique,12.81,453.2,0.217
2024-05-18,Supramax,Mozambique,12.49,475.6,0.105
2024-05-19,Supramax,Mozambique,12.34,447.5,0.525
2024-05-20,Supramax,Mozambique,12.26,447.7,0.221
2024-05-21,Supramax,Mozambique,12.07,468.9,0.558
2024-05-22,Supramax,Mozambique,12.26,478.0,0.332
2024-05-23,Supramax,Mozambique,12.41,487.5,0.225
2024-05-24,Supramax,Mozambique,12.41,461.0,0.19
2024-05-25,Supramax,Mozambique,12.02,474.8,0.212
2024-05-26,Supramax,Mozambique,12.16,459.5,0.103
2024-05-27,Supramax,Mozambique,12.22,438.1,0.119
2024-05-28,Supramax,Mozambique,11.82,440.1,0.241
2024-05-29,Supramax,Mozambique,12.25,440.2,0.217
2024-05-30,Supramax,Mozambique,12.0,473.8,0.53
2024-05-31,Supramax,Mozambique,12.07,454.5,0.32
2024-06-01,Supramax,Mozambique,12.05,441.4,0.372
2024-06-02,Supramax,Mozambique,11.75,439.3,0.192
2024-06-03,Supramax,Mozambique,11.01,467.4,0.472
2024-06-04,Supramax,Mozambique,10.08,483.0,0.344
2024-06-05,Supramax,Mozambique,10.56,452.8,0.425
2024-06-06,Supramax,Mozambique,10.65,485.2,0.471
2024-06-07,Supramax,Mozambique,10.3,479.6,0.294
2024-06-08,Supramax,Mozambique,10.29,469.5,0.35
2024-06-09,Supramax,Mozambique,10.17,466.7,0.223
2024-06-10,Supramax,Mozambique,9.68,468.2,0.374
2024-06-11,Supramax,Mozambique,10.09,476.6,0.489
2024-06-12,Supramax,Mozambique,10.17,460.2,0.29
2024-06-13,Supramax,Mozambique,10.13,452.2,0.43
2024-06-14,Supramax,Mozambique,9.89,441.1,0.208
2024-06-15,Supramax,Mozambique,9.64,460.0,0.343
2024-06-16,Supramax,Mozambique,10.51,455.0,0.076
2024-06-17,Supramax,Mozambique,10.98,456.8,0.53
2024-06-18,Supramax,Mozambique,10.85,483.8,0.308
2024-06-19,Supramax,Mozambique,11.53,448.8,0.159
2024-06-20,Supramax,Mozambique,12.15,481.6,0.429
2024-06-21,Supramax,Mozambique,12.66,442.3,0.402
2024-06-22,Supramax,Mozambique,12.41,442.2,0.242
2024-06-23,Supramax,Mozambique,12.52,455.2,0.218
2024-06-24,Supramax,Mozambique,13.03,432.3,0.368
2024-06-25,Supramax,Mozambique,12.7,463.4,0.453
2024-06-26,Supramax,Mozambique,12.97,440.2,0.512
2024-06-27,Supramax,Mozambique,12.84,467.1,0.279
2024-06-28,Supramax,Mozambique,11.89,456.9,0.108
2024-06-29,Supramax,Mozambique,10.68,426.4,0.567
2024-06-30,Supramax,Mozambique,10.91,434.9,0.581
2024-07-01,Supramax,Mozambique,10.8,442.9,0.394
2024-07-02,Supramax,Mozambique,10.23,478.8,0.376
2024-07-03,Supramax,Mozambique,9.94,445.1,0.392
2024-07-04,Supramax,Mozambique,10.02,465.3,0.677
2024-07-05,Supramax,Mozambique,10.42,443.9,0.346
2024-07-06,Supramax,Mozambique,9.62,458.3,0.402
2024-07-07,Supramax,Mozambique,8.91,435.3,0.455
2024-07-08,Supramax,Mozambique,8.96,437.5,0.399
2024-07-09,Supramax,Mozambique,8.41,460.7,0.408
2024-07-10,Supramax,Mozambique,7.67,432.5,0.376
2024-07-11,Supramax,Mozambique,7.81,449.7,0.633
2024-07-12,Supramax,Mozambique,7.42,463.6,0.436
2024-07-13,Supramax,Mozambique,7.97,463.7,0.161
2024-07-14,Supramax,Mozambique,8.03,431.6,0.552
2024-07-15,Supramax,Mozambique,7.5,451.5,0.433
2024-07-16,Supramax,Mozambique,7.72,439.3,0.326
2024-07-17,Supramax,Mozambique,7.05,436.5,0.477
2024-07-18,Supramax,Mozambique,6.96,433.6,0.338
2024-07-19,Supramax,Mozambique,7.49,439.2,0.623
2024-07-20,Supramax,Mozambique,7.49,442.9,0.161
2024-07-21,Supramax,Mozambique,7.57,443.7,0.199
2024-07-22,Supramax,Mozambique,7.85,453.1,0.527
2024-07-23,Supramax,Mozambique,7.82,445.1,0.0
2024-07-24,Supramax,Mozambique,7.39,416.4,0.423
2024-07-25,Supramax,Mozambique,7.66,442.3,0.355
2024-07-26,Supramax,Mozambique,7.21,441.2,0.762
2024-07-27,Supramax,Mozambique,6.26,435.4,0.502
2024-07-28,Supramax,Mozambique,6.84,432.5,0.192
2024-07-29,Supramax,Mozambique,6.99,455.7,0.118
2024-07-30,Supramax,Mozambique,6.1,432.3,0.455
2024-07-31,Supramax,Mozambique,6.33,452.2,0.57
2024-08-01,Supramax,Mozambique,6.62,474.0,0.817
2024-08-02,Supramax,Mozambique,7.1,405.6,0.651
2024-08-03,Supramax,Mozambique,7.12,455.1,0.545
2024-08-04,Supramax,Mozambique,6.75,438.2,0.501
2024-08-05,Supramax,Mozambique,7.45,425.2,0.372
2024-08-06,Supramax,Mozambique,7.86,433.0,0.225
2024-08-07,Supramax,Mozambique,8.56,461.0,0.305
2024-08-08,Supramax,Mozambique,9.53,431.7,0.403
2024-08-09,Supramax,Mozambique,9.68,438.0,0.145
2024-08-10,Supramax,Mozambique,10.21,441.8,0.116
2024-08-11,Supramax,Mozambique,10.61,451.8,0.027
2024-08-12,Supramax,Mozambique,10.78,447.9,0.179
2024-08-13,Supramax,Mozambique,11.19,449.7,0.387
2024-08-14,Supramax,Mozambique,11.15,441.9,0.505
2024-08-15,Supramax,Mozambique,11.49,440.5,0.667
2024-08-16,Supramax,Mozambique,11.07,443.6,0.415
2024-08-17,Supramax,Mozambique,11.87,464.4,0.614
2024-08-18,Supramax,Mozambique,11.96,462.9,0.378
2024-08-19,Supramax,Mozambique,12.22,434.7,0.637
2024-08-20,Supramax,Mozambique,12.18,462.7,0.434
2024-08-21,Supramax,Mozambique,12.22,435.8,0.593
2024-08-22,Supramax,Mozambique,11.76,426.0,0.623
2024-08-23,Supramax,Mozambique,11.77,468.7,0.635
2024-08-24,Supramax,Mozambique,11.8,452.0,0.361
2024-08-25,Supramax,Mozambique,12.26,434.1,0.438
2024-08-26,Supramax,Mozambique,12.44,419.1,0.529
2024-08-27,Supramax,Mozambique,12.55,424.3,0.421
2024-08-28,Supramax,Mozambique,12.22,453.6,0.378
2024-08-29,Supramax,Mozambique,12.09,422.7,0.231
2024-08-30,Supramax,Mozambique,12.2,434.3,0.539
2024-08-31,Supramax,Mozambique,12.07,440.4,0.556
2024-09-01,Supramax,Mozambique,11.27,436.9,0.321
2024-09-02,Supramax,Mozambique,10.95,431.0,0.328
2024-09-03,Supramax,Mozambique,11.08,448.4,0.345
2024-09-04,Supramax,Mozambique,10.74,441.3,0.474
2024-09-05,Supramax,Mozambique,11.55,434.4,0.559
2024-09-06,Supramax,Mozambique,11.44,433.2,0.442
2024-09-07,Supramax,Mozambique,11.64,453.2,0.148
2024-09-08,Supramax,Mozambique,11.88,437.8,0.153
2024-09-09,Supramax,Mozambique,11.95,423.7,0.292
2024-09-10,Supramax,Mozambique,11.96,455.3,0.526
2024-09-11,Supramax,Mozambique,12.19,407.9,0.483
2024-09-12,Supramax,Mozambique,12.54,405.2,0.524
2024-09-13,Supramax,Mozambique,11.84,432.6,0.509
2024-09-14,Supramax,Mozambique,11.58,397.2,0.559
2024-09-15,Supramax,Mozambique,11.25,425.9,0.647
2024-09-16,Supramax,Mozambique,10.74,423.9,0.473
2024-09-17,Supramax,Mozambique,10.63,420.7,0.548
2024-09-18,Supramax,Mozambique,11.07,442.5,0.495
2024-09-19,Supramax,Mozambique,10.75,428.2,0.448
2024-09-20,Supramax,Mozambique,10.25,434.0,0.36
2024-09-21,Supramax,Mozambique,10.4,416.4,0.57
2024-09-22,Supramax,Mozambique,10.15,424.0,0.607
2024-09-23,Supramax,Mozambique,10.11,420.5,0.543
2024-09-24,Supramax,Mozambique,9.98,392.7,0.441
2024-09-25,Supramax,Mozambique,11.0,435.1,0.268
2024-09-26,Supramax,Mozambique,11.03,437.8,0.401
2024-09-27,Supramax,Mozambique,10.47,407.2,0.556
2024-09-28,Supramax,Mozambique,10.56,442.4,0.72
2024-09-29,Supramax,Mozambique,10.54,415.6,0.613
2024-09-30,Supramax,Mozambique,9.71,439.8,0.612
2024-10-01,Supramax,Mozambique,9.93,409.3,0.517
2024-10-02,Supramax,Mozambique,10.02,437.4,0.482
2024-10-03,Supramax,Mozambique,10.24,414.9,0.488
2024-10-04,Supramax,Mozambique,9.38,411.9,0.62
2024-10-05,Supramax,Mozambique,9.78,440.4,0.428
2024-10-06,Supramax,Mozambique,9.36,397.8,0.552
2024-10-07,Supramax,Mozambique,9.72,422.4,0.486
2024-10-08,Supramax,Mozambique,10.04,438.7,0.611
2024-10-09,Supramax,Mozambique,10.43,419.6,0.213
2024-10-10,Supramax,Mozambique,9.83,425.7,0.461
2024-10-11,Supramax,Mozambique,9.78,420.9,0.423
2024-10-12,Supramax,Mozambique,9.56,419.9,0.476
2024-10-13,Supramax,Mozambique,9.48,433.0,0.652
2024-10-14,Supramax,Mozambique,10.08,428.2,0.502
2024-10-15,Supramax,Mozambique,10.09,413.7,0.522
2024-10-16,Supramax,Mozambique,10.29,432.8,0.671
2024-10-17,Supramax,Mozambique,10.03,426.4,0.497
2024-10-18,Supramax,Mozambique,9.73,425.6,0.379
2024-10-19,Supramax,Mozambique,9.41,429.0,0.382
2024-10-20,Supramax,Mozambique,9.21,422.6,0.953
2024-10-21,Supramax,Mozambique,9.44,416.1,0.55
2024-10-22,Supramax,Mozambique,9.33,410.7,0.395
2024-10-23,Supramax,Mozambique,9.62,434.4,0.658
2024-10-24,Supramax,Mozambique,9.59,437.3,0.261
2024-10-25,Supramax,Mozambique,9.8,416.0,0.543
2024-10-26,Supramax,Mozambique,10.43,423.3,0.732
2024-10-27,Supramax,Mozambique,9.82,419.9,0.523
2024-10-28,Supramax,Mozambique,10.04,426.4,0.653
2024-10-29,Supramax,Mozambique,9.52,407.7,0.504
2024-10-30,Supramax,Mozambique,9.8,434.8,0.673
2024-10-31,Supramax,Mozambique,10.08,418.5,0.387
2024-11-01,Supramax,Mozambique,10.15,416.4,0.489
2024-11-02,Supramax,Mozambique,10.23,417.7,0.444
2024-11-03,Supramax,Mozambique,9.59,401.9,0.585
2024-11-04,Supramax,Mozambique,9.4,415.2,0.68
2024-11-05,Supramax,Mozambique,9.06,416.5,0.657
2024-11-06,Supramax,Mozambique,9.62,420.3,0.392
2024-11-07,Supramax,Mozambique,9.65,443.9,0.591
2024-11-08,Supramax,Mozambique,9.56,405.3,0.585
2024-11-09,Supramax,Mozambique,9.06,416.8,0.725
2024-11-10,Supramax,Mozambique,9.04,399.8,0.515
2024-11-11,Supramax,Mozambique,9.52,398.7,0.437
2024-11-12,Supramax,Mozambique,9.69,420.3,0.601
2024-11-13,Supramax,Mozambique,9.94,410.7,0.393
2024-11-14,Supramax,Mozambique,9.9,415.6,0.275
2024-11-15,Supramax,Mozambique,9.4,421.0,0.568
2024-11-16,Supramax,Mozambique,9.39,414.2,0.848
2024-11-17,Supramax,Mozambique,9.05,414.5,0.495
2024-11-18,Supramax,Mozambique,9.19,434.5,0.33
2024-11-19,Supramax,Mozambique,9.46,422.5,0.765
2024-11-20,Supramax,Mozambique,9.4,422.5,0.54
2024-11-21,Supramax,Mozambique,9.32,437.6,0.775
2024-11-22,Supramax,Mozambique,8.97,429.7,0.56
2024-11-23,Supramax,Mozambique,8.6,394.1,0.383
2024-11-24,Supramax,Mozambique,8.73,418.5,0.58
2024-11-25,Supramax,Mozambique,8.62,425.5,0.455
2024-11-26,Supramax,Mozambique,8.81,413.2,0.566
2024-11-27,Supramax,Mozambique,9.11,396.0,0.565
2024-11-28,Supramax,Mozambique,9.11,398.2,0.729
2024-11-29,Supramax,Mozambique,9.09,379.5,0.286
2024-11-30,Supramax,Mozambique,9.4,381.6,0.493
2024-12-01,Supramax,Mozambique,9.67,415.0,0.584
2024-12-02,Supramax,Mozambique,9.77,397.5,0.446
2024-12-03,Supramax,Mozambique,9.97,422.4,0.315
2024-12-04,Supramax,Mozambique,10.08,407.1,0.565
2024-12-05,Supramax,Mozambique,10.31,400.2,0.77
2024-12-06,Supramax,Mozambique,10.34,422.8,0.894
2024-12-07,Supramax,Mozambique,10.43,432.3,0.674
2024-12-08,Supramax,Mozambique,10.04,411.2,0.493
2024-12-09,Supramax,Mozambique,10.13,415.0,0.415
2024-12-10,Supramax,Mozambique,10.36,415.6,0.547
2024-12-11,Supramax,Mozambique,10.33,418.7,0.643
2024-12-12,Supramax,Mozambique,10.17,392.4,0.626
2024-12-13,Supramax,Mozambique,10.29,409.1,0.671
2024-12-14,Supramax,Mozambique,10.66,402.2,0.699
2024-12-15,Supramax,Mozambique,10.65,388.2,0.503
2024-12-16,Supramax,Mozambique,10.57,385.4,0.265
2024-12-17,Supramax,Mozambique,10.62,445.5,0.447
2024-12-18,Supramax,Mozambique,10.69,415.3,0.746
2024-12-19,Supramax,Mozambique,10.63,409.2,0.563
2024-12-20,Supramax,Mozambique,11.15,395.4,0.508
2024-12-21,Supramax,Mozambique,11.32,401.2,0.433
2024-12-22,Supramax,Mozambique,11.42,384.4,0.41
2024-12-23,Supramax,Mozambique,11.68,424.1,0.18
2024-12-24,Supramax,Mozambique,11.12,403.4,0.389
2024-12-25,Supramax,Mozambique,11.07,406.7,0.426
2024-12-26,Supramax,Mozambique,10.8,393.1,0.719
2024-12-27,Supramax,Mozambique,11.22,423.5,0.673
2024-12-28,Supramax,Mozambique,11.18,392.2,0.646
2024-12-29,Supramax,Mozambique,11.16,420.5,0.474
2024-12-30,Supramax,Mozambique,11.06,414.5,0.497
2024-12-31,Supramax,Mozambique,10.88,393.0,0.623
2025-01-01,Supramax,Mozambique,10.63,425.4,0.566
2025-01-02,Supramax,Mozambique,10.68,417.8,0.424
2025-01-03,Supramax,Mozambique,10.93,411.0,0.497
2025-01-04,Supramax,Mozambique,11.14,416.8,0.64
2025-01-05,Supramax,Mozambique,11.64,403.6,0.67
2025-01-06,Supramax,Mozambique,11.62,406.0,0.667
2025-01-07,Supramax,Mozambique,11.39,399.5,0.46
2025-01-08,Supramax,Mozambique,11.37,384.3,0.488
2025-01-09,Supramax,Mozambique,11.62,405.1,0.381
2025-01-10,Supramax,Mozambique,11.41,395.1,0.754
2025-01-11,Supramax,Mozambique,11.22,394.6,0.535
2025-01-12,Supramax,Mozambique,11.42,388.8,0.439
2025-01-13,Supramax,Mozambique,11.31,398.8,0.261
2025-01-14,Supramax,Mozambique,11.48,411.0,0.723
2025-01-15,Supramax,Mozambique,11.55,409.4,0.443
2025-01-16,Supramax,Mozambique,11.73,436.0,0.803
2025-01-17,Supramax,Mozambique,11.9,415.5,0.515
2025-01-18,Supramax,Mozambique,11.84,389.9,0.536
2025-01-19,Supramax,Mozambique,11.85,389.3,0.735
2025-01-20,Supramax,Mozambique,11.42,421.4,0.466
2025-01-21,Supramax,Mozambique,11.61,400.6,0.367
2025-01-22,Supramax,Mozambique,11.79,391.8,0.246
2025-01-23,Supramax,Mozambique,11.58,399.2,0.432
2025-01-24,Supramax,Mozambique,11.89,412.3,0.606
2025-01-25,Supramax,Mozambique,11.69,406.5,0.65
2025-01-26,Supramax,Mozambique,11.76,388.8,0.582
2025-01-27,Supramax,Mozambique,11.73,387.6,0.495
2025-01-28,Supramax,Mozambique,12.11,398.5,0.653
2025-01-29,Supramax,Mozambique,12.0,423.0,0.684
2025-01-30,Supramax,Mozambique,12.04,369.5,0.604
2025-01-31,Supramax,Mozambique,11.64,393.7,0.702
2025-02-01,Supramax,Mozambique,11.62,386.0,0.56
2025-02-02,Supramax,Mozambique,11.16,392.5,0.396
2025-02-03,Supramax,Mozambique,11.26,387.4,0.639
2025-02-04,Supramax,Mozambique,11.52,430.5,0.743
2025-02-05,Supramax,Mozambique,11.42,387.0,0.68
2025-02-06,Supramax,Mozambique,11.45,398.7,0.51
2025-02-07,Supramax,Mozambique,11.56,381.2,0.457
2025-02-08,Supramax,Mozambique,11.67,393.6,0.435
2025-02-09,Supramax,Mozambique,11.37,387.6,0.571
2025-02-10,Supramax,Mozambique,11.2,397.0,0.432
2025-02-11,Supramax,Mozambique,11.42,379.7,0.578
2025-02-12,Supramax,Mozambique,11.36,389.5,0.513
2025-02-13,Supramax,Mozambique,11.37,395.5,0.855
2025-02-14,Supramax,Mozambique,11.64,402.1,0.527
2025-02-15,Supramax,Mozambique,11.78,393.9,0.491
2025-02-16,Supramax,Mozambique,12.35,411.4,0.268
2025-02-17,Supramax,Mozambique,12.6,359.2,0.537
2025-02-18,Supramax,Mozambique,12.53,370.4,0.402
2025-02-19,Supramax,Mozambique,12.41,404.0,0.399
2025-02-20,Supramax,Mozambique,12.86,394.2,0.579
2025-02-21,Supramax,Mozambique,13.06,378.6,0.439
2025-02-22,Supramax,Mozambique,13.23,404.9,0.648
2025-02-23,Supramax,Mozambique,13.04,396.7,0.361
2025-02-24,Supramax,Mozambique,13.0,400.5,0.701
2025-02-25,Supramax,Mozambique,12.97,365.0,0.365
2025-02-26,Supramax,Mozambique,13.11,392.7,0.506
2025-02-27,Supramax,Mozambique,13.27,402.1,0.643
2025-02-28,Supramax,Mozambique,12.9,371.0,0.441
2025-03-01,Supramax,Mozambique,12.94,391.8,0.602
2025-03-02,Supramax,Mozambique,12.51,389.9,0.573
2025-03-03,Supramax,Mozambique,12.61,386.5,0.35
2025-03-04,Supramax,Mozambique,12.23,384.8,0.37
2025-03-05,Supramax,Mozambique,12.15,386.6,0.35
2025-03-06,Supramax,Mozambique,12.46,379.3,0.411
2025-03-07,Supramax,Mozambique,12.75,404.8,0.296
2025-03-08,Supramax,Mozambique,12.67,393.5,0.552
2025-03-09,Supramax,Mozambique,12.7,395.2,0.554
2025-03-10,Supramax,Mozambique,12.63,387.8,0.59
2025-03-11,Supramax,Mozambique,13.0,398.5,0.44
2025-03-12,Supramax,Mozambique,12.94,390.7,0.53
2025-03-13,Supramax,Mozambique,12.88,398.5,0.279
2025-03-14,Supramax,Mozambique,12.79,387.1,0.531
2025-03-15,Supramax,Mozambique,12.81,416.7,0.43
2025-03-16,Supramax,Mozambique,12.74,421.2,0.758
2025-03-17,Supramax,Mozambique,12.52,366.7,0.579
2025-03-18,Supramax,Mozambique,13.01,395.8,0.17
2025-03-19,Supramax,Mozambique,12.93,393.2,0.799
2025-03-20,Supramax,Mozambique,12.92,375.7,0.556
2025-03-21,Supramax,Mozambique,12.83,404.0,0.431
2025-03-22,Supramax,Mozambique,13.22,375.1,0.559
2025-03-23,Supramax,Mozambique,12.7,388.3,0.247
2025-03-24,Supramax,Mozambique,13.07,378.9,0.405
2025-03-25,Supramax,Mozambique,13.27,396.7,0.283
2025-03-26,Supramax,Mozambique,12.92,406.8,0.267
2025-03-27,Supramax,Mozambique,12.73,383.7,0.316
2025-03-28,Supramax,Mozambique,12.5,390.6,0.441
2025-03-29,Supramax,Mozambique,12.65,382.7,0.295
2025-03-30,Supramax,Mozambique,12.68,375.5,0.612
2025-03-31,Supramax,Mozambique,13.05,398.0,0.302
2025-04-01,Supramax,Mozambique,12.96,382.1,0.21
2025-04-02,Supramax,Mozambique,12.88,379.9,0.496
2025-04-03,Supramax,Mozambique,12.56,381.3,0.155
2025-04-04,Supramax,Mozambique,11.97,395.4,0.4
2025-04-05,Supramax,Mozambique,11.59,395.4,0.314
2025-04-06,Supramax,Mozambique,11.87,383.5,0.347
2025-04-07,Supramax,Mozambique,11.88,394.7,0.428
2025-04-08,Supramax,Mozambique,11.59,365.9,0.597
2025-04-09,Supramax,Mozambique,11.77,373.3,0.487
2025-04-10,Supramax,Mozambique,11.19,382.8,0.742
2025-04-11,Supramax,Mozambique,11.04,376.2,0.302
2025-04-12,Supramax,Mozambique,10.93,392.8,0.463
2025-04-13,Supramax,Mozambique,11.13,435.9,0.673
2025-04-14,Supramax,Mozambique,11.14,405.0,0.272
2025-04-15,Supramax,Mozambique,11.49,376.0,0.465
2025-04-16,Supramax,Mozambique,11.48,400.4,0.351
2025-04-17,Supramax,Mozambique,11.86,394.7,0.026
2025-04-18,Supramax,Mozambique,11.84,406.1,0.488
2025-04-19,Supramax,Mozambique,11.63,374.6,0.324
2025-04-20,Supramax,Mozambique,12.21,399.6,0.402
2025-04-21,Supramax,Mozambique,12.45,364.3,0.404
2025-04-22,Supramax,Mozambique,12.68,390.6,0.549
2025-04-23,Supramax,Mozambique,12.57,411.9,0.344
2025-04-24,Supramax,Mozambique,12.28,411.4,0.506
2025-04-25,Supramax,Mozambique,12.42,377.1,0.426
2025-04-26,Supramax,Mozambique,12.38,385.3,0.554
2025-04-27,Supramax,Mozambique,12.1,410.7,0.465
2025-04-28,Supramax,Mozambique,12.01,381.8,0.255
2025-04-29,Supramax,Mozambique,12.42,390.1,0.28
2025-04-30,Supramax,Mozambique,12.31,389.9,0.398
2025-05-01,Supramax,Mozambique,12.42,374.1,0.276
2025-05-02,Supramax,Mozambique,12.43,416.8,0.326
2025-05-03,Supramax,Mozambique,12.4,384.8,0.354
2025-05-04,Supramax,Mozambique,12.17,375.6,0.315
2025-05-05,Supramax,Mozambique,12.46,391.0,0.594
2025-05-06,Supramax,Mozambique,12.61,361.3,0.187
2025-05-07,Supramax,Mozambique,12.38,415.1,0.414
2025-05-08,Supramax,Mozambique,12.53,362.9,0.112
2025-05-09,Supramax,Mozambique,12.37,394.2,0.278
2025-05-10,Supramax,Mozambique,12.45,389.3,0.506
2025-05-11,Supramax,Mozambique,12.38,403.6,0.335
2025-05-12,Supramax,Mozambique,12.11,399.8,0.346
2025-05-13,Supramax,Mozambique,11.96,381.2,0.361
2025-05-14,Supramax,Mozambique,11.73,374.1,0.244
2025-05-15,Supramax,Mozambique,11.65,361.4,0.122
2025-05-16,Supramax,Mozambique,11.51,412.8,0.38
2025-05-17,Supramax,Mozambique,11.3,377.0,0.431
2025-05-18,Supramax,Mozambique,11.66,396.7,0.421
2025-05-19,Supramax,Mozambique,11.63,391.3,0.338
2025-05-20,Supramax,Mozambique,11.81,376.8,0.417
2025-05-21,Supramax,Mozambique,11.51,386.7,0.07
2025-05-22,Supramax,Mozambique,11.95,396.3,0.253
2025-05-23,Supramax,Mozambique,11.73,382.0,0.183
2025-05-24,Supramax,Mozambique,11.83,384.7,0.494
2025-05-25,Supramax,Mozambique,11.87,404.9,0.276
2025-05-26,Supramax,Mozambique,11.82,372.3,0.081
2025-05-27,Supramax,Mozambique,11.72,402.3,0.353
2025-05-28,Supramax,Mozambique,11.4,412.8,0.165
2025-05-29,Supramax,Mozambique,11.59,409.2,0.515
2025-05-30,Supramax,Mozambique,11.87,394.0,0.489
2025-05-31,Supramax,Mozambique,11.94,382.4,0.17
2025-06-01,Supramax,Mozambique,11.89,391.9,0.199
2025-06-02,Supramax,Mozambique,11.73,426.6,0.44
2025-06-03,Supramax,Mozambique,11.83,392.0,0.61
2025-06-04,Supramax,Mozambique,11.96,415.0,0.685
2025-06-05,Supramax,Mozambique,12.15,389.3,0.143
2025-06-06,Supramax,Mozambique,12.13,380.8,0.493
2025-06-07,Supramax,Mozambique,12.35,399.2,0.257
2025-06-08,Supramax,Mozambique,11.68,387.5,0.527
2025-06-09,Supramax,Mozambique,11.53,400.5,0.275
2025-06-10,Supramax,Mozambique,11.73,397.5,0.508
2025-06-11,Supramax,Mozambique,11.67,411.6,0.235
2025-06-12,Supramax,Mozambique,11.73,398.2,0.471
2025-06-13,Supramax,Mozambique,11.74,394.4,0.259
2025-06-14,Supramax,Mozambique,11.5,396.6,0.179
2025-06-15,Supramax,Mozambique,11.48,426.2,0.193
2025-06-16,Supramax,Mozambique,11.29,398.5,0.319
2025-06-17,Supramax,Mozambique,11.37,395.1,0.326
2025-06-18,Supramax,Mozambique,11.1,394.1,0.469
2025-06-19,Supramax,Mozambique,11.09,406.0,0.147
2025-06-20,Supramax,Mozambique,10.61,384.4,0.38
2025-06-21,Supramax,Mozambique,10.76,362.8,0.419
2025-06-22,Supramax,Mozambique,10.81,375.5,0.558
2025-06-23,Supramax,Mozambique,10.8,380.1,0.28
2025-06-24,Supramax,Mozambique,10.86,393.6,0.219
2025-06-25,Supramax,Mozambique,11.07,394.1,0.071
2025-06-26,Supramax,Mozambique,10.68,410.1,0.266
2025-06-27,Supramax,Mozambique,10.42,378.5,0.522
2025-06-28,Supramax,Mozambique,10.38,389.0,0.166
2025-06-29,Supramax,Mozambique,10.5,390.0,0.198
2025-06-30,Supramax,Mozambique,10.51,395.8,0.466
2025-07-01,Supramax,Mozambique,10.49,383.9,0.306
2025-07-02,Supramax,Mozambique,10.21,384.6,0.338
2025-07-03,Supramax,Mozambique,9.9,386.0,0.394
2025-07-04,Supramax,Mozambique,9.67,403.9,0.232
2025-07-05,Supramax,Mozambique,9.72,378.5,0.293
2025-07-06,Supramax,Mozambique,9.85,378.5,0.445
2025-07-07,Supramax,Mozambique,10.02,392.7,0.619
2025-07-08,Supramax,Mozambique,10.04,398.2,0.184
2025-07-09,Supramax,Mozambique,9.9,406.2,0.362
2025-07-10,Supramax,Mozambique,9.55,416.9,0.082
2025-07-11,Supramax,Mozambique,9.74,391.2,0.227
2025-07-12,Supramax,Mozambique,9.42,410.1,0.39
2025-07-13,Supramax,Mozambique,9.44,404.1,0.261
2025-07-14,Supramax,Mozambique,8.96,399.4,0.135
2025-07-15,Supramax,Mozambique,9.08,388.3,0.28
2025-07-16,Supramax,Mozambique,9.4,365.6,0.16
2025-07-17,Supramax,Mozambique,9.14,393.1,0.325
2025-07-18,Supramax,Mozambique,8.93,396.8,0.543
2025-07-19,Supramax,Mozambique,9.07,376.6,0.362
2025-07-20,Supramax,Mozambique,9.49,397.7,0.53
2025-07-21,Supramax,Mozambique,9.32,374.0,0.381
2025-07-22,Supramax,Mozambique,9.26,407.2,0.401
2025-07-23,Supramax,Mozambique,9.33,409.8,0.374
2025-07-24,Supramax,Mozambique,9.5,397.2,0.123
2025-07-25,Supramax,Mozambique,9.58,383.2,0.058
2025-07-26,Supramax,Mozambique,9.46,367.9,0.267
2025-07-27,Supramax,Mozambique,9.55,405.7,0.223
2025-07-28,Supramax,Mozambique,9.33,383.4,0.071
2025-07-29,Supramax,Mozambique,9.19,380.5,0.0
2025-07-30,Supramax,Mozambique,9.01,381.5,0.103
2025-07-31,Supramax,Mozambique,9.22,394.5,0.163
2025-08-01,Supramax,Mozambique,9.71,399.3,0.423
2025-08-02,Supramax,Mozambique,9.52,403.8,0.183
2025-08-03,Supramax,Mozambique,9.78,371.9,0.404
2025-08-04,Supramax,Mozambique,9.89,422.6,0.337
2025-08-05,Supramax,Mozambique,9.32,370.4,0.335
2025-08-06,Supramax,Mozambique,9.45,410.6,0.127
2025-08-07,Supramax,Mozambique,9.38,380.7,0.486
2025-08-08,Supramax,Mozambique,9.09,382.6,0.513
2025-08-09,Supramax,Mozambique,9.1,390.7,0.021
2025-08-10,Supramax,Mozambique,9.12,395.2,0.043
2025-08-11,Supramax,Mozambique,9.16,412.5,0.22
2025-08-12,Supramax,Mozambique,9.4,367.2,0.175
2025-08-13,Supramax,Mozambique,9.71,396.4,0.403
2025-08-14,Supramax,Mozambique,9.4,393.0,0.087
2025-08-15,Supramax,Mozambique,9.38,420.4,0.315
2025-08-16,Supramax,Mozambique,9.33,376.4,0.28
2025-08-17,Supramax,Mozambique,9.2,407.6,0.294
2025-08-18,Supramax,Mozambique,9.35,401.6,0.387
2025-08-19,Supramax,Mozambique,9.24,395.6,0.202
2025-08-20,Supramax,Mozambique,9.31,427.6,0.114
2025-08-21,Supramax,Mozambique,9.22,409.4,0.328
2025-08-22,Supramax,Mozambique,9.31,411.1,0.388
2025-08-23,Supramax,Mozambique,8.96,403.1,0.233
2025-08-24,Supramax,Mozambique,9.08,415.1,0.271
2025-08-25,Supramax,Mozambique,9.44,411.7,0.261
2025-08-26,Supramax,Mozambique,9.18,374.3,0.54
2025-08-27,Supramax,Mozambique,9.11,418.5,0.4
2025-08-28,Supramax,Mozambique,9.27,417.2,0.168
2025-08-29,Supramax,Mozambique,9.36,411.1,0.243
2025-08-30,Supramax,Mozambique,9.32,370.3,0.202
2025-08-31,Supramax,Mozambique,9.34,393.6,0.234
2025-09-01,Supramax,Mozambique,9.24,393.3,0.095
2025-09-02,Supramax,Mozambique,9.96,373.8,0.353
2025-09-03,Supramax,Mozambique,10.17,408.5,0.102
2025-09-04,Supramax,Mozambique,9.76,410.8,0.397
2025-09-05,Supramax,Mozambique,10.23,395.9,0.146
2025-09-06,Supramax,Mozambique,10.2,403.7,0.0
2025-09-07,Supramax,Mozambique,10.44,398.5,0.364
2025-09-08,Supramax,Mozambique,10.35,384.7,0.356
2025-09-09,Supramax,Mozambique,10.34,404.7,0.257
2025-09-10,Supramax,Mozambique,10.47,409.9,0.1
2025-09-11,Supramax,Mozambique,10.24,413.1,0.302
2025-09-12,Supramax,Mozambique,10.03,422.8,0.047
2025-09-13,Supramax,Mozambique,10.06,407.9,0.359
2025-09-14,Supramax,Mozambique,9.71,425.0,0.0
2025-09-15,Supramax,Mozambique,9.18,407.7,0.306
2025-09-16,Supramax,Mozambique,9.73,418.9,0.252
2025-09-17,Supramax,Mozambique,9.57,413.1,0.135
2025-09-18,Supramax,Mozambique,9.37,410.9,0.481
2025-09-19,Supramax,Mozambique,9.55,412.9,0.19
2025-09-20,Supramax,Mozambique,9.68,422.0,0.411
2025-09-21,Supramax,Mozambique,9.68,430.0,0.032
2025-09-22,Supramax,Mozambique,9.72,394.3,0.0
2025-09-23,Supramax,Mozambique,10.0,427.5,0.172
2025-09-24,Supramax,Mozambique,10.05,416.0,0.243
2025-09-25,Supramax,Mozambique,10.14,392.6,0.084
2025-09-26,Supramax,Mozambique,10.88,418.4,0.122
2025-09-27,Supramax,Mozambique,10.43,406.1,0.318
2025-09-28,Supramax,Mozambique,10.7,372.1,0.204
2025-09-29,Supramax,Mozambique,10.1,397.3,0.466
2025-09-30,Supramax,Mozambique,10.45,416.1,0.246
2025-10-01,Supramax,Mozambique,10.18,401.7,0.0
2025-10-02,Supramax,Mozambique,10.08,414.1,0.043
2025-10-03,Supramax,Mozambique,10.55,434.6,0.543
2025-10-04,Supramax,Mozambique,10.56,384.8,0.179
2025-10-05,Supramax,Mozambique,10.46,404.6,0.29
2025-10-06,Supramax,Mozambique,10.5,409.8,0.182
2025-10-07,Supramax,Mozambique,10.94,403.9,0.397
2025-10-08,Supramax,Mozambique,10.98,407.2,0.048
2025-10-09,Supramax,Mozambique,10.86,413.1,0.315
2025-10-10,Supramax,Mozambique,10.75,409.0,0.435
2025-10-11,Supramax,Mozambique,10.69,393.5,0.461
2025-10-12,Supramax,Mozambique,10.37,403.3,0.354
2025-10-13,Supramax,Mozambique,10.62,427.8,0.283
2025-10-14,Supramax,Mozambique,10.85,405.2,0.032
2025-10-15,Supramax,Mozambique,10.7,412.1,0.452
2025-10-16,Supramax,Mozambique,10.9,425.8,0.312
2025-10-17,Supramax,Mozambique,11.17,383.0,0.395
2025-10-18,Supramax,Mozambique,10.97,406.8,0.245
2025-10-19,Supramax,Mozambique,10.69,401.4,0.0
2025-10-20,Supramax,Mozambique,10.73,401.0,0.362
2025-10-21,Supramax,Mozambique,10.84,425.7,0.478
2025-10-22,Supramax,Mozambique,10.89,427.3,0.472
2025-10-23,Supramax,Mozambique,10.6,415.1,0.129
2025-10-24,Supramax,Mozambique,10.22,411.0,0.337
2025-10-25,Supramax,Mozambique,10.53,385.5,0.111
2025-10-26,Supramax,Mozambique,11.28,426.7,0.254
2025-10-27,Supramax,Mozambique,10.95,420.1,0.216
2025-10-28,Supramax,Mozambique,10.97,424.7,0.095
2025-10-29,Supramax,Mozambique,11.12,430.6,0.273
2025-10-30,Supramax,Mozambique,10.65,419.5,0.37
2025-10-31,Supramax,Mozambique,10.98,421.3,0.273
2025-11-01,Supramax,Mozambique,10.74,412.4,0.273
2025-11-02,Supramax,Mozambique,10.82,411.5,0.293
2025-11-03,Supramax,Mozambique,10.88,424.5,0.309
2025-11-04,Supramax,Mozambique,10.62,410.1,0.403
2025-11-05,Supramax,Mozambique,10.48,410.2,0.216
2025-11-06,Supramax,Mozambique,10.6,422.9,0.146
2025-11-07,Supramax,Mozambique,10.78,448.3,0.178
2025-11-08,Supramax,Mozambique,10.47,411.4,0.454
2025-11-09,Supramax,Mozambique,10.64,427.1,0.27
2025-11-10,Supramax,Mozambique,10.68,419.9,0.373
2025-11-11,Supramax,Mozambique,10.26,422.3,0.072
2025-11-12,Supramax,Mozambique,9.94,420.7,0.617
2025-11-13,Supramax,Mozambique,10.28,427.1,0.325
2025-11-14,Supramax,Mozambique,9.97,433.3,0.684
2025-11-15,Supramax,Mozambique,10.53,433.4,0.217
2025-11-16,Supramax,Mozambique,10.46,416.4,0.613
2025-11-17,Supramax,Mozambique,10.21,403.3,0.0
2025-11-18,Supramax,Mozambique,10.79,411.0,0.208
2025-11-19,Supramax,Mozambique,10.77,418.8,0.319
2025-11-20,Supramax,Mozambique,10.66,434.0,0.194
2025-11-21,Supramax,Mozambique,10.63,421.6,0.372
2025-11-22,Supramax,Mozambique,10.38,412.1,0.109
2025-11-23,Supramax,Mozambique,10.48,442.4,0.301
2025-11-24,Supramax,Mozambique,10.59,431.8,0.636
2025-11-25,Supramax,Mozambique,10.8,435.7,0.274
2025-11-26,Supramax,Mozambique,11.37,427.3,0.643
2025-11-27,Supramax,Mozambique,11.55,417.9,0.419
2025-11-28,Supramax,Mozambique,11.4,449.7,0.083
2025-11-29,Supramax,Mozambique,11.83,441.4,0.437
2025-11-30,Supramax,Mozambique,12.09,422.1,0.279
2025-12-01,Supramax,Mozambique,11.78,456.4,0.27
2025-12-02,Supramax,Mozambique,11.83,422.7,0.177
2025-12-03,Supramax,Mozambique,11.52,423.7,0.398
2025-12-04,Supramax,Mozambique,11.68,427.6,0.28
2025-12-05,Supramax,Mozambique,11.92,427.5,0.373
2025-12-06,Supramax,Mozambique,11.8,432.0,0.225
2025-12-07,Supramax,Mozambique,12.28,420.5,0.273
2025-12-08,Supramax,Mozambique,12.19,409.0,0.26
2025-12-09,Supramax,Mozambique,12.64,442.5,0.281
2025-12-10,Supramax,Mozambique,12.03,453.4,0.36
2025-12-11,Supramax,Mozambique,12.1,425.2,0.494
2025-12-12,Supramax,Mozambique,11.97,467.1,0.298
2025-12-13,Supramax,Mozambique,11.84,434.4,0.345
2025-12-14,Supramax,Mozambique,11.94,425.6,0.305
2025-12-15,Supramax,Mozambique,12.17,433.3,0.353
2025-12-16,Supramax,Mozambique,12.46,441.0,0.627
2025-12-17,Supramax,Mozambique,12.68,442.5,0.3
2025-12-18,Supramax,Mozambique,12.18,447.2,0.578
2025-12-19,Supramax,Mozambique,12.67,456.8,0.403
2025-12-20,Supramax,Mozambique,12.62,443.0,0.54
2025-12-21,Supramax,Mozambique,12.5,420.1,0.16
2025-12-22,Supramax,Mozambique,12.43,449.6,0.237
2025-12-23,Supramax,Mozambique,12.09,414.6,0.593
2025-12-24,Supramax,Mozambique,11.84,461.3,0.391
2025-12-25,Supramax,Mozambique,11.81,455.8,0.065
2025-12-26,Supramax,Mozambique,11.81,420.1,0.277
2025-12-27,Supramax,Mozambique,12.36,418.5,0.173
2025-12-28,Supramax,Mozambique,12.94,455.4,0.694
2025-12-29,Supramax,Mozambique,12.69,437.5,0.274
2025-12-30,Supramax,Mozambique,12.67,452.5,0.017
2023-01-01,Supramax,Russia,11.85,428.6,0.48
2023-01-02,Supramax,Russia,12.02,466.0,0.163
2023-01-03,Supramax,Russia,12.36,455.4,0.668
2023-01-04,Supramax,Russia,12.41,422.0,0.359
2023-01-05,Supramax,Russia,12.33,456.8,0.326
2023-01-06,Supramax,Russia,12.27,475.4,0.228
2023-01-07,Supramax,Russia,11.99,464.6,0.2
2023-01-08,Supramax,Russia,11.88,466.1,0.389
2023-01-09,Supramax,Russia,12.27,452.7,0.096
2023-01-10,Supramax,Russia,12.17,465.5,0.394
2023-01-11,Supramax,Russia,12.13,461.5,0.322
2023-01-12,Supramax,Russia,11.77,469.6,0.382
2023-01-13,Supramax,Russia,11.85,424.6,0.323
2023-01-14,Supramax,Russia,11.87,478.9,0.216
2023-01-15,Supramax,Russia,11.96,434.9,0.432
2023-01-16,Supramax,Russia,11.62,459.4,0.244
2023-01-17,Supramax,Russia,11.89,456.1,0.007
2023-01-18,Supramax,Russia,11.49,433.5,0.634
2023-01-19,Supramax,Russia,11.31,440.0,0.2
2023-01-20,Supramax,Russia,11.51,464.0,0.466
2023-01-21,Supramax,Russia,11.07,452.9,0.517
2023-01-22,Supramax,Russia,11.67,458.3,0.517
2023-01-23,Supramax,Russia,11.52,476.0,0.453
2023-01-24,Supramax,Russia,11.62,450.2,0.549
2023-01-25,Supramax,Russia,11.51,465.0,0.431
2023-01-26,Supramax,Russia,11.51,460.5,0.54
2023-01-27,Supramax,Russia,11.58,459.6,0.435
2023-01-28,Supramax,Russia,11.43,470.1,0.433
2023-01-29,Supramax,Russia,11.59,457.8,0.429
2023-01-30,Supramax,Russia,11.62,439.7,0.427
2023-01-31,Supramax,Russia,11.64,446.2,0.501
2023-02-01,Supramax,Russia,11.99,456.1,0.298
2023-02-02,Supramax,Russia,12.37,437.4,0.351
2023-02-03,Supramax,Russia,12.43,476.4,0.343
2023-02-04,Supramax,Russia,12.18,467.8,0.44
2023-02-05,Supramax,Russia,12.38,459.6,0.732
2023-02-06,Supramax,Russia,12.74,477.6,0.393
2023-02-07,Supramax,Russia,13.12,476.6,0.754
2023-02-08,Supramax,Russia,13.21,450.3,0.237
2023-02-09,Supramax,Russia,13.19,446.9,0.48
2023-02-10,Supramax,Russia,13.03,455.0,0.363
2023-02-11,Supramax,Russia,13.27,459.8,0.386
2023-02-12,Supramax,Russia,13.48,477.6,0.449
2023-02-13,Supramax,Russia,13.21,451.2,0.393
2023-02-14,Supramax,Russia,13.42,443.0,0.481
2023-02-15,Supramax,Russia,12.94,488.3,0.383
2023-02-16,Supramax,Russia,13.56,468.1,0.409
2023-02-17,Supramax,Russia,13.31,466.0,0.516
2023-02-18,Supramax,Russia,13.57,469.0,0.487
2023-02-19,Supramax,Russia,13.18,476.4,0.582
2023-02-20,Supramax,Russia,12.91,463.6,0.362
2023-02-21,Supramax,Russia,12.72,485.7,0.453
2023-02-22,Supramax,Russia,12.51,487.3,0.396
2023-02-23,Supramax,Russia,12.29,470.5,0.585
2023-02-24,Supramax,Russia,12.01,501.1,0.132
2023-02-25,Supramax,Russia,11.76,488.4,0.351
2023-02-26,Supramax,Russia,11.24,468.0,0.853
2023-02-27,Supramax,Russia,11.44,460.3,0.469
2023-02-28,Supramax,Russia,11.35,477.1,0.448
2023-03-01,Supramax,Russia,11.46,480.8,0.455
2023-03-02,Supramax,Russia,11.27,485.2,0.334
2023-03-03,Supramax,Russia,11.15,457.7,0.405
2023-03-04,Supramax,Russia,11.0,482.2,0.802
2023-03-05,Supramax,Russia,11.18,465.4,0.695
2023-03-06,Supramax,Russia,11.0,468.4,0.661
2023-03-07,Supramax,Russia,10.94,452.5,0.487
2023-03-08,Supramax,Russia,11.44,473.7,0.677
2023-03-09,Supramax,Russia,11.22,447.6,0.758
2023-03-10,Supramax,Russia,10.97,457.9,0.891
2023-03-11,Supramax,Russia,11.34,461.9,0.654
2023-03-12,Supramax,Russia,11.49,487.0,0.471
2023-03-13,Supramax,Russia,11.9,452.8,0.442
2023-03-14,Supramax,Russia,11.89,486.6,0.453
2023-03-15,Supramax,Russia,11.71,489.1,0.397
2023-03-16,Supramax,Russia,11.52,475.8,0.46
2023-03-17,Supramax,Russia,11.56,487.2,0.458
2023-03-18,Supramax,Russia,11.72,475.3,0.513
2023-03-19,Supramax,Russia,12.31,482.1,0.676
2023-03-20,Supramax,Russia,12.41,451.0,0.505
2023-03-21,Supramax,Russia,12.07,454.8,0.508
2023-03-22,Supramax,Russia,12.12,451.4,0.588
2023-03-23,Supramax,Russia,12.15,463.6,0.592
2023-03-24,Supramax,Russia,12.19,469.4,0.714
2023-03-25,Supramax,Russia,12.13,464.8,0.486
2023-03-26,Supramax,Russia,12.27,480.3,0.6
2023-03-27,Supramax,Russia,12.01,450.4,0.403
2023-03-28,Supramax,Russia,12.48,475.7,0.412
2023-03-29,Supramax,Russia,12.62,477.4,0.71
2023-03-30,Supramax,Russia,12.83,471.8,0.464
2023-03-31,Supramax,Russia,13.13,474.1,0.511
2023-04-01,Supramax,Russia,13.26,473.6,0.571
2023-04-02,Supramax,Russia,13.39,474.6,0.644
2023-04-03,Supramax,Russia,13.65,473.6,0.427
2023-04-04,Supramax,Russia,13.72,489.8,0.614
2023-04-05,Supramax,Russia,13.83,471.6,0.569
2023-04-06,Supramax,Russia,13.99,472.1,0.433
2023-04-07,Supramax,Russia,14.01,490.8,0.528
2023-04-08,Supramax,Russia,14.05,480.3,0.534
2023-04-09,Supramax,Russia,13.42,505.1,0.649
2023-04-10,Supramax,Russia,13.59,491.7,0.724
2023-04-11,Supramax,Russia,13.67,493.7,0.576
2023-04-12,Supramax,Russia,13.47,486.7,0.32
2023-04-13,Supramax,Russia,13.64,475.2,0.487
2023-04-14,Supramax,Russia,13.8,461.1,0.603
2023-04-15,Supramax,Russia,13.84,491.8,0.433
2023-04-16,Supramax,Russia,13.54,544.5,0.365
2023-04-17,Supramax,Russia,13.34,478.8,0.575
2023-04-18,Supramax,Russia,13.32,471.3,0.521
2023-04-19,Supramax,Russia,13.3,525.2,0.399
2023-04-20,Supramax,Russia,13.2,468.8,0.8
2023-04-21,Supramax,Russia,13.57,456.3,0.424
2023-04-22,Supramax,Russia,13.57,485.1,0.734
2023-04-23,Supramax,Russia,13.46,501.2,0.646
2023-04-24,Supramax,Russia,13.55,478.7,0.633
2023-04-25,Supramax,Russia,13.99,502.4,0.362
2023-04-26,Supramax,Russia,14.14,492.4,0.848
2023-04-27,Supramax,Russia,13.83,467.8,0.606
2023-04-28,Supramax,Russia,13.58,480.1,0.454
2023-04-29,Supramax,Russia,13.38,496.7,0.731
2023-04-30,Supramax,Russia,12.96,499.2,0.532
2023-05-01,Supramax,Russia,12.72,480.6,0.614
2023-05-02,Supramax,Russia,13.08,489.4,0.675
2023-05-03,Supramax,Russia,13.19,514.6,0.607
2023-05-04,Supramax,Russia,13.62,484.2,0.32
2023-05-05,Supramax,Russia,13.29,506.5,0.635
2023-05-06,Supramax,Russia,13.32,472.3,0.453
2023-05-07,Supramax,Russia,12.92,483.7,0.465
2023-05-08,Supramax,Russia,13.23,479.5,0.465
2023-05-09,Supramax,Russia,12.89,498.9,0.522
2023-05-10,Supramax,Russia,12.74,488.3,0.444
2023-05-11,Supramax,Russia,12.84,494.8,0.764
2023-05-12,Supramax,Russia,13.06,485.9,0.75
2023-05-13,Supramax,Russia,13.16,477.2,0.674
2023-05-14,Supramax,Russia,13.29,503.8,0.529
2023-05-15,Supramax,Russia,13.28,495.7,0.307
2023-05-16,Supramax,Russia,13.79,474.2,0.452
2023-05-17,Supramax,Russia,13.9,493.7,0.32
2023-05-18,Supramax,Russia,13.65,501.1,0.5
2023-05-19,Supramax,Russia,14.14,468.7,0.54
2023-05-20,Supramax,Russia,14.1,505.2,0.613
2023-05-21,Supramax,Russia,14.14,469.4,0.352
2023-05-22,Supramax,Russia,14.31,485.2,0.77
2023-05-23,Supramax,Russia,14.44,490.7,0.329
2023-05-24,Supramax,Russia,14.47,497.8,0.795
2023-05-25,Supramax,Russia,14.21,495.9,0.494
2023-05-26,Supramax,Russia,14.23,519.4,0.574
2023-05-27,Supramax,Russia,13.84,458.4,0.562
2023-05-28,Supramax,Russia,13.71,507.7,0.61
2023-05-29,Supramax,Russia,13.66,500.1,0.632
2023-05-30,Supramax,Russia,12.94,479.5,0.545
2023-05-31,Supramax,Russia,13.14,503.7,0.389
2023-06-01,Supramax,Russia,13.11,510.2,0.6
2023-06-02,Supramax,Russia,13.22,486.8,0.395
2023-06-03,Supramax,Russia,13.01,476.2,0.53
2023-06-04,Supramax,Russia,13.23,502.4,0.441
2023-06-05,Supramax,Russia,13.25,492.5,0.607
2023-06-06,Supramax,Russia,13.7,493.0,0.413
2023-06-07,Supramax,Russia,13.65,510.4,0.187
2023-06-08,Supramax,Russia,13.65,470.8,0.616
2023-06-09,Supramax,Russia,13.53,490.9,0.674
2023-06-10,Supramax,Russia,13.86,490.0,0.776
2023-06-11,Supramax,Russia,13.56,502.1,0.399
2023-06-12,Supramax,Russia,13.54,512.6,0.637
2023-06-13,Supramax,Russia,13.16,482.9,0.402
2023-06-14,Supramax,Russia,13.35,504.0,0.631
2023-06-15,Supramax,Russia,13.19,484.9,0.623
2023-06-16,Supramax,Russia,13.07,509.8,0.274
2023-06-17,Supramax,Russia,12.96,491.1,0.399
2023-06-18,Supramax,Russia,12.99,511.5,0.396
2023-06-19,Supramax,Russia,13.18,489.9,0.385
2023-06-20,Supramax,Russia,13.07,515.3,0.188
2023-06-21,Supramax,Russia,13.15,528.1,0.561
2023-06-22,Supramax,Russia,13.09,505.1,0.578
2023-06-23,Supramax,Russia,12.91,496.3,0.569
2023-06-24,Supramax,Russia,12.31,481.7,0.815
2023-06-25,Supramax,Russia,12.45,487.9,0.391
2023-06-26,Supramax,Russia,12.62,471.1,0.445
2023-06-27,Supramax,Russia,12.36,500.7,0.726
2023-06-28,Supramax,Russia,12.35,514.6,0.543
2023-06-29,Supramax,Russia,12.37,506.2,0.505
2023-06-30,Supramax,Russia,12.24,489.7,0.401
2023-07-01,Supramax,Russia,12.29,488.1,0.523
2023-07-02,Supramax,Russia,12.02,476.9,0.331
2023-07-03,Supramax,Russia,11.98,518.8,0.451
2023-07-04,Supramax,Russia,12.04,513.4,0.536
2023-07-05,Supramax,Russia,11.76,496.0,0.59
2023-07-06,Supramax,Russia,11.73,518.5,0.476
2023-07-07,Supramax,Russia,10.98,519.4,0.604
2023-07-08,Supramax,Russia,11.36,500.4,0.605
2023-07-09,Supramax,Russia,11.38,500.0,0.26
2023-07-10,Supramax,Russia,11.21,498.5,0.536
2023-07-11,Supramax,Russia,10.92,483.6,0.612
2023-07-12,Supramax,Russia,11.02,504.9,0.562
2023-07-13,Supramax,Russia,10.67,476.5,0.54
2023-07-14,Supramax,Russia,11.41,509.4,0.685
2023-07-15,Supramax,Russia,11.52,518.0,0.478
2023-07-16,Supramax,Russia,11.79,506.6,0.644
2023-07-17,Supramax,Russia,11.58,488.4,0.447
2023-07-18,Supramax,Russia,11.39,489.6,0.338
2023-07-19,Supramax,Russia,11.15,497.3,0.196
2023-07-20,Supramax,Russia,11.25,495.7,0.6
2023-07-21,Supramax,Russia,11.19,498.3,0.656
2023-07-22,Supramax,Russia,10.85,480.8,0.745
2023-07-23,Supramax,Russia,11.08,482.8,0.568
2023-07-24,Supramax,Russia,10.84,526.7,0.53
2023-07-25,Supramax,Russia,10.79,516.7,0.724
2023-07-26,Supramax,Russia,10.75,508.8,0.451
2023-07-27,Supramax,Russia,10.5,499.0,0.349
2023-07-28,Supramax,Russia,10.62,508.7,0.541
2023-07-29,Supramax,Russia,10.82,487.4,0.507
2023-07-30,Supramax,Russia,10.51,510.2,0.476
2023-07-31,Supramax,Russia,10.24,524.1,0.424
2023-08-01,Supramax,Russia,10.44,521.1,0.764
2023-08-02,Supramax,Russia,10.48,515.4,0.655
2023-08-03,Supramax,Russia,10.35,488.5,0.342
2023-08-04,Supramax,Russia,10.38,507.5,0.65
2023-08-05,Supramax,Russia,10.07,496.1,0.415
2023-08-06,Supramax,Russia,10.44,530.1,0.498
2023-08-07,Supramax,Russia,10.55,489.7,0.632
2023-08-08,Supramax,Russia,10.59,505.3,0.622
2023-08-09,Supramax,Russia,10.58,503.9,0.684
2023-08-10,Supramax,Russia,10.76,482.8,0.478
2023-08-11,Supramax,Russia,10.99,504.2,0.332
2023-08-12,Supramax,Russia,11.28,485.4,0.714
2023-08-13,Supramax,Russia,10.77,516.6,0.21
2023-08-14,Supramax,Russia,10.6,496.4,0.662
2023-08-15,Supramax,Russia,10.94,505.7,0.326
2023-08-16,Supramax,Russia,11.08,491.9,0.671
2023-08-17,Supramax,Russia,10.66,511.8,0.253
2023-08-18,Supramax,Russia,10.82,517.7,0.445
2023-08-19,Supramax,Russia,10.58,511.6,0.384
2023-08-20,Supramax,Russia,10.73,494.1,0.466
2023-08-21,Supramax,Russia,10.77,542.8,0.642
2023-08-22,Supramax,Russia,10.58,566.1,0.278
2023-08-23,Supramax,Russia,10.52,492.2,0.379
2023-08-24,Supramax,Russia,10.54,507.1,0.267
2023-08-25,Supramax,Russia,10.38,515.0,0.371
2023-08-26,Supramax,Russia,10.55,475.8,0.429
2023-08-27,Supramax,Russia,10.49,515.7,0.389
2023-08-28,Supramax,Russia,10.45,520.6,0.827
2023-08-29,Supramax,Russia,10.6,509.7,0.243
2023-08-30,Supramax,Russia,10.91,496.5,0.68
2023-08-31,Supramax,Russia,10.81,531.5,0.498
2023-09-01,Supramax,Russia,10.58,509.7,0.648
2023-09-02,Supramax,Russia,10.08,535.7,0.296
2023-09-03,Supramax,Russia,10.0,515.1,0.467
2023-09-04,Supramax,Russia,9.75,504.6,0.624
2023-09-05,Supramax,Russia,9.86,507.6,0.395
2023-09-06,Supramax,Russia,9.55,498.6,0.361
2023-09-07,Supramax,Russia,9.82,494.3,0.41
2023-09-08,Supramax,Russia,9.6,524.9,0.647
2023-09-09,Supramax,Russia,9.87,515.8,0.387
2023-09-10,Supramax,Russia,9.85,527.2,0.143
2023-09-11,Supramax,Russia,9.75,525.6,0.525
2023-09-12,Supramax,Russia,9.56,474.3,0.897
2023-09-13,Supramax,Russia,9.4,506.6,0.721
2023-09-14,Supramax,Russia,9.45,510.9,0.678
2023-09-15,Supramax,Russia,9.43,533.7,0.605
2023-09-16,Supramax,Russia,9.3,503.8,0.604
2023-09-17,Supramax,Russia,9.81,519.2,0.645
2023-09-18,Supramax,Russia,9.77,516.6,0.396
2023-09-19,Supramax,Russia,9.67,500.2,0.272
2023-09-20,Supramax,Russia,9.56,505.6,0.52
2023-09-21,Supramax,Russia,9.46,516.3,0.303
2023-09-22,Supramax,Russia,9.71,501.7,0.389
2023-09-23,Supramax,Russia,9.89,506.0,0.52
2023-09-24,Supramax,Russia,9.67,508.7,0.576
2023-09-25,Supramax,Russia,9.55,509.7,0.567
2023-09-26,Supramax,Russia,9.94,511.0,0.505
2023-09-27,Supramax,Russia,9.93,510.8,0.435
2023-09-28,Supramax,Russia,10.24,510.9,0.355
2023-09-29,Supramax,Russia,10.32,522.3,0.301
2023-09-30,Supramax,Russia,10.29,500.2,0.307
2023-10-01,Supramax,Russia,10.2,505.9,0.387
2023-10-02,Supramax,Russia,10.26,517.9,0.394
2023-10-03,Supramax,Russia,10.1,524.9,0.178
2023-10-04,Supramax,Russia,10.19,514.6,0.378
2023-10-05,Supramax,Russia,10.19,516.5,0.167
2023-10-06,Supramax,Russia,10.32,504.3,0.596
2023-10-07,Supramax,Russia,10.72,522.5,0.288
2023-10-08,Supramax,Russia,10.66,525.9,0.508
2023-10-09,Supramax,Russia,10.88,513.5,0.36
2023-10-10,Supramax,Russia,10.93,481.5,0.579
2023-10-11,Supramax,Russia,11.16,518.4,0.474
2023-10-12,Supramax,Russia,11.25,496.6,0.531
2023-10-13,Supramax,Russia,11.25,506.0,0.125
2023-10-14,Supramax,Russia,11.31,514.0,0.221
2023-10-15,Supramax,Russia,11.48,504.7,0.321
2023-10-16,Supramax,Russia,11.54,499.3,0.583
2023-10-17,Supramax,Russia,11.54,502.9,0.613
2023-10-18,Supramax,Russia,11.51,496.6,0.409
2023-10-19,Supramax,Russia,11.37,523.9,0.522
2023-10-20,Supramax,Russia,10.9,524.0,0.338
2023-10-21,Supramax,Russia,10.49,511.3,0.265
2023-10-22,Supramax,Russia,10.74,517.7,0.616
2023-10-23,Supramax,Russia,10.59,509.9,0.532
2023-10-24,Supramax,Russia,10.95,517.9,0.227
2023-10-25,Supramax,Russia,10.97,522.0,0.592
2023-10-26,Supramax,Russia,10.54,509.8,0.367
2023-10-27,Supramax,Russia,10.22,497.0,0.242
2023-10-28,Supramax,Russia,10.15,509.7,0.599
2023-10-29,Supramax,Russia,9.76,516.4,0.327
2023-10-30,Supramax,Russia,9.14,530.9,0.358
2023-10-31,Supramax,Russia,9.85,504.6,0.522
2023-11-01,Supramax,Russia,9.88,500.1,0.387
2023-11-02,Supramax,Russia,9.91,498.6,0.438
2023-11-03,Supramax,Russia,10.0,535.7,0.681
2023-11-04,Supramax,Russia,10.38,523.1,0.151
2023-11-05,Supramax,Russia,10.75,508.7,0.221
2023-11-06,Supramax,Russia,11.06,517.0,0.389
2023-11-07,Supramax,Russia,11.33,504.2,0.178
2023-11-08,Supramax,Russia,11.4,511.7,0.456
2023-11-09,Supramax,Russia,11.76,512.2,0.628
2023-11-10,Supramax,Russia,11.84,506.3,0.383
2023-11-11,Supramax,Russia,11.89,495.4,0.429
2023-11-12,Supramax,Russia,11.87,507.2,0.237
2023-11-13,Supramax,Russia,12.38,497.4,0.499
2023-11-14,Supramax,Russia,12.67,515.0,0.237
2023-11-15,Supramax,Russia,12.68,518.2,0.028
2023-11-16,Supramax,Russia,12.63,523.8,0.209
2023-11-17,Supramax,Russia,12.89,521.5,0.16
2023-11-18,Supramax,Russia,12.89,506.2,0.479
2023-11-19,Supramax,Russia,13.25,489.8,0.203
2023-11-20,Supramax,Russia,13.39,525.9,0.211
2023-11-21,Supramax,Russia,13.39,504.7,0.365
2023-11-22,Supramax,Russia,13.87,513.3,0.406
2023-11-23,Supramax,Russia,14.03,498.7,0.32
2023-11-24,Supramax,Russia,13.96,494.3,0.47
2023-11-25,Supramax,Russia,14.23,518.7,0.593
2023-11-26,Supramax,Russia,14.28,501.6,0.414
2023-11-27,Supramax,Russia,14.45,488.9,0.37
2023-11-28,Supramax,Russia,14.59,503.6,0.064
2023-11-29,Supramax,Russia,14.61,523.1,0.274
2023-11-30,Supramax,Russia,14.27,517.3,0.052
2023-12-01,Supramax,Russia,14.21,510.1,0.142
2023-12-02,Supramax,Russia,14.1,515.3,0.271
2023-12-03,Supramax,Russia,14.29,499.1,0.56
2023-12-04,Supramax,Russia,14.27,518.0,0.121
2023-12-05,Supramax,Russia,14.28,484.3,0.529
2023-12-06,Supramax,Russia,14.07,484.0,0.154
2023-12-07,Supramax,Russia,14.03,505.2,0.073
2023-12-08,Supramax,Russia,13.65,513.8,0.418
2023-12-09,Supramax,Russia,12.82,500.7,0.135
2023-12-10,Supramax,Russia,12.78,521.4,0.077
2023-12-11,Supramax,Russia,12.74,516.7,0.451
2023-12-12,Supramax,Russia,13.15,492.8,0.174
2023-12-13,Supramax,Russia,13.24,517.5,0.05
2023-12-14,Supramax,Russia,13.2,498.6,0.372
2023-12-15,Supramax,Russia,12.91,513.4,0.536
2023-12-16,Supramax,Russia,13.25,520.2,0.343
2023-12-17,Supramax,Russia,13.19,473.6,0.206
2023-12-18,Supramax,Russia,12.79,477.3,0.1
2023-12-19,Supramax,Russia,12.64,493.4,0.425
2023-12-20,Supramax,Russia,12.55,494.6,0.584
2023-12-21,Supramax,Russia,12.68,506.8,0.023
2023-12-22,Supramax,Russia,13.01,473.8,0.362
2023-12-23,Supramax,Russia,13.61,492.0,0.188
2023-12-24,Supramax,Russia,13.62,509.6,0.306
2023-12-25,Supramax,Russia,13.47,507.5,0.239
2023-12-26,Supramax,Russia,13.36,508.3,0.321
2023-12-27,Supramax,Russia,12.99,499.4,0.037
2023-12-28,Supramax,Russia,12.85,511.2,0.201
2023-12-29,Supramax,Russia,12.56,510.1,0.208
2023-12-30,Supramax,Russia,12.74,508.5,0.478
2023-12-31,Supramax,Russia,12.68,525.9,0.513
2024-01-01,Supramax,Russia,12.57,481.6,0.195
2024-01-02,Supramax,Russia,12.86,508.9,0.407
2024-01-03,Supramax,Russia,13.11,488.3,0.235
2024-01-04,Supramax,Russia,13.13,511.5,0.302
2024-01-05,Supramax,Russia,13.44,509.4,0.226
2024-01-06,Supramax,Russia,13.4,504.9,0.084
2024-01-07,Supramax,Russia,13.2,504.0,0.276
2024-01-08,Supramax,Russia,12.78,497.3,0.092
2024-01-09,Supramax,Russia,12.92,488.1,0.323
2024-01-10,Supramax,Russia,12.16,519.6,0.209
2024-01-11,Supramax,Russia,11.64,507.8,0.302
2024-01-12,Supramax,Russia,12.05,508.5,0.371
2024-01-13,Supramax,Russia,11.94,517.9,0.296
2024-01-14,Supramax,Russia,12.17,496.4,0.073
2024-01-15,Supramax,Russia,12.46,497.0,0.512
2024-01-16,Supramax,Russia,12.49,488.0,0.299
2024-01-17,Supramax,Russia,12.72,503.6,0.207
2024-01-18,Supramax,Russia,12.69,545.4,0.187
2024-01-19,Supramax,Russia,12.53,516.9,0.208
2024-01-20,Supramax,Russia,12.54,501.7,0.505
2024-01-21,Supramax,Russia,12.11,479.0,0.33
2024-01-22,Supramax,Russia,11.86,504.6,0.0
2024-01-23,Supramax,Russia,11.75,515.1,0.034
2024-01-24,Supramax,Russia,11.78,487.1,0.426
2024-01-25,Supramax,Russia,11.98,487.2,0.092
2024-01-26,Supramax,Russia,11.69,506.9,0.533
2024-01-27,Supramax,Russia,11.57,505.8,0.1
2024-01-28,Supramax,Russia,11.77,501.7,0.235
2024-01-29,Supramax,Russia,11.66,515.3,0.008
2024-01-30,Supramax,Russia,11.55,504.9,0.151
2024-01-31,Supramax,Russia,11.56,516.5,0.229
2024-02-01,Supramax,Russia,11.26,518.8,0.382
2024-02-02,Supramax,Russia,11.17,491.9,0.062
2024-02-03,Supramax,Russia,11.01,514.3,0.185
2024-02-04,Supramax,Russia,11.14,497.7,0.135
2024-02-05,Supramax,Russia,11.54,474.9,0.0
2024-02-06,Supramax,Russia,11.71,496.5,0.141
2024-02-07,Supramax,Russia,11.75,490.0,0.204
2024-02-08,Supramax,Russia,12.18,519.3,0.279
2024-02-09,Supramax,Russia,12.43,489.3,0.228
2024-02-10,Supramax,Russia,12.36,492.5,0.176
2024-02-11,Supramax,Russia,12.07,483.0,0.111
2024-02-12,Supramax,Russia,11.8,518.7,0.462
2024-02-13,Supramax,Russia,11.85,497.4,0.287
2024-02-14,Supramax,Russia,11.52,489.9,0.34
2024-02-15,Supramax,Russia,12.01,499.2,0.068
2024-02-16,Supramax,Russia,11.79,500.0,0.2
2024-02-17,Supramax,Russia,12.08,472.5,0.236
2024-02-18,Supramax,Russia,12.05,490.9,0.338
2024-02-19,Supramax,Russia,12.0,479.6,0.295
2024-02-20,Supramax,Russia,12.09,485.3,0.16
2024-02-21,Supramax,Russia,11.59,483.6,0.093
2024-02-22,Supramax,Russia,11.59,499.1,0.143
2024-02-23,Supramax,Russia,11.4,495.8,0.277
2024-02-24,Supramax,Russia,11.79,478.7,0.227
2024-02-25,Supramax,Russia,12.0,518.9,0.49
2024-02-26,Supramax,Russia,11.84,507.6,0.189
2024-02-27,Supramax,Russia,11.8,478.5,0.03
2024-02-28,Supramax,Russia,12.21,517.1,0.0
2024-02-29,Supramax,Russia,12.52,510.3,0.314
2024-03-01,Supramax,Russia,12.55,504.4,0.16
2024-03-02,Supramax,Russia,12.63,468.7,0.135
2024-03-03,Supramax,Russia,12.25,484.8,0.212
2024-03-04,Supramax,Russia,12.25,485.8,0.274
2024-03-05,Supramax,Russia,12.77,443.7,0.175
2024-03-06,Supramax,Russia,12.46,494.6,0.366
2024-03-07,Supramax,Russia,12.67,505.3,0.237
2024-03-08,Supramax,Russia,12.55,482.6,0.205
2024-03-09,Supramax,Russia,12.86,472.6,0.21
2024-03-10,Supramax,Russia,12.8,481.1,0.408
2024-03-11,Supramax,Russia,12.83,475.9,0.303
2024-03-12,Supramax,Russia,12.91,507.7,0.251
2024-03-13,Supramax,Russia,12.92,504.3,0.556
2024-03-14,Supramax,Russia,13.27,494.2,0.345
2024-03-15,Supramax,Russia,13.87,525.8,0.0
2024-03-16,Supramax,Russia,13.55,486.4,0.322
2024-03-17,Supramax,Russia,13.34,482.7,0.007
2024-03-18,Supramax,Russia,13.19,473.1,0.201
2024-03-19,Supramax,Russia,13.12,514.2,0.193
2024-03-20,Supramax,Russia,13.09,455.2,0.379
2024-03-21,Supramax,Russia,13.09,491.1,0.45
2024-03-22,Supramax,Russia,13.2,473.4,0.082
2024-03-23,Supramax,Russia,13.15,462.6,0.237
2024-03-24,Supramax,Russia,13.41,472.0,0.332
2024-03-25,Supramax,Russia,13.2,464.1,0.338
2024-03-26,Supramax,Russia,13.44,481.5,0.297
2024-03-27,Supramax,Russia,13.31,481.5,0.371
2024-03-28,Supramax,Russia,13.1,494.9,0.323
2024-03-29,Supramax,Russia,13.52,473.0,0.193
2024-03-30,Supramax,Russia,13.35,480.5,0.313
2024-03-31,Supramax,Russia,12.93,478.2,0.19
2024-04-01,Supramax,Russia,13.01,461.5,0.148
2024-04-02,Supramax,Russia,12.8,475.1,0.044
2024-04-03,Supramax,Russia,12.3,485.6,0.171
2024-04-04,Supramax,Russia,12.26,496.3,0.273
2024-04-05,Supramax,Russia,12.14,490.0,0.368
2024-04-06,Supramax,Russia,12.02,490.1,0.155
2024-04-07,Supramax,Russia,11.42,476.3,0.328
2024-04-08,Supramax,Russia,11.81,475.6,0.246
2024-04-09,Supramax,Russia,11.49,463.3,0.383
2024-04-10,Supramax,Russia,11.54,494.6,0.226
2024-04-11,Supramax,Russia,11.74,466.6,0.367
2024-04-12,Supramax,Russia,11.71,501.4,0.263
2024-04-13,Supramax,Russia,11.22,467.8,0.507
2024-04-14,Supramax,Russia,11.47,449.8,0.22
2024-04-15,Supramax,Russia,11.23,501.3,0.147
2024-04-16,Supramax,Russia,11.31,469.4,0.39
2024-04-17,Supramax,Russia,11.57,452.5,0.474
2024-04-18,Supramax,Russia,11.18,482.9,0.0
2024-04-19,Supramax,Russia,11.12,481.5,0.0
2024-04-20,Supramax,Russia,11.41,495.9,0.353
2024-04-21,Supramax,Russia,11.74,478.2,0.384
2024-04-22,Supramax,Russia,11.96,476.9,0.389
2024-04-23,Supramax,Russia,11.74,478.4,0.464
2024-04-24,Supramax,Russia,11.94,491.0,0.121
2024-04-25,Supramax,Russia,11.81,457.9,0.321
2024-04-26,Supramax,Russia,11.84,467.9,0.291
2024-04-27,Supramax,Russia,11.69,462.4,0.165
2024-04-28,Supramax,Russia,11.4,468.1,0.295
2024-04-29,Supramax,Russia,11.4,502.5,0.454
2024-04-30,Supramax,Russia,11.05,470.3,0.276
2024-05-01,Supramax,Russia,10.96,480.6,0.445
2024-05-02,Supramax,Russia,11.22,464.2,0.344
2024-05-03,Supramax,Russia,11.43,475.8,0.315
2024-05-04,Supramax,Russia,11.9,481.2,0.0
2024-05-05,Supramax,Russia,11.93,463.8,0.317
2024-05-06,Supramax,Russia,11.94,472.5,0.056
2024-05-07,Supramax,Russia,11.96,467.5,0.176
2024-05-08,Supramax,Russia,11.82,466.1,0.247
2024-05-09,Supramax,Russia,11.66,469.9,0.224
2024-05-10,Supramax,Russia,12.28,464.2,0.387
2024-05-11,Supramax,Russia,12.69,521.4,0.151
2024-05-12,Supramax,Russia,12.36,493.4,0.194
2024-05-13,Supramax,Russia,12.86,474.1,0.292
2024-05-14,Supramax,Russia,12.63,483.2,0.322
2024-05-15,Supramax,Russia,12.76,483.3,0.221
2024-05-16,Supramax,Russia,13.11,458.3,0.255
2024-05-17,Supramax,Russia,12.85,474.9,0.27
2024-05-18,Supramax,Russia,12.93,469.5,0.232
2024-05-19,Supramax,Russia,12.82,475.4,0.25
2024-05-20,Supramax,Russia,12.95,457.1,0.503
2024-05-21,Supramax,Russia,12.42,467.0,0.344
2024-05-22,Supramax,Russia,12.37,450.1,0.193
2024-05-23,Supramax,Russia,12.23,464.4,0.223
2024-05-24,Supramax,Russia,12.21,457.2,0.345
2024-05-25,Supramax,Russia,12.21,453.8,0.147
2024-05-26,Supramax,Russia,12.37,438.2,0.285
2024-05-27,Supramax,Russia,12.45,478.7,0.196
2024-05-28,Supramax,Russia,12.05,466.9,0.113
2024-05-29,Supramax,Russia,12.34,480.6,0.214
2024-05-30,Supramax,Russia,12.3,462.5,0.264
2024-05-31,Supramax,Russia,12.49,482.4,0.443
2024-06-01,Supramax,Russia,12.41,455.5,0.613
2024-06-02,Supramax,Russia,12.49,456.7,0.351
2024-06-03,Supramax,Russia,12.49,472.0,0.403
2024-06-04,Supramax,Russia,12.63,456.5,0.373
2024-06-05,Supramax,Russia,12.02,472.5,0.371
2024-06-06,Supramax,Russia,11.67,446.1,0.428
2024-06-07,Supramax,Russia,11.5,469.2,0.502
2024-06-08,Supramax,Russia,11.79,456.1,0.165
2024-06-09,Supramax,Russia,12.07,434.2,0.276
2024-06-10,Supramax,Russia,12.18,455.7,0.455
2024-06-11,Supramax,Russia,12.24,462.8,0.514
2024-06-12,Supramax,Russia,12.06,453.0,0.234
2024-06-13,Supramax,Russia,12.18,480.0,0.441
2024-06-14,Supramax,Russia,11.92,472.1,0.072
2024-06-15,Supramax,Russia,11.99,449.1,0.457
2024-06-16,Supramax,Russia,11.8,478.7,0.401
2024-06-17,Supramax,Russia,11.85,441.5,0.227
2024-06-18,Supramax,Russia,11.96,416.5,0.239
2024-06-19,Supramax,Russia,12.41,452.5,0.0
2024-06-20,Supramax,Russia,12.84,455.6,0.489
2024-06-21,Supramax,Russia,13.34,444.1,0.459
2024-06-22,Supramax,Russia,13.57,449.5,0.124
2024-06-23,Supramax,Russia,13.47,442.7,0.603
2024-06-24,Supramax,Russia,13.4,442.2,0.291
2024-06-25,Supramax,Russia,13.07,460.3,0.438
2024-06-26,Supramax,Russia,13.09,450.4,0.248
2024-06-27,Supramax,Russia,13.01,441.0,0.106
2024-06-28,Supramax,Russia,12.86,443.9,0.405
2024-06-29,Supramax,Russia,12.87,452.5,0.442
2024-06-30,Supramax,Russia,12.86,446.1,0.575
2024-07-01,Supramax,Russia,12.79,464.6,0.288
2024-07-02,Supramax,Russia,12.73,464.8,0.349
2024-07-03,Supramax,Russia,12.92,454.4,0.339
2024-07-04,Supramax,Russia,12.71,452.0,0.513
2024-07-05,Supramax,Russia,12.49,431.4,0.212
2024-07-06,Supramax,Russia,12.35,423.3,0.201
2024-07-07,Supramax,Russia,12.5,416.1,0.318
2024-07-08,Supramax,Russia,12.37,452.2,0.608
2024-07-09,Supramax,Russia,12.06,479.5,0.491
2024-07-10,Supramax,Russia,11.85,469.5,0.143
2024-07-11,Supramax,Russia,11.93,424.1,0.219
2024-07-12,Supramax,Russia,12.3,459.2,0.279
2024-07-13,Supramax,Russia,12.28,447.5,0.42
2024-07-14,Supramax,Russia,12.4,448.0,0.23
2024-07-15,Supramax,Russia,12.27,431.4,0.375
2024-07-16,Supramax,Russia,12.35,448.0,0.31
2024-07-17,Supramax,Russia,12.52,425.5,0.307
2024-07-18,Supramax,Russia,12.75,461.2,0.397
2024-07-19,Supramax,Russia,13.22,413.4,0.621
2024-07-20,Supramax,Russia,13.2,456.5,0.463
2024-07-21,Supramax,Russia,12.78,440.2,0.41
2024-07-22,Supramax,Russia,12.74,452.9,0.527
2024-07-23,Supramax,Russia,12.52,430.5,0.447
2024-07-24,Supramax,Russia,12.23,452.1,0.274
2024-07-25,Supramax,Russia,12.35,443.7,0.496
2024-07-26,Supramax,Russia,12.06,480.1,0.426
2024-07-27,Supramax,Russia,11.75,445.6,0.378
2024-07-28,Supramax,Russia,11.56,453.5,0.492
2024-07-29,Supramax,Russia,11.76,455.3,0.532
2024-07-30,Supramax,Russia,11.93,424.3,0.456
2024-07-31,Supramax,Russia,11.83,438.7,0.503
2024-08-01,Supramax,Russia,11.71,448.2,0.469
2024-08-02,Supramax,Russia,11.63,453.6,0.4
2024-08-03,Supramax,Russia,11.95,441.0,0.46
2024-08-04,Supramax,Russia,12.02,458.0,0.55
2024-08-05,Supramax,Russia,12.14,451.0,0.525
2024-08-06,Supramax,Russia,12.12,406.4,0.294
2024-08-07,Supramax,Russia,12.35,450.8,0.45
2024-08-08,Supramax,Russia,12.66,429.4,0.528
2024-08-09,Supramax,Russia,12.67,422.4,0.522
2024-08-10,Supramax,Russia,12.75,440.6,0.66
2024-08-11,Supramax,Russia,12.69,458.3,0.609
2024-08-12,Supramax,Russia,12.49,440.5,0.487
2024-08-13,Supramax,Russia,12.25,448.0,0.482
2024-08-14,Supramax,Russia,12.51,447.0,0.595
2024-08-15,Supramax,Russia,12.66,453.2,0.407
2024-08-16,Supramax,Russia,12.84,431.9,0.474
2024-08-17,Supramax,Russia,13.14,439.1,0.603
2024-08-18,Supramax,Russia,12.99,473.0,0.426
2024-08-19,Supramax,Russia,12.89,411.5,0.51
2024-08-20,Supramax,Russia,13.16,431.4,0.16
2024-08-21,Supramax,Russia,13.71,461.5,0.426
2024-08-22,Supramax,Russia,13.79,448.8,0.673
2024-08-23,Supramax,Russia,13.65,435.5,0.356
2024-08-24,Supramax,Russia,13.3,448.6,0.241
2024-08-25,Supramax,Russia,13.12,426.3,0.593
2024-08-26,Supramax,Russia,12.7,439.0,0.564
2024-08-27,Supramax,Russia,12.42,427.1,0.559
2024-08-28,Supramax,Russia,12.4,416.2,0.419
2024-08-29,Supramax,Russia,12.26,445.8,0.515
2024-08-30,Supramax,Russia,12.17,459.5,0.481
2024-08-31,Supramax,Russia,12.0,433.1,0.421
2024-09-01,Supramax,Russia,12.07,445.9,0.39
2024-09-02,Supramax,Russia,11.48,422.0,0.511
2024-09-03,Supramax,Russia,11.92,473.1,0.274
2024-09-04,Supramax,Russia,11.86,427.3,0.609
2024-09-05,Supramax,Russia,11.83,462.2,0.37
2024-09-06,Supramax,Russia,11.76,449.6,0.455
2024-09-07,Supramax,Russia,11.81,438.2,0.7
2024-09-08,Supramax,Russia,11.57,415.3,0.264
2024-09-09,Supramax,Russia,11.57,439.8,0.565
2024-09-10,Supramax,Russia,11.17,459.3,0.818
2024-09-11,Supramax,Russia,10.79,455.0,0.503
2024-09-12,Supramax,Russia,10.8,436.6,0.386
2024-09-13,Supramax,Russia,10.83,428.5,0.581
2024-09-14,Supramax,Russia,10.77,400.5,0.836
2024-09-15,Supramax,Russia,10.3,423.1,0.596
2024-09-16,Supramax,Russia,10.33,417.5,0.422
2024-09-17,Supramax,Russia,10.27,451.1,0.468
2024-09-18,Supramax,Russia,10.21,429.5,0.58
2024-09-19,Supramax,Russia,9.92,422.0,0.439
2024-09-20,Supramax,Russia,10.1,423.6,0.562
2024-09-21,Supramax,Russia,10.56,432.4,0.691
2024-09-22,Supramax,Russia,10.02,438.4,0.732
2024-09-23,Supramax,Russia,10.12,423.7,0.356
2024-09-24,Supramax,Russia,9.93,418.5,0.51
2024-09-25,Supramax,Russia,9.92,430.1,0.248
2024-09-26,Supramax,Russia,10.1,406.4,0.603
2024-09-27,Supramax,Russia,10.5,447.2,0.561
2024-09-28,Supramax,Russia,10.36,443.1,0.574
2024-09-29,Supramax,Russia,9.91,425.3,0.357
2024-09-30,Supramax,Russia,10.07,450.6,0.612
2024-10-01,Supramax,Russia,10.59,444.6,0.749
2024-10-02,Supramax,Russia,10.71,445.5,0.669
2024-10-03,Supramax,Russia,10.03,437.5,0.672
2024-10-04,Supramax,Russia,10.01,425.4,0.381
2024-10-05,Supramax,Russia,10.02,414.8,0.303
2024-10-06,Supramax,Russia,9.9,411.0,0.39
2024-10-07,Supramax,Russia,9.5,441.3,0.196
2024-10-08,Supramax,Russia,10.12,426.0,0.678
2024-10-09,Supramax,Russia,10.15,421.0,0.286
2024-10-10,Supramax,Russia,9.53,436.9,0.629
2024-10-11,Supramax,Russia,9.0,394.3,0.493
2024-10-12,Supramax,Russia,8.41,447.1,0.394
2024-10-13,Supramax,Russia,8.84,424.1,0.553
2024-10-14,Supramax,Russia,8.18,438.7,0.474
2024-10-15,Supramax,Russia,8.04,457.3,0.362
2024-10-16,Supramax,Russia,8.36,418.7,0.359
2024-10-17,Supramax,Russia,8.2,424.1,0.396
2024-10-18,Supramax,Russia,8.51,453.0,0.408
2024-10-19,Supramax,Russia,8.61,404.2,0.533
2024-10-20,Supramax,Russia,8.16,421.7,0.528
2024-10-21,Supramax,Russia,8.56,432.2,0.62
2024-10-22,Supramax,Russia,8.8,408.2,0.617
2024-10-23,Supramax,Russia,8.85,434.0,0.58
2024-10-24,Supramax,Russia,9.42,426.0,0.496
2024-10-25,Supramax,Russia,9.32,415.7,0.306
2024-10-26,Supramax,Russia,9.2,427.1,0.587
2024-10-27,Supramax,Russia,9.65,433.3,0.691
2024-10-28,Supramax,Russia,9.81,388.6,0.526
2024-10-29,Supramax,Russia,9.54,407.5,0.442
2024-10-30,Supramax,Russia,9.13,444.3,0.349
2024-10-31,Supramax,Russia,9.11,408.1,0.798
2024-11-01,Supramax,Russia,9.4,421.6,0.595
2024-11-02,Supramax,Russia,9.1,420.4,0.473
2024-11-03,Supramax,Russia,8.86,431.2,0.36
2024-11-04,Supramax,Russia,9.06,415.1,0.396
2024-11-05,Supramax,Russia,9.39,435.0,0.525
2024-11-06,Supramax,Russia,9.09,435.2,0.309
2024-11-07,Supramax,Russia,9.47,402.7,0.44
2024-11-08,Supramax,Russia,9.49,427.7,0.386
2024-11-09,Supramax,Russia,10.41,425.1,0.744
2024-11-10,Supramax,Russia,10.5,427.8,0.51
2024-11-11,Supramax,Russia,10.88,406.8,0.643
2024-11-12,Supramax,Russia,10.5,434.3,0.594
2024-11-13,Supramax,Russia,10.75,415.5,0.73
2024-11-14,Supramax,Russia,10.8,470.2,0.47
2024-11-15,Supramax,Russia,11.06,407.0,0.548
2024-11-16,Supramax,Russia,11.11,401.5,0.632
2024-11-17,Supramax,Russia,10.96,396.5,0.569
2024-11-18,Supramax,Russia,10.66,406.8,0.53
2024-11-19,Supramax,Russia,10.38,427.7,0.777
2024-11-20,Supramax,Russia,10.34,416.1,0.322
2024-11-21,Supramax,Russia,9.93,439.1,0.494
2024-11-22,Supramax,Russia,9.83,408.7,0.566
2024-11-23,Supramax,Russia,9.95,420.7,0.529
2024-11-24,Supramax,Russia,10.33,409.8,0.477
2024-11-25,Supramax,Russia,10.77,403.6,0.632
2024-11-26,Supramax,Russia,10.8,410.4,0.311
2024-11-27,Supramax,Russia,10.76,429.4,0.651
2024-11-28,Supramax,Russia,10.62,414.3,0.66
2024-11-29,Supramax,Russia,10.71,416.3,0.671
2024-11-30,Supramax,Russia,10.82,394.8,0.542
2024-12-01,Supramax,Russia,10.89,429.3,0.465
2024-12-02,Supramax,Russia,10.77,382.5,0.776
2024-12-03,Supramax,Russia,10.39,405.7,0.626
2024-12-04,Supramax,Russia,10.31,411.3,0.426
2024-12-05,Supramax,Russia,10.66,427.8,0.452
2024-12-06,Supramax,Russia,11.17,400.3,0.607
2024-12-07,Supramax,Russia,10.75,429.1,0.583
2024-12-08,Supramax,Russia,10.99,431.3,0.567
2024-12-09,Supramax,Russia,11.15,421.6,0.692
2024-12-10,Supramax,Russia,11.48,403.8,0.439
2024-12-11,Supramax,Russia,11.7,407.9,0.849
2024-12-12,Supramax,Russia,12.21,426.8,0.748
2024-12-13,Supramax,Russia,11.97,419.6,0.689
2024-12-14,Supramax,Russia,12.39,400.5,0.712
2024-12-15,Supramax,Russia,12.41,393.2,0.59
2024-12-16,Supramax,Russia,11.92,421.4,0.464
2024-12-17,Supramax,Russia,11.72,386.2,0.639
2024-12-18,Supramax,Russia,11.54,410.8,0.39
2024-12-19,Supramax,Russia,11.69,407.6,0.465
2024-12-20,Supramax,Russia,11.94,391.4,0.54
2024-12-21,Supramax,Russia,11.97,438.4,0.645
2024-12-22,Supramax,Russia,11.97,445.2,0.479
2024-12-23,Supramax,Russia,12.19,410.2,0.771
2024-12-24,Supramax,Russia,12.28,402.0,0.368
2024-12-25,Supramax,Russia,11.72,421.2,0.402
2024-12-26,Supramax,Russia,11.83,406.0,0.418
2024-12-27,Supramax,Russia,12.08,400.7,0.504
2024-12-28,Supramax,Russia,12.05,400.6,0.645
2024-12-29,Supramax,Russia,12.33,413.3,0.563
2024-12-30,Supramax,Russia,12.53,423.6,0.604
2024-12-31,Supramax,Russia,12.72,416.4,0.475
2025-01-01,Supramax,Russia,12.78,405.6,0.482
2025-01-02,Supramax,Russia,12.85,428.0,0.445
2025-01-03,Supramax,Russia,12.93,377.9,0.611
2025-01-04,Supramax,Russia,13.24,415.1,0.319
2025-01-05,Supramax,Russia,13.61,393.2,0.437
2025-01-06,Supramax,Russia,13.54,409.1,0.409
2025-01-07,Supramax,Russia,13.77,388.7,0.702
2025-01-08,Supramax,Russia,13.77,378.4,0.457
2025-01-09,Supramax,Russia,13.56,383.0,0.354
2025-01-10,Supramax,Russia,13.69,414.0,0.705
2025-01-11,Supramax,Russia,13.83,389.9,0.582
2025-01-12,Supramax,Russia,14.03,385.3,0.587
2025-01-13,Supramax,Russia,14.18,427.6,0.556
2025-01-14,Supramax,Russia,13.79,402.4,0.509
2025-01-15,Supramax,Russia,13.81,393.0,0.603
2025-01-16,Supramax,Russia,13.57,389.4,0.42
2025-01-17,Supramax,Russia,13.13,411.2,0.394
2025-01-18,Supramax,Russia,13.08,398.0,0.616
2025-01-19,Supramax,Russia,13.31,416.8,0.587
2025-01-20,Supramax,Russia,13.17,389.5,0.638
2025-01-21,Supramax,Russia,13.38,393.0,0.429
2025-01-22,Supramax,Russia,13.1,408.4,0.405
2025-01-23,Supramax,Russia,12.99,402.5,0.487
2025-01-24,Supramax,Russia,12.96,404.7,0.581
2025-01-25,Supramax,Russia,12.52,397.1,0.553
2025-01-26,Supramax,Russia,12.69,399.1,0.4
2025-01-27,Supramax,Russia,12.98,405.5,0.638
2025-01-28,Supramax,Russia,13.21,397.5,0.524
2025-01-29,Supramax,Russia,12.95,413.5,0.741
2025-01-30,Supramax,Russia,12.8,389.6,0.406
2025-01-31,Supramax,Russia,13.12,427.2,0.567
2025-02-01,Supramax,Russia,12.97,370.3,0.607
2025-02-02,Supramax,Russia,13.08,391.5,0.442
2025-02-03,Supramax,Russia,13.43,407.5,0.608
2025-02-04,Supramax,Russia,13.42,384.0,0.482
2025-02-05,Supramax,Russia,14.16,399.6,0.348
2025-02-06,Supramax,Russia,14.44,410.5,0.458
2025-02-07,Supramax,Russia,14.42,394.2,0.551
2025-02-08,Supramax,Russia,14.3,386.6,0.727
2025-02-09,Supramax,Russia,14.02,375.6,0.674
2025-02-10,Supramax,Russia,13.8,393.3,0.57
2025-02-11,Supramax,Russia,13.27,384.9,0.099
2025-02-12,Supramax,Russia,12.78,388.2,0.441
2025-02-13,Supramax,Russia,12.92,397.9,0.425
2025-02-14,Supramax,Russia,12.89,398.0,0.377
2025-02-15,Supramax,Russia,12.85,402.7,0.578
2025-02-16,Supramax,Russia,12.97,396.9,0.596
2025-02-17,Supramax,Russia,13.14,384.4,0.553
2025-02-18,Supramax,Russia,12.67,397.4,0.638
2025-02-19,Supramax,Russia,12.61,401.9,0.555
2025-02-20,Supramax,Russia,12.56,388.7,0.311
2025-02-21,Supramax,Russia,12.41,398.1,0.708
2025-02-22,Supramax,Russia,12.42,374.3,0.599
2025-02-23,Supramax,Russia,12.47,373.7,0.771
2025-02-24,Supramax,Russia,12.9,391.3,0.405
2025-02-25,Supramax,Russia,12.8,394.3,0.556
2025-02-26,Supramax,Russia,12.7,406.5,0.466
2025-02-27,Supramax,Russia,13.32,423.5,0.453
2025-02-28,Supramax,Russia,13.36,401.0,0.297
2025-03-01,Supramax,Russia,13.28,385.9,0.524
2025-03-02,Supramax,Russia,13.09,403.7,0.466
2025-03-03,Supramax,Russia,13.16,407.1,0.593
2025-03-04,Supramax,Russia,12.42,380.8,0.315
2025-03-05,Supramax,Russia,13.05,390.7,0.423
2025-03-06,Supramax,Russia,12.81,407.2,0.839
2025-03-07,Supramax,Russia,12.51,402.4,0.416
2025-03-08,Supramax,Russia,11.95,381.8,0.606
2025-03-09,Supramax,Russia,12.01,394.3,0.616
2025-03-10,Supramax,Russia,12.49,414.2,0.478
2025-03-11,Supramax,Russia,12.81,377.8,0.598
2025-03-12,Supramax,Russia,12.93,384.5,0.712
2025-03-13,Supramax,Russia,13.24,417.6,0.591
2025-03-14,Supramax,Russia,12.83,397.3,0.464
2025-03-15,Supramax,Russia,12.48,369.4,0.324
2025-03-16,Supramax,Russia,12.09,389.4,0.741
2025-03-17,Supramax,Russia,12.74,393.8,0.403
2025-03-18,Supramax,Russia,13.05,411.2,0.732
2025-03-19,Supramax,Russia,13.52,390.4,0.47
2025-03-20,Supramax,Russia,13.99,399.6,0.576
2025-03-21,Supramax,Russia,13.49,398.2,0.758
2025-03-22,Supramax,Russia,14.31,390.1,0.317
2025-03-23,Supramax,Russia,14.1,383.8,0.326
2025-03-24,Supramax,Russia,13.72,385.5,0.454
2025-03-25,Supramax,Russia,13.5,414.7,0.589
2025-03-26,Supramax,Russia,13.3,389.5,0.518
2025-03-27,Supramax,Russia,13.0,386.5,0.828
2025-03-28,Supramax,Russia,13.21,378.5,0.425
2025-03-29,Supramax,Russia,13.19,385.6,0.223
2025-03-30,Supramax,Russia,13.01,404.1,0.415
2025-03-31,Supramax,Russia,12.94,410.3,0.477
2025-04-01,Supramax,Russia,13.09,378.2,0.556
2025-04-02,Supramax,Russia,12.75,394.8,0.434
2025-04-03,Supramax,Russia,12.49,413.6,0.499
2025-04-04,Supramax,Russia,12.88,384.3,0.269
2025-04-05,Supramax,Russia,12.83,359.7,0.632
2025-04-06,Supramax,Russia,13.2,411.8,0.279
2025-04-07,Supramax,Russia,12.71,386.9,0.519
2025-04-08,Supramax,Russia,12.48,383.9,0.479
2025-04-09,Supramax,Russia,11.7,385.8,0.451
2025-04-10,Supramax,Russia,11.44,378.4,0.357
2025-04-11,Supramax,Russia,11.6,411.0,0.629
2025-04-12,Supramax,Russia,11.7,381.6,0.372
2025-04-13,Supramax,Russia,11.64,398.7,0.179
2025-04-14,Supramax,Russia,11.86,369.8,0.255
2025-04-15,Supramax,Russia,11.42,394.5,0.361
2025-04-16,Supramax,Russia,12.41,383.5,0.491
2025-04-17,Supramax,Russia,12.37,397.9,0.582
2025-04-18,Supramax,Russia,12.37,399.8,0.559
2025-04-19,Supramax,Russia,12.13,402.9,0.484
2025-04-20,Supramax,Russia,12.17,398.3,0.643
2025-04-21,Supramax,Russia,11.83,413.4,0.411
2025-04-22,Supramax,Russia,11.28,373.2,0.592
2025-04-23,Supramax,Russia,10.87,385.4,0.404
2025-04-24,Supramax,Russia,10.81,393.4,0.374
2025-04-25,Supramax,Russia,10.56,408.4,0.495
2025-04-26,Supramax,Russia,10.07,422.9,0.447
2025-04-27,Supramax,Russia,10.3,358.3,0.629
2025-04-28,Supramax,Russia,9.95,398.8,0.216
2025-04-29,Supramax,Russia,9.71,388.2,0.494
2025-04-30,Supramax,Russia,9.72,377.7,0.239
2025-05-01,Supramax,Russia,9.67,375.1,0.395
2025-05-02,Supramax,Russia,9.39,387.9,0.087
2025-05-03,Supramax,Russia,9.82,417.6,0.196
2025-05-04,Supramax,Russia,9.91,361.2,0.364
2025-05-05,Supramax,Russia,9.62,376.0,0.363
2025-05-06,Supramax,Russia,9.41,374.5,0.583
2025-05-07,Supramax,Russia,9.11,392.7,0.337
2025-05-08,Supramax,Russia,8.5,393.5,0.515
2025-05-09,Supramax,Russia,8.67,363.3,0.567
2025-05-10,Supramax,Russia,9.01,388.2,0.364
2025-05-11,Supramax,Russia,9.77,402.8,0.397
2025-05-12,Supramax,Russia,9.93,400.5,0.329
2025-05-13,Supramax,Russia,9.67,391.8,0.252
2025-05-14,Supramax,Russia,8.96,366.8,0.555
2025-05-15,Supramax,Russia,9.06,393.3,0.527
2025-05-16,Supramax,Russia,9.7,382.2,0.352
2025-05-17,Supramax,Russia,9.27,379.5,0.488
2025-05-18,Supramax,Russia,9.48,387.0,0.263
2025-05-19,Supramax,Russia,9.41,386.2,0.162
2025-05-20,Supramax,Russia,9.44,379.9,0.464
2025-05-21,Supramax,Russia,9.56,383.1,0.168
2025-05-22,Supramax,Russia,9.5,388.7,0.423
2025-05-23,Supramax,Russia,9.0,398.5,0.563
2025-05-24,Supramax,Russia,9.27,361.9,0.183
2025-05-25,Supramax,Russia,9.47,412.5,0.259
2025-05-26,Supramax,Russia,9.49,391.3,0.45
2025-05-27,Supramax,Russia,8.5,423.0,0.321
2025-05-28,Supramax,Russia,8.51,381.0,0.314
2025-05-29,Supramax,Russia,9.07,365.7,0.398
2025-05-30,Supramax,Russia,9.24,391.6,0.518
2025-05-31,Supramax,Russia,9.28,406.4,0.538
2025-06-01,Supramax,Russia,9.9,374.4,0.089
2025-06-02,Supramax,Russia,10.05,395.1,0.0
2025-06-03,Supramax,Russia,9.46,379.4,0.148
2025-06-04,Supramax,Russia,9.22,401.7,0.21
2025-06-05,Supramax,Russia,9.38,377.2,0.416
2025-06-06,Supramax,Russia,9.39,389.8,0.335
2025-06-07,Supramax,Russia,9.75,399.0,0.462
2025-06-08,Supramax,Russia,9.46,384.5,0.447
2025-06-09,Supramax,Russia,9.55,408.9,0.421
2025-06-10,Supramax,Russia,9.55,407.3,0.43
2025-06-11,Supramax,Russia,9.74,390.6,0.383
2025-06-12,Supramax,Russia,9.75,374.7,0.281
2025-06-13,Supramax,Russia,10.31,394.8,0.247
2025-06-14,Supramax,Russia,10.0,426.5,0.196
2025-06-15,Supramax,Russia,10.45,384.1,0.481
2025-06-16,Supramax,Russia,10.84,430.5,0.195
2025-06-17,Supramax,Russia,10.67,397.2,0.28
2025-06-18,Supramax,Russia,10.3,391.9,0.294
2025-06-19,Supramax,Russia,10.09,392.4,0.34
2025-06-20,Supramax,Russia,9.58,394.0,0.535
2025-06-21,Supramax,Russia,9.58,378.8,0.125
2025-06-22,Supramax,Russia,9.55,399.8,0.273
2025-06-23,Supramax,Russia,9.43,411.3,0.357
2025-06-24,Supramax,Russia,9.58,394.7,0.273
2025-06-25,Supramax,Russia,9.76,364.1,0.502
2025-06-26,Supramax,Russia,10.08,397.4,0.246
2025-06-27,Supramax,Russia,9.96,383.6,0.36
2025-06-28,Supramax,Russia,10.31,367.4,0.547
2025-06-29,Supramax,Russia,10.17,380.0,0.675
2025-06-30,Supramax,Russia,10.28,375.3,0.114
2025-07-01,Supramax,Russia,10.58,414.7,0.045
2025-07-02,Supramax,Russia,10.77,384.9,0.382
2025-07-03,Supramax,Russia,10.7,407.0,0.047
2025-07-04,Supramax,Russia,10.72,388.6,0.409
2025-07-05,Supramax,Russia,10.87,394.8,0.265
2025-07-06,Supramax,Russia,10.7,386.4,0.41
2025-07-07,Supramax,Russia,10.18,372.7,0.227
2025-07-08,Supramax,Russia,10.14,405.1,0.257
2025-07-09,Supramax,Russia,9.95,404.8,0.447
2025-07-10,Supramax,Russia,10.53,364.7,0.308
2025-07-11,Supramax,Russia,10.57,416.5,0.379
2025-07-12,Supramax,Russia,10.57,378.4,0.098
2025-07-13,Supramax,Russia,10.29,389.7,0.476
2025-07-14,Supramax,Russia,10.43,403.0,0.456
2025-07-15,Supramax,Russia,10.36,411.1,0.53
2025-07-16,Supramax,Russia,9.9,426.3,0.048
2025-07-17,Supramax,Russia,10.0,405.1,0.559
2025-07-18,Supramax,Russia,9.54,414.7,0.157
2025-07-19,Supramax,Russia,9.2,374.9,0.309
2025-07-20,Supramax,Russia,9.69,391.8,0.001
2025-07-21,Supramax,Russia,9.92,417.1,0.357
2025-07-22,Supramax,Russia,9.93,398.3,0.263
2025-07-23,Supramax,Russia,10.06,415.3,0.206
2025-07-24,Supramax,Russia,9.86,385.8,0.345
2025-07-25,Supramax,Russia,9.96,392.2,0.293
2025-07-26,Supramax,Russia,10.23,376.0,0.184
2025-07-27,Supramax,Russia,9.86,396.4,0.318
2025-07-28,Supramax,Russia,10.0,405.0,0.088
2025-07-29,Supramax,Russia,9.74,400.6,0.439
2025-07-30,Supramax,Russia,9.94,381.7,0.201
2025-07-31,Supramax,Russia,9.38,400.3,0.203
2025-08-01,Supramax,Russia,9.52,381.0,0.268
2025-08-02,Supramax,Russia,9.4,415.7,0.44
2025-08-03,Supramax,Russia,9.74,413.1,0.242
2025-08-04,Supramax,Russia,9.73,398.7,0.275
2025-08-05,Supramax,Russia,9.22,381.2,0.542
2025-08-06,Supramax,Russia,8.67,415.6,0.5
2025-08-07,Supramax,Russia,8.79,404.4,0.406
2025-08-08,Supramax,Russia,9.17,409.6,0.38
2025-08-09,Supramax,Russia,9.32,392.6,0.31
2025-08-10,Supramax,Russia,8.7,398.5,0.542
2025-08-11,Supramax,Russia,8.97,389.9,0.342
2025-08-12,Supramax,Russia,8.99,396.1,0.331
2025-08-13,Supramax,Russia,9.04,404.6,0.538
2025-08-14,Supramax,Russia,8.81,394.3,0.203
2025-08-15,Supramax,Russia,8.2,401.5,0.282
2025-08-16,Supramax,Russia,8.4,404.9,0.175
2025-08-17,Supramax,Russia,8.52,415.1,0.234
2025-08-18,Supramax,Russia,7.69,405.4,0.297
2025-08-19,Supramax,Russia,8.04,357.6,0.194
2025-08-20,Supramax,Russia,8.44,380.0,0.455
2025-08-21,Supramax,Russia,8.37,380.6,0.237
2025-08-22,Supramax,Russia,8.46,416.4,0.176
2025-08-23,Supramax,Russia,9.12,370.7,0.047
2025-08-24,Supramax,Russia,8.82,394.9,0.109
2025-08-25,Supramax,Russia,9.16,389.2,0.212
2025-08-26,Supramax,Russia,9.17,388.5,0.225
2025-08-27,Supramax,Russia,9.14,392.3,0.226
2025-08-28,Supramax,Russia,9.06,405.1,0.128
2025-08-29,Supramax,Russia,8.96,401.2,0.436
2025-08-30,Supramax,Russia,9.72,415.8,0.318
2025-08-31,Supramax,Russia,9.92,430.0,0.351
2025-09-01,Supramax,Russia,9.71,383.8,0.222
2025-09-02,Supramax,Russia,9.04,417.4,0.319
2025-09-03,Supramax,Russia,10.14,401.6,0.132
2025-09-04,Supramax,Russia,10.42,425.4,0.106
2025-09-05,Supramax,Russia,10.5,411.5,0.555
2025-09-06,Supramax,Russia,9.92,402.7,0.0
2025-09-07,Supramax,Russia,10.32,407.6,0.254
2025-09-08,Supramax,Russia,10.41,410.0,0.162
2025-09-09,Supramax,Russia,10.65,411.6,0.204
2025-09-10,Supramax,Russia,10.04,415.5,0.347
2025-09-11,Supramax,Russia,10.31,407.6,0.217
2025-09-12,Supramax,Russia,10.84,402.0,0.354
2025-09-13,Supramax,Russia,10.2,379.2,0.599
2025-09-14,Supramax,Russia,10.56,383.8,0.484
2025-09-15,Supramax,Russia,10.6,415.3,0.277
2025-09-16,Supramax,Russia,10.67,401.2,0.194
2025-09-17,Supramax,Russia,10.28,395.3,0.266
2025-09-18,Supramax,Russia,9.73,390.5,0.379
2025-09-19,Supramax,Russia,9.77,378.6,0.029
2025-09-20,Supramax,Russia,10.1,410.6,0.271
2025-09-21,Supramax,Russia,9.29,436.8,0.388
2025-09-22,Supramax,Russia,9.15,434.7,0.356
2025-09-23,Supramax,Russia,9.18,419.3,0.382
2025-09-24,Supramax,Russia,9.29,404.2,0.396
2025-09-25,Supramax,Russia,9.31,398.0,0.147
2025-09-26,Supramax,Russia,9.43,425.6,0.325
2025-09-27,Supramax,Russia,10.03,408.4,0.093
2025-09-28,Supramax,Russia,10.33,402.9,0.18
2025-09-29,Supramax,Russia,10.24,389.7,0.298
2025-09-30,Supramax,Russia,10.42,416.8,0.186
2025-10-01,Supramax,Russia,9.89,427.9,0.443
2025-10-02,Supramax,Russia,8.87,408.2,0.438
2025-10-03,Supramax,Russia,8.75,397.4,0.157
2025-10-04,Supramax,Russia,9.18,404.6,0.263
2025-10-05,Supramax,Russia,8.74,424.7,0.507
2025-10-06,Supramax,Russia,8.72,415.0,0.14
2025-10-07,Supramax,Russia,9.15,429.2,0.168
2025-10-08,Supramax,Russia,8.84,402.4,0.51
2025-10-09,Supramax,Russia,8.97,402.9,0.296
2025-10-10,Supramax,Russia,9.22,418.2,0.515
2025-10-11,Supramax,Russia,9.18,393.9,0.318
2025-10-12,Supramax,Russia,9.54,407.0,0.233
2025-10-13,Supramax,Russia,9.29,401.8,0.473
2025-10-14,Supramax,Russia,9.37,409.6,0.492
2025-10-15,Supramax,Russia,9.82,379.9,0.0
2025-10-16,Supramax,Russia,9.78,413.3,0.295
2025-10-17,Supramax,Russia,9.86,414.4,0.438
2025-10-18,Supramax,Russia,10.45,421.6,0.255
2025-10-19,Supramax,Russia,10.9,399.1,0.448
2025-10-20,Supramax,Russia,10.8,421.8,0.23
2025-10-21,Supramax,Russia,10.69,428.1,0.325
2025-10-22,Supramax,Russia,11.07,435.2,0.365
2025-10-23,Supramax,Russia,10.93,439.2,0.37
2025-10-24,Supramax,Russia,11.13,406.3,0.0
2025-10-25,Supramax,Russia,11.51,420.3,0.143
2025-10-26,Supramax,Russia,11.43,428.1,0.051
2025-10-27,Supramax,Russia,11.51,439.5,0.115
2025-10-28,Supramax,Russia,11.46,431.2,0.313
2025-10-29,Supramax,Russia,12.03,431.0,0.16
2025-10-30,Supramax,Russia,11.99,421.5,0.102
2025-10-31,Supramax,Russia,11.96,418.2,0.297
2025-11-01,Supramax,Russia,12.36,434.5,0.373
2025-11-02,Supramax,Russia,12.44,392.3,0.428
2025-11-03,Supramax,Russia,12.32,413.6,0.0
2025-11-04,Supramax,Russia,12.41,411.3,0.16
2025-11-05,Supramax,Russia,12.31,426.2,0.013
2025-11-06,Supramax,Russia,12.07,411.5,0.09
2025-11-07,Supramax,Russia,12.04,421.7,0.316
2025-11-08,Supramax,Russia,12.06,399.4,0.48
2025-11-09,Supramax,Russia,12.07,407.9,0.287
2025-11-10,Supramax,Russia,11.9,396.6,0.0
2025-11-11,Supramax,Russia,12.42,399.0,0.334
2025-11-12,Supramax,Russia,12.15,431.9,0.39
2025-11-13,Supramax,Russia,12.27,429.9,0.28
2025-11-14,Supramax,Russia,12.15,438.9,0.076
2025-11-15,Supramax,Russia,11.95,427.7,0.277
2025-11-16,Supramax,Russia,11.58,420.6,0.217
2025-11-17,Supramax,Russia,11.55,450.4,0.295
2025-11-18,Supramax,Russia,11.61,447.7,0.442
2025-11-19,Supramax,Russia,11.9,414.1,0.186
2025-11-20,Supramax,Russia,11.94,409.9,0.502
2025-11-21,Supramax,Russia,11.94,439.0,0.528
2025-11-22,Supramax,Russia,12.19,456.1,0.257
2025-11-23,Supramax,Russia,12.33,420.6,0.334
2025-11-24,Supramax,Russia,12.31,402.1,0.173
2025-11-25,Supramax,Russia,11.86,416.1,0.362
2025-11-26,Supramax,Russia,12.14,453.6,0.412
2025-11-27,Supramax,Russia,12.46,442.6,0.294
2025-11-28,Supramax,Russia,12.7,421.8,0.123
2025-11-29,Supramax,Russia,12.25,432.2,0.404
2025-11-30,Supramax,Russia,12.43,425.2,0.449
2025-12-01,Supramax,Russia,12.6,425.9,0.317
2025-12-02,Supramax,Russia,12.52,428.8,0.526
2025-12-03,Supramax,Russia,12.81,402.1,0.618
2025-12-04,Supramax,Russia,12.94,449.8,0.317
2025-12-05,Supramax,Russia,12.89,413.3,0.473
2025-12-06,Supramax,Russia,13.1,427.2,0.3
2025-12-07,Supramax,Russia,12.86,399.3,0.208
2025-12-08,Supramax,Russia,12.93,413.3,0.382
2025-12-09,Supramax,Russia,12.32,411.2,0.097
2025-12-10,Supramax,Russia,11.82,451.6,0.273
2025-12-11,Supramax,Russia,12.16,423.6,0.199
2025-12-12,Supramax,Russia,12.52,437.9,0.33
2025-12-13,Supramax,Russia,12.38,409.3,0.391
2025-12-14,Supramax,Russia,12.5,462.5,0.311
2025-12-15,Supramax,Russia,12.49,433.5,0.216
2025-12-16,Supramax,Russia,12.43,430.7,0.235
2025-12-17,Supramax,Russia,12.41,478.4,0.27
2025-12-18,Supramax,Russia,12.32,439.1,0.2
2025-12-19,Supramax,Russia,12.2,409.7,0.36
2025-12-20,Supramax,Russia,12.77,437.1,0.066
2025-12-21,Supramax,Russia,12.81,431.6,0.149
2025-12-22,Supramax,Russia,12.96,426.6,0.306
2025-12-23,Supramax,Russia,12.94,433.1,0.651
2025-12-24,Supramax,Russia,12.87,438.5,0.454
2025-12-25,Supramax,Russia,12.79,432.2,0.697
2025-12-26,Supramax,Russia,12.43,445.4,0.294
2025-12-27,Supramax,Russia,12.89,443.9,0.367
2025-12-28,Supramax,Russia,12.19,433.7,0.527
2025-12-29,Supramax,Russia,12.42,436.7,0.264
2025-12-30,Supramax,Russia,12.57,413.9,0.114
2023-01-01,Supramax,USA,18.15,479.4,0.35
2023-01-02,Supramax,USA,18.45,440.5,0.222
2023-01-03,Supramax,USA,18.78,445.6,0.325
2023-01-04,Supramax,USA,19.48,438.2,0.35
2023-01-05,Supramax,USA,19.34,457.8,0.482
2023-01-06,Supramax,USA,19.21,494.5,0.424
2023-01-07,Supramax,USA,19.29,465.4,0.288
2023-01-08,Supramax,USA,18.92,445.4,0.0
2023-01-09,Supramax,USA,18.66,453.1,0.482
2023-01-10,Supramax,USA,19.07,427.7,0.429
2023-01-11,Supramax,USA,19.03,461.8,0.39
2023-01-12,Supramax,USA,19.09,466.8,0.301
2023-01-13,Supramax,USA,18.84,457.1,0.519
2023-01-14,Supramax,USA,19.57,471.6,0.68
2023-01-15,Supramax,USA,19.81,461.1,0.332
2023-01-16,Supramax,USA,19.69,442.5,0.408
2023-01-17,Supramax,USA,19.2,469.4,0.605
2023-01-18,Supramax,USA,19.41,438.5,0.438
2023-01-19,Supramax,USA,19.23,449.5,0.415
2023-01-20,Supramax,USA,19.7,470.8,0.927
2023-01-21,Supramax,USA,19.37,431.7,0.379
2023-01-22,Supramax,USA,19.34,481.7,0.355
2023-01-23,Supramax,USA,20.13,462.0,0.436
2023-01-24,Supramax,USA,19.99,443.0,0.524
2023-01-25,Supramax,USA,19.47,443.1,0.323
2023-01-26,Supramax,USA,19.26,466.7,0.3
2023-01-27,Supramax,USA,18.31,474.6,0.563
2023-01-28,Supramax,USA,18.29,487.5,0.426
2023-01-29,Supramax,USA,18.25,464.0,0.359
2023-01-30,Supramax,USA,18.46,480.6,0.366
2023-01-31,Supramax,USA,18.21,480.4,0.609
2023-02-01,Supramax,USA,18.66,438.2,0.43
2023-02-02,Supramax,USA,18.89,445.2,0.646
2023-02-03,Supramax,USA,19.07,474.5,0.506
2023-02-04,Supramax,USA,19.09,474.3,0.505
2023-02-05,Supramax,USA,18.92,455.6,0.692
2023-02-06,Supramax,USA,17.94,468.2,0.334
2023-02-07,Supramax,USA,17.98,472.9,0.686
2023-02-08,Supramax,USA,18.45,459.2,0.497
2023-02-09,Supramax,USA,18.35,465.2,0.196
2023-02-10,Supramax,USA,18.94,463.4,0.732
2023-02-11,Supramax,USA,19.0,451.0,0.511
2023-02-12,Supramax,USA,18.97,467.5,0.196
2023-02-13,Supramax,USA,19.17,468.4,0.243
2023-02-14,Supramax,USA,19.27,448.2,0.466
2023-02-15,Supramax,USA,18.75,463.3,0.25
2023-02-16,Supramax,USA,18.92,461.2,0.368
2023-02-17,Supramax,USA,18.81,458.5,0.439
2023-02-18,Supramax,USA,17.99,495.7,0.645
2023-02-19,Supramax,USA,17.35,456.7,0.553
2023-02-20,Supramax,USA,17.58,463.2,0.634
2023-02-21,Supramax,USA,17.23,474.7,0.409
2023-02-22,Supramax,USA,17.79,498.8,0.629
2023-02-23,Supramax,USA,17.94,462.8,0.545
2023-02-24,Supramax,USA,18.0,473.5,0.423
2023-02-25,Supramax,USA,17.51,472.1,0.428
2023-02-26,Supramax,USA,17.78,449.2,0.289
2023-02-27,Supramax,USA,18.78,470.1,0.652
2023-02-28,Supramax,USA,18.9,456.2,0.664
2023-03-01,Supramax,USA,18.48,461.7,0.576
2023-03-02,Supramax,USA,18.85,465.7,0.152
2023-03-03,Supramax,USA,18.84,476.7,0.445
2023-03-04,Supramax,USA,18.68,494.6,0.708
2023-03-05,Supramax,USA,18.66,503.6,0.487
2023-03-06,Supramax,USA,18.39,451.6,0.56
2023-03-07,Supramax,USA,18.66,445.4,0.703
2023-03-08,Supramax,USA,18.96,470.1,0.366
2023-03-09,Supramax,USA,19.4,468.4,0.496
2023-03-10,Supramax,USA,19.89,436.9,0.35
2023-03-11,Supramax,USA,19.87,469.5,0.431
2023-03-12,Supramax,USA,19.57,501.2,0.36
2023-03-13,Supramax,USA,19.76,480.9,0.252
2023-03-14,Supramax,USA,20.14,460.7,0.15
2023-03-15,Supramax,USA,19.35,477.1,0.335
2023-03-16,Supramax,USA,19.15,496.5,0.433
2023-03-17,Supramax,USA,18.89,491.2,0.627
2023-03-18,Supramax,USA,19.14,479.9,0.403
2023-03-19,Supramax,USA,18.6,466.2,0.659
2023-03-20,Supramax,USA,18.79,464.2,0.594
2023-03-21,Supramax,USA,18.25,483.4,0.298
2023-03-22,Supramax,USA,18.29,452.4,0.109
2023-03-23,Supramax,USA,18.51,476.1,0.383
2023-03-24,Supramax,USA,18.95,489.2,0.652
2023-03-25,Supramax,USA,18.92,492.5,0.495
2023-03-26,Supramax,USA,18.52,453.9,0.628
2023-03-27,Supramax,USA,18.6,461.6,0.436
2023-03-28,Supramax,USA,18.66,473.5,0.926
2023-03-29,Supramax,USA,18.56,505.6,0.5
2023-03-30,Supramax,USA,19.33,485.9,0.599
2023-03-31,Supramax,USA,19.39,456.3,0.577
2023-04-01,Supramax,USA,19.4,462.1,0.539
2023-04-02,Supramax,USA,19.19,491.6,0.57
2023-04-03,Supramax,USA,19.19,480.9,0.507
2023-04-04,Supramax,USA,18.71,497.6,0.437
2023-04-05,Supramax,USA,18.83,460.1,0.519
2023-04-06,Supramax,USA,18.95,472.4,0.502
2023-04-07,Supramax,USA,19.19,502.9,0.522
2023-04-08,Supramax,USA,18.89,491.3,0.667
2023-04-09,Supramax,USA,19.41,491.9,0.349
2023-04-10,Supramax,USA,19.59,502.3,0.548
2023-04-11,Supramax,USA,19.63,472.9,0.666
2023-04-12,Supramax,USA,19.51,487.3,0.679
2023-04-13,Supramax,USA,20.32,458.2,0.176
2023-04-14,Supramax,USA,20.27,491.7,0.904
2023-04-15,Supramax,USA,20.44,517.7,0.821
2023-04-16,Supramax,USA,19.83,504.2,0.335
2023-04-17,Supramax,USA,20.15,475.8,0.887
2023-04-18,Supramax,USA,20.45,488.8,0.613
2023-04-19,Supramax,USA,20.65,471.7,0.219
2023-04-20,Supramax,USA,20.34,479.9,0.537
2023-04-21,Supramax,USA,20.82,477.8,0.495
2023-04-22,Supramax,USA,19.71,475.5,0.502
2023-04-23,Supramax,USA,19.75,463.4,0.46
2023-04-24,Supramax,USA,19.51,474.9,0.382
2023-04-25,Supramax,USA,19.89,480.0,0.42
2023-04-26,Supramax,USA,20.21,490.5,0.598
2023-04-27,Supramax,USA,20.28,491.7,0.563
2023-04-28,Supramax,USA,20.0,491.9,0.436
2023-04-29,Supramax,USA,19.85,486.4,0.525
2023-04-30,Supramax,USA,19.92,503.4,0.674
2023-05-01,Supramax,USA,20.4,491.4,0.608
2023-05-02,Supramax,USA,20.76,478.9,0.613
2023-05-03,Supramax,USA,21.05,481.1,0.379
2023-05-04,Supramax,USA,20.77,471.2,0.47
2023-05-05,Supramax,USA,20.54,530.9,0.4
2023-05-06,Supramax,USA,20.9,500.9,0.535
2023-05-07,Supramax,USA,21.31,510.2,0.755
2023-05-08,Supramax,USA,21.35,501.9,0.514
2023-05-09,Supramax,USA,20.99,478.8,0.604
2023-05-10,Supramax,USA,20.76,513.2,0.403
2023-05-11,Supramax,USA,20.32,482.8,0.401
2023-05-12,Supramax,USA,20.44,494.9,0.636
2023-05-13,Supramax,USA,20.07,494.9,0.417
2023-05-14,Supramax,USA,19.64,487.9,0.417
2023-05-15,Supramax,USA,20.15,519.5,0.585
2023-05-16,Supramax,USA,20.31,467.3,0.282
2023-05-17,Supramax,USA,20.48,489.9,0.47
2023-05-18,Supramax,USA,20.28,505.3,0.57
2023-05-19,Supramax,USA,19.73,506.4,0.488
2023-05-20,Supramax,USA,19.48,496.9,0.559
2023-05-21,Supramax,USA,19.39,511.9,0.264
2023-05-22,Supramax,USA,19.16,479.2,0.751
2023-05-23,Supramax,USA,19.46,516.2,0.806
2023-05-24,Supramax,USA,18.93,486.8,0.503
2023-05-25,Supramax,USA,18.66,509.2,0.549
2023-05-26,Supramax,USA,18.67,468.2,0.455
2023-05-27,Supramax,USA,18.46,525.3,0.483
2023-05-28,Supramax,USA,18.8,483.9,0.634
2023-05-29,Supramax,USA,18.94,485.4,0.62
2023-05-30,Supramax,USA,19.54,482.4,0.48
2023-05-31,Supramax,USA,19.75,477.4,0.403
2023-06-01,Supramax,USA,19.38,496.0,0.426
2023-06-02,Supramax,USA,19.92,500.0,0.639
2023-06-03,Supramax,USA,19.87,506.6,0.557
2023-06-04,Supramax,USA,19.44,511.6,0.662
2023-06-05,Supramax,USA,19.14,526.4,0.739
2023-06-06,Supramax,USA,19.05,498.2,0.578
2023-06-07,Supramax,USA,18.91,474.9,0.471
2023-06-08,Supramax,USA,18.67,497.0,0.492
2023-06-09,Supramax,USA,18.43,490.7,0.885
2023-06-10,Supramax,USA,18.04,483.5,0.664
2023-06-11,Supramax,USA,17.78,489.0,0.714
2023-06-12,Supramax,USA,17.46,498.7,0.432
2023-06-13,Supramax,USA,18.04,454.4,0.62
2023-06-14,Supramax,USA,18.55,505.2,0.49
2023-06-15,Supramax,USA,18.33,526.3,0.729
2023-06-16,Supramax,USA,17.74,487.1,0.37
2023-06-17,Supramax,USA,17.51,482.1,0.548
2023-06-18,Supramax,USA,17.65,529.9,0.75
2023-06-19,Supramax,USA,18.08,508.2,0.536
2023-06-20,Supramax,USA,17.71,493.8,0.425
2023-06-21,Supramax,USA,17.22,512.9,0.801
2023-06-22,Supramax,USA,17.15,489.9,0.482
2023-06-23,Supramax,USA,17.32,488.1,0.577
2023-06-24,Supramax,USA,17.56,493.2,0.576
2023-06-25,Supramax,USA,17.79,512.1,0.657
2023-06-26,Supramax,USA,18.28,512.4,0.565
2023-06-27,Supramax,USA,18.49,489.9,0.579
2023-06-28,Supramax,USA,18.81,503.0,0.563
2023-06-29,Supramax,USA,18.5,498.3,0.564
2023-06-30,Supramax,USA,18.42,492.2,0.595
2023-07-01,Supramax,USA,18.85,490.2,0.462
2023-07-02,Supramax,USA,18.5,507.4,0.373
2023-07-03,Supramax,USA,19.06,482.6,0.265
2023-07-04,Supramax,USA,19.03,529.9,0.573
2023-07-05,Supramax,USA,19.15,521.3,0.378
2023-07-06,Supramax,USA,19.06,477.8,0.515
2023-07-07,Supramax,USA,19.14,513.5,0.463
2023-07-08,Supramax,USA,19.13,507.2,0.605
2023-07-09,Supramax,USA,19.26,503.3,0.61
2023-07-10,Supramax,USA,19.49,496.2,0.552
2023-07-11,Supramax,USA,19.87,468.8,0.591
2023-07-12,Supramax,USA,19.65,515.0,0.579
2023-07-13,Supramax,USA,19.68,489.7,0.436
2023-07-14,Supramax,USA,19.81,496.6,0.402
2023-07-15,Supramax,USA,19.53,520.8,0.502
2023-07-16,Supramax,USA,18.97,517.5,0.391
2023-07-17,Supramax,USA,18.77,500.0,0.499
2023-07-18,Supramax,USA,18.06,499.9,0.775
2023-07-19,Supramax,USA,17.98,522.1,0.628
2023-07-20,Supramax,USA,18.11,494.3,0.546
2023-07-21,Supramax,USA,17.8,504.1,0.404
2023-07-22,Supramax,USA,17.16,497.7,0.599
2023-07-23,Supramax,USA,16.99,488.9,0.358
2023-07-24,Supramax,USA,16.76,504.8,0.641
2023-07-25,Supramax,USA,16.92,499.2,0.385
2023-07-26,Supramax,USA,16.48,510.9,0.614
2023-07-27,Supramax,USA,16.94,498.4,0.537
2023-07-28,Supramax,USA,17.24,498.4,0.406
2023-07-29,Supramax,USA,17.52,506.0,0.514
2023-07-30,Supramax,USA,18.02,490.6,0.335
2023-07-31,Supramax,USA,17.61,493.4,0.774
2023-08-01,Supramax,USA,16.94,485.8,0.475
2023-08-02,Supramax,USA,16.65,502.8,0.632
2023-08-03,Supramax,USA,16.38,491.4,0.408
2023-08-04,Supramax,USA,16.17,510.9,0.622
2023-08-05,Supramax,USA,15.66,488.1,0.713
2023-08-06,Supramax,USA,14.67,489.4,0.352
2023-08-07,Supramax,USA,14.46,488.0,0.568
2023-08-08,Supramax,USA,14.72,477.9,0.459
2023-08-09,Supramax,USA,15.06,486.8,0.275
2023-08-10,Supramax,USA,14.76,476.1,0.0
2023-08-11,Supramax,USA,15.07,491.9,0.344
2023-08-12,Supramax,USA,14.75,504.1,0.912
2023-08-13,Supramax,USA,14.27,520.3,0.636
2023-08-14,Supramax,USA,14.35,502.2,0.265
2023-08-15,Supramax,USA,15.28,517.7,0.761
2023-08-16,Supramax,USA,14.44,482.0,0.601
2023-08-17,Supramax,USA,15.09,502.4,0.565
2023-08-18,Supramax,USA,15.48,508.1,0.467
2023-08-19,Supramax,USA,16.09,510.4,0.758
2023-08-20,Supramax,USA,15.87,505.5,0.301
2023-08-21,Supramax,USA,16.46,499.1,0.467
2023-08-22,Supramax,USA,16.11,497.8,0.511
2023-08-23,Supramax,USA,16.07,498.5,0.588
2023-08-24,Supramax,USA,16.16,526.1,0.683
2023-08-25,Supramax,USA,15.79,523.0,0.334
2023-08-26,Supramax,USA,15.24,540.5,0.508
2023-08-27,Supramax,USA,15.16,486.0,0.56
2023-08-28,Supramax,USA,15.16,498.6,0.275
2023-08-29,Supramax,USA,14.6,502.6,0.743
2023-08-30,Supramax,USA,14.43,498.6,0.709
2023-08-31,Supramax,USA,14.43,484.5,0.683
2023-09-01,Supramax,USA,14.88,499.9,0.396
2023-09-02,Supramax,USA,14.43,515.2,0.271
2023-09-03,Supramax,USA,14.58,532.1,0.277
2023-09-04,Supramax,USA,14.58,530.8,0.27
2023-09-05,Supramax,USA,14.42,502.7,0.392
2023-09-06,Supramax,USA,15.28,511.9,0.398
2023-09-07,Supramax,USA,15.32,501.7,0.495
2023-09-08,Supramax,USA,16.25,500.6,0.599
2023-09-09,Supramax,USA,15.69,508.0,0.582
2023-09-10,Supramax,USA,15.91,504.8,0.426
2023-09-11,Supramax,USA,16.15,511.1,0.611
2023-09-12,Supramax,USA,16.58,483.4,0.568
2023-09-13,Supramax,USA,16.72,495.3,0.583
2023-09-14,Supramax,USA,17.21,540.9,0.417
2023-09-15,Supramax,USA,16.24,509.3,0.565
2023-09-16,Supramax,USA,15.14,493.9,0.499
2023-09-17,Supramax,USA,15.24,506.3,0.398
2023-09-18,Supramax,USA,15.48,487.0,0.707
2023-09-19,Supramax,USA,15.45,499.6,0.336
2023-09-20,Supramax,USA,15.04,487.3,0.0
2023-09-21,Supramax,USA,14.79,491.4,0.309
2023-09-22,Supramax,USA,13.93,509.6,0.408
2023-09-23,Supramax,USA,14.02,495.9,0.443
2023-09-24,Supramax,USA,14.1,533.6,0.31
2023-09-25,Supramax,USA,13.73,506.9,0.13
2023-09-26,Supramax,USA,14.12,520.9,0.687
2023-09-27,Supramax,USA,14.42,511.3,0.813
2023-09-28,Supramax,USA,14.59,523.3,0.456
2023-09-29,Supramax,USA,13.17,506.3,0.599
2023-09-30,Supramax,USA,13.06,522.0,0.418
2023-10-01,Supramax,USA,12.97,497.6,0.529
2023-10-02,Supramax,USA,13.46,498.3,0.191
2023-10-03,Supramax,USA,13.93,510.5,0.58
2023-10-04,Supramax,USA,14.11,504.9,0.471
2023-10-05,Supramax,USA,13.63,491.0,0.393
2023-10-06,Supramax,USA,14.1,523.8,0.314
2023-10-07,Supramax,USA,14.55,508.6,0.252
2023-10-08,Supramax,USA,14.63,515.3,0.452
2023-10-09,Supramax,USA,15.4,522.5,0.103
2023-10-10,Supramax,USA,15.9,506.4,0.412
2023-10-11,Supramax,USA,14.77,514.5,0.204
2023-10-12,Supramax,USA,15.07,504.8,0.041
2023-10-13,Supramax,USA,14.86,499.1,0.464
2023-10-14,Supramax,USA,14.63,534.9,0.384
2023-10-15,Supramax,USA,14.32,510.2,0.467
2023-10-16,Supramax,USA,15.03,515.2,0.619
2023-10-17,Supramax,USA,15.41,514.3,0.57
2023-10-18,Supramax,USA,15.72,491.5,0.44
2023-10-19,Supramax,USA,15.68,492.3,0.404
2023-10-20,Supramax,USA,15.37,504.1,0.544
2023-10-21,Supramax,USA,15.97,508.5,0.318
2023-10-22,Supramax,USA,15.1,522.0,0.195
2023-10-23,Supramax,USA,14.93,509.6,0.464
2023-10-24,Supramax,USA,15.49,506.2,0.495
2023-10-25,Supramax,USA,15.39,527.8,0.379
2023-10-26,Supramax,USA,15.97,500.1,0.317
2023-10-27,Supramax,USA,15.43,497.7,0.315
2023-10-28,Supramax,USA,14.9,515.3,0.43
2023-10-29,Supramax,USA,15.7,540.0,0.328
2023-10-30,Supramax,USA,15.98,509.3,0.018
2023-10-31,Supramax,USA,16.44,504.7,0.541
2023-11-01,Supramax,USA,16.04,504.8,0.327
2023-11-02,Supramax,USA,16.62,519.3,0.522
2023-11-03,Supramax,USA,16.23,515.5,0.36
2023-11-04,Supramax,USA,15.69,531.3,0.305
2023-11-05,Supramax,USA,16.63,514.7,0.401
2023-11-06,Supramax,USA,16.59,510.0,0.404
2023-11-07,Supramax,USA,15.96,512.7,0.335
2023-11-08,Supramax,USA,15.34,539.2,0.585
2023-11-09,Supramax,USA,15.24,487.0,0.358
2023-11-10,Supramax,USA,14.51,514.3,0.214
2023-11-11,Supramax,USA,14.09,527.2,0.402
2023-11-12,Supramax,USA,14.02,517.9,0.384
2023-11-13,Supramax,USA,14.33,472.2,0.119
2023-11-14,Supramax,USA,13.52,508.7,0.4
2023-11-15,Supramax,USA,13.65,514.3,0.298
2023-11-16,Supramax,USA,13.52,519.0,0.407
2023-11-17,Supramax,USA,14.22,486.9,0.672
2023-11-18,Supramax,USA,14.84,513.7,0.181
2023-11-19,Supramax,USA,15.0,526.3,0.54
2023-11-20,Supramax,USA,14.67,494.9,0.0
2023-11-21,Supramax,USA,14.57,508.7,0.527
2023-11-22,Supramax,USA,15.52,497.6,0.379
2023-11-23,Supramax,USA,15.28,506.8,0.28
2023-11-24,Supramax,USA,14.66,512.2,0.613
2023-11-25,Supramax,USA,15.18,523.6,0.302
2023-11-26,Supramax,USA,15.61,472.2,0.229
2023-11-27,Supramax,USA,15.98,513.5,0.222
2023-11-28,Supramax,USA,16.02,496.4,0.19
2023-11-29,Supramax,USA,15.92,505.9,0.314
2023-11-30,Supramax,USA,16.43,500.8,0.214
2023-12-01,Supramax,USA,16.44,512.0,0.431
2023-12-02,Supramax,USA,16.99,493.7,0.161
2023-12-03,Supramax,USA,17.18,505.1,0.137
2023-12-04,Supramax,USA,17.32,521.2,0.216
2023-12-05,Supramax,USA,17.34,507.2,0.489
2023-12-06,Supramax,USA,17.01,492.4,0.281
2023-12-07,Supramax,USA,16.88,515.1,0.29
2023-12-08,Supramax,USA,16.72,506.0,0.0
2023-12-09,Supramax,USA,16.38,518.6,0.503
2023-12-10,Supramax,USA,16.34,489.4,0.361
2023-12-11,Supramax,USA,16.3,494.4,0.312
2023-12-12,Supramax,USA,16.11,484.4,0.158
2023-12-13,Supramax,USA,16.59,516.9,0.283
2023-12-14,Supramax,USA,17.11,500.6,0.262
2023-12-15,Supramax,USA,17.41,530.9,0.262
2023-12-16,Supramax,USA,17.46,528.5,0.361
2023-12-17,Supramax,USA,17.05,526.3,0.396
2023-12-18,Supramax,USA,17.4,510.8,0.09
2023-12-19,Supramax,USA,18.86,499.4,0.158
2023-12-20,Supramax,USA,19.42,505.5,0.199
2023-12-21,Supramax,USA,18.69,502.8,0.484
2023-12-22,Supramax,USA,19.21,507.9,0.338
2023-12-23,Supramax,USA,19.17,488.0,0.409
2023-12-24,Supramax,USA,18.29,486.8,0.276
2023-12-25,Supramax,USA,18.0,476.6,0.241
2023-12-26,Supramax,USA,17.1,505.4,0.186
2023-12-27,Supramax,USA,17.45,490.0,0.043
2023-12-28,Supramax,USA,18.28,506.0,0.235
2023-12-29,Supramax,USA,18.05,499.6,0.389
2023-12-30,Supramax,USA,17.82,522.9,0.212
2023-12-31,Supramax,USA,17.2,533.8,0.526
2024-01-01,Supramax,USA,16.21,509.6,0.225
2024-01-02,Supramax,USA,16.89,499.4,0.221
2024-01-03,Supramax,USA,15.93,495.0,0.129
2024-01-04,Supramax,USA,15.8,506.6,0.285
2024-01-05,Supramax,USA,15.97,494.2,0.065
2024-01-06,Supramax,USA,15.88,484.4,0.243
2024-01-07,Supramax,USA,15.49,487.7,0.006
2024-01-08,Supramax,USA,15.6,496.1,0.29
2024-01-09,Supramax,USA,15.69,496.4,0.0
2024-01-10,Supramax,USA,15.73,522.4,0.522
2024-01-11,Supramax,USA,16.09,496.7,0.014
2024-01-12,Supramax,USA,16.27,490.2,0.183
2024-01-13,Supramax,USA,16.43,536.5,0.489
2024-01-14,Supramax,USA,16.48,515.5,0.254
2024-01-15,Supramax,USA,16.67,500.7,0.112
2024-01-16,Supramax,USA,16.42,486.9,0.463
2024-01-17,Supramax,USA,16.29,487.2,0.0
2024-01-18,Supramax,USA,15.9,482.6,0.247
2024-01-19,Supramax,USA,15.73,507.7,0.279
2024-01-20,Supramax,USA,16.05,485.7,0.357
2024-01-21,Supramax,USA,16.64,494.0,0.3
2024-01-22,Supramax,USA,16.91,477.6,0.458
2024-01-23,Supramax,USA,16.55,496.9,0.26
2024-01-24,Supramax,USA,17.13,506.9,0.271
2024-01-25,Supramax,USA,16.92,475.2,0.276
2024-01-26,Supramax,USA,16.99,481.0,0.245
2024-01-27,Supramax,USA,17.32,470.9,0.185
2024-01-28,Supramax,USA,17.51,515.6,0.552
2024-01-29,Supramax,USA,17.75,478.4,0.157
2024-01-30,Supramax,USA,17.57,512.8,0.109
2024-01-31,Supramax,USA,17.82,503.6,0.492
2024-02-01,Supramax,USA,17.58,500.6,0.145
2024-02-02,Supramax,USA,17.75,496.3,0.185
2024-02-03,Supramax,USA,17.52,472.4,0.235
2024-02-04,Supramax,USA,17.92,494.9,0.265
2024-02-05,Supramax,USA,17.68,470.3,0.324
2024-02-06,Supramax,USA,17.1,488.3,0.173
2024-02-07,Supramax,USA,17.28,491.0,0.017
2024-02-08,Supramax,USA,17.2,491.0,0.05
2024-02-09,Supramax,USA,17.38,510.3,0.409
2024-02-10,Supramax,USA,17.8,478.2,0.513
2024-02-11,Supramax,USA,18.19,496.6,0.682
2024-02-12,Supramax,USA,18.24,509.6,0.0
2024-02-13,Supramax,USA,18.58,493.0,0.444
2024-02-14,Supramax,USA,18.18,476.1,0.077
2024-02-15,Supramax,USA,18.26,495.5,0.11
2024-02-16,Supramax,USA,18.12,493.3,0.492
2024-02-17,Supramax,USA,18.58,508.4,0.217
2024-02-18,Supramax,USA,18.57,525.9,0.223
2024-02-19,Supramax,USA,18.43,507.9,0.402
2024-02-20,Supramax,USA,18.44,511.9,0.262
2024-02-21,Supramax,USA,18.29,453.7,0.397
2024-02-22,Supramax,USA,17.87,482.1,0.247
2024-02-23,Supramax,USA,18.0,507.5,0.067
2024-02-24,Supramax,USA,17.98,474.5,0.378
2024-02-25,Supramax,USA,17.9,477.8,0.431
2024-02-26,Supramax,USA,17.78,506.4,0.493
2024-02-27,Supramax,USA,18.37,500.6,0.158
2024-02-28,Supramax,USA,18.5,487.3,0.132
2024-02-29,Supramax,USA,18.66,513.0,0.429
2024-03-01,Supramax,USA,18.34,495.4,0.32
2024-03-02,Supramax,USA,18.44,485.7,0.462
2024-03-03,Supramax,USA,18.03,506.8,0.319
2024-03-04,Supramax,USA,18.36,534.7,0.328
2024-03-05,Supramax,USA,18.33,518.3,0.13
2024-03-06,Supramax,USA,18.62,475.3,0.261
2024-03-07,Supramax,USA,18.59,492.4,0.447
2024-03-08,Supramax,USA,17.98,485.6,0.392
2024-03-09,Supramax,USA,18.24,473.6,0.56
2024-03-10,Supramax,USA,18.09,488.1,0.0
2024-03-11,Supramax,USA,18.43,513.5,0.397
2024-03-12,Supramax,USA,18.74,490.3,0.014
2024-03-13,Supramax,USA,19.38,485.5,0.515
2024-03-14,Supramax,USA,18.79,505.3,0.158
2024-03-15,Supramax,USA,18.19,476.3,0.425
2024-03-16,Supramax,USA,18.52,472.9,0.371
2024-03-17,Supramax,USA,18.21,477.1,0.235
2024-03-18,Supramax,USA,17.9,485.6,0.361
2024-03-19,Supramax,USA,18.21,480.0,0.179
2024-03-20,Supramax,USA,18.19,476.5,0.098
2024-03-21,Supramax,USA,18.53,488.4,0.281
2024-03-22,Supramax,USA,18.65,468.5,0.077
2024-03-23,Supramax,USA,18.46,499.1,0.117
2024-03-24,Supramax,USA,18.39,478.5,0.063
2024-03-25,Supramax,USA,18.43,485.3,0.42
2024-03-26,Supramax,USA,18.67,477.2,0.228
2024-03-27,Supramax,USA,18.22,507.6,0.448
2024-03-28,Supramax,USA,18.15,483.2,0.0
2024-03-29,Supramax,USA,17.4,467.4,0.256
2024-03-30,Supramax,USA,17.7,477.7,0.337
2024-03-31,Supramax,USA,17.83,496.1,0.265
2024-04-01,Supramax,USA,18.34,481.0,0.287
2024-04-02,Supramax,USA,18.93,520.7,0.35
2024-04-03,Supramax,USA,18.09,483.3,0.585
2024-04-04,Supramax,USA,17.83,488.6,0.455
2024-04-05,Supramax,USA,17.53,491.1,0.273
2024-04-06,Supramax,USA,17.5,462.2,0.135
2024-04-07,Supramax,USA,17.9,498.8,0.057
2024-04-08,Supramax,USA,17.23,481.3,0.273
2024-04-09,Supramax,USA,17.5,457.9,0.239
2024-04-10,Supramax,USA,17.37,498.1,0.221
2024-04-11,Supramax,USA,17.4,480.2,0.319
2024-04-12,Supramax,USA,17.26,474.4,0.514
2024-04-13,Supramax,USA,17.72,482.7,0.0
2024-04-14,Supramax,USA,17.76,463.2,0.259
2024-04-15,Supramax,USA,17.51,475.6,0.221
2024-04-16,Supramax,USA,17.37,469.6,0.24
2024-04-17,Supramax,USA,17.23,490.5,0.35
2024-04-18,Supramax,USA,16.51,487.9,0.302
2024-04-19,Supramax,USA,16.63,489.6,0.215
2024-04-20,Supramax,USA,16.35,495.6,0.194
2024-04-21,Supramax,USA,15.87,478.2,0.589
2024-04-22,Supramax,USA,16.26,496.9,0.223
2024-04-23,Supramax,USA,15.74,478.1,0.428
2024-04-24,Supramax,USA,15.61,468.6,0.381
2024-04-25,Supramax,USA,14.59,469.9,0.0
2024-04-26,Supramax,USA,14.87,485.0,0.096
2024-04-27,Supramax,USA,14.35,457.7,0.386
2024-04-28,Supramax,USA,14.73,479.3,0.132
2024-04-29,Supramax,USA,14.59,487.1,0.094
2024-04-30,Supramax,USA,14.3,469.2,0.373
2024-05-01,Supramax,USA,13.66,451.1,0.334
2024-05-02,Supramax,USA,13.22,440.8,0.209
2024-05-03,Supramax,USA,13.48,453.4,0.253
2024-05-04,Supramax,USA,13.7,462.8,0.476
2024-05-05,Supramax,USA,13.98,473.0,0.231
2024-05-06,Supramax,USA,13.89,500.6,0.401
2024-05-07,Supramax,USA,13.61,437.4,0.438
2024-05-08,Supramax,USA,13.51,460.9,0.487
2024-05-09,Supramax,USA,13.56,468.8,0.27
2024-05-10,Supramax,USA,13.64,464.4,0.093
2024-05-11,Supramax,USA,13.6,454.0,0.225
2024-05-12,Supramax,USA,13.07,472.5,0.331
2024-05-13,Supramax,USA,13.32,469.6,0.127
2024-05-14,Supramax,USA,13.77,471.4,0.278
2024-05-15,Supramax,USA,13.9,471.9,0.289
2024-05-16,Supramax,USA,14.37,461.7,0.31
2024-05-17,Supramax,USA,15.19,471.9,0.155
2024-05-18,Supramax,USA,15.59,496.2,0.154
2024-05-19,Supramax,USA,15.33,491.6,0.314
2024-05-20,Supramax,USA,14.78,454.1,0.495
2024-05-21,Supramax,USA,14.15,487.9,0.059
2024-05-22,Supramax,USA,13.33,491.1,0.321
2024-05-23,Supramax,USA,13.14,478.9,0.208
2024-05-24,Supramax,USA,13.03,461.2,0.433
2024-05-25,Supramax,USA,12.86,475.4,0.6
2024-05-26,Supramax,USA,12.72,468.8,0.333
2024-05-27,Supramax,USA,12.79,470.3,0.416
2024-05-28,Supramax,USA,13.46,487.5,0.53
2024-05-29,Supramax,USA,13.81,462.4,0.236
2024-05-30,Supramax,USA,13.52,473.4,0.12
2024-05-31,Supramax,USA,13.68,468.0,0.404
2024-06-01,Supramax,USA,13.73,472.0,0.499
2024-06-02,Supramax,USA,14.1,460.8,0.414
2024-06-03,Supramax,USA,14.74,456.4,0.458
2024-06-04,Supramax,USA,14.69,456.2,0.804
2024-06-05,Supramax,USA,14.98,464.9,0.567
2024-06-06,Supramax,USA,15.04,478.3,0.416
2024-06-07,Supramax,USA,14.3,470.9,0.651
2024-06-08,Supramax,USA,14.2,475.4,0.67
2024-06-09,Supramax,USA,14.24,480.1,0.062
2024-06-10,Supramax,USA,14.23,477.3,0.138
2024-06-11,Supramax,USA,14.32,459.8,0.135
2024-06-12,Supramax,USA,14.27,441.7,0.42
2024-06-13,Supramax,USA,13.94,458.4,0.245
2024-06-14,Supramax,USA,13.7,475.5,0.343
2024-06-15,Supramax,USA,14.45,452.9,0.288
2024-06-16,Supramax,USA,14.37,466.4,0.442
2024-06-17,Supramax,USA,14.5,423.2,0.161
2024-06-18,Supramax,USA,14.32,441.3,0.563
2024-06-19,Supramax,USA,14.32,484.0,0.466
2024-06-20,Supramax,USA,15.11,438.9,0.453
2024-06-21,Supramax,USA,14.62,458.6,0.575
2024-06-22,Supramax,USA,14.83,439.0,0.42
2024-06-23,Supramax,USA,15.36,473.3,0.246
2024-06-24,Supramax,USA,15.08,498.6,0.18
2024-06-25,Supramax,USA,15.42,454.4,0.402
2024-06-26,Supramax,USA,15.6,479.3,0.0
2024-06-27,Supramax,USA,15.81,480.3,0.449
2024-06-28,Supramax,USA,15.46,475.4,0.386
2024-06-29,Supramax,USA,15.87,419.9,0.126
2024-06-30,Supramax,USA,15.46,465.7,0.305
2024-07-01,Supramax,USA,14.79,448.1,0.409
2024-07-02,Supramax,USA,14.49,453.1,0.453
2024-07-03,Supramax,USA,14.37,446.3,0.645
2024-07-04,Supramax,USA,13.74,465.6,0.316
2024-07-05,Supramax,USA,13.11,435.5,0.329
2024-07-06,Supramax,USA,13.34,455.9,0.378
2024-07-07,Supramax,USA,13.29,434.5,0.462
2024-07-08,Supramax,USA,12.82,433.3,0.233
2024-07-09,Supramax,USA,12.51,441.6,0.33
2024-07-10,Supramax,USA,12.81,433.4,0.787
2024-07-11,Supramax,USA,12.96,450.7,0.607
2024-07-12,Supramax,USA,13.22,436.6,0.442
2024-07-13,Supramax,USA,12.71,435.5,0.541
2024-07-14,Supramax,USA,13.13,476.8,0.252
2024-07-15,Supramax,USA,13.37,459.1,0.365
2024-07-16,Supramax,USA,13.22,451.3,0.576
2024-07-17,Supramax,USA,12.92,453.1,0.645
2024-07-18,Supramax,USA,13.72,457.1,0.417
2024-07-19,Supramax,USA,14.03,462.2,0.537
2024-07-20,Supramax,USA,13.71,465.7,0.258
2024-07-21,Supramax,USA,13.6,444.1,0.591
2024-07-22,Supramax,USA,13.36,499.3,0.599
2024-07-23,Supramax,USA,13.68,432.9,0.299
2024-07-24,Supramax,USA,13.33,441.3,0.752
2024-07-25,Supramax,USA,13.75,465.5,0.591
2024-07-26,Supramax,USA,13.46,458.7,0.273
2024-07-27,Supramax,USA,13.53,464.3,0.504
2024-07-28,Supramax,USA,13.42,444.7,0.471
2024-07-29,Supramax,USA,13.37,427.8,0.397
2024-07-30,Supramax,USA,13.22,440.2,0.202
2024-07-31,Supramax,USA,13.84,447.0,0.385
2024-08-01,Supramax,USA,14.06,482.8,0.284
2024-08-02,Supramax,USA,14.39,446.3,0.331
2024-08-03,Supramax,USA,14.41,463.6,0.289
2024-08-04,Supramax,USA,14.57,466.0,0.379
2024-08-05,Supramax,USA,14.35,442.2,0.3
2024-08-06,Supramax,USA,14.19,457.1,0.269
2024-08-07,Supramax,USA,14.79,418.9,0.203
2024-08-08,Supramax,USA,14.79,437.8,0.491
2024-08-09,Supramax,USA,15.21,429.3,0.362
2024-08-10,Supramax,USA,15.78,443.5,0.628
2024-08-11,Supramax,USA,16.08,466.5,0.541
2024-08-12,Supramax,USA,16.36,443.3,0.372
2024-08-13,Supramax,USA,16.62,434.7,0.555
2024-08-14,Supramax,USA,16.4,448.0,0.56
2024-08-15,Supramax,USA,16.56,457.9,0.424
2024-08-16,Supramax,USA,17.27,426.3,0.428
2024-08-17,Supramax,USA,17.16,418.2,0.286
2024-08-18,Supramax,USA,16.7,434.2,0.674
2024-08-19,Supramax,USA,16.9,445.0,0.347
2024-08-20,Supramax,USA,17.35,427.5,0.177
2024-08-21,Supramax,USA,16.49,436.0,0.519
2024-08-22,Supramax,USA,17.0,456.9,0.592
2024-08-23,Supramax,USA,16.79,433.4,0.176
2024-08-24,Supramax,USA,16.48,446.7,0.313
2024-08-25,Supramax,USA,16.65,448.6,0.5
2024-08-26,Supramax,USA,16.5,424.9,0.613
2024-08-27,Supramax,USA,16.42,430.3,0.446
2024-08-28,Supramax,USA,16.36,449.4,0.491
2024-08-29,Supramax,USA,16.69,436.1,0.681
2024-08-30,Supramax,USA,16.86,446.8,0.41
2024-08-31,Supramax,USA,16.82,417.7,0.433
2024-09-01,Supramax,USA,16.65,419.4,0.554
2024-09-02,Supramax,USA,16.87,450.2,0.458
2024-09-03,Supramax,USA,16.65,434.6,0.6
2024-09-04,Supramax,USA,16.18,415.9,0.717
2024-09-05,Supramax,USA,16.63,417.7,0.55
2024-09-06,Supramax,USA,17.11,459.1,0.579
2024-09-07,Supramax,USA,17.42,400.6,0.389
2024-09-08,Supramax,USA,16.79,441.7,0.216
2024-09-09,Supramax,USA,16.91,425.4,0.398
2024-09-10,Supramax,USA,17.04,437.3,0.474
2024-09-11,Supramax,USA,16.97,454.3,0.634
2024-09-12,Supramax,USA,16.65,428.5,0.543
2024-09-13,Supramax,USA,16.39,462.8,0.532
2024-09-14,Supramax,USA,16.5,433.9,0.533
2024-09-15,Supramax,USA,16.84,412.8,0.7
2024-09-16,Supramax,USA,16.95,420.7,0.523
2024-09-17,Supramax,USA,16.62,416.6,0.42
2024-09-18,Supramax,USA,16.63,411.8,0.443
2024-09-19,Supramax,USA,16.96,422.3,0.379
2024-09-20,Supramax,USA,17.38,411.9,0.63
2024-09-21,Supramax,USA,16.98,451.0,0.627
2024-09-22,Supramax,USA,17.19,416.9,0.256
2024-09-23,Supramax,USA,17.29,450.4,0.484
2024-09-24,Supramax,USA,17.25,435.9,0.606
2024-09-25,Supramax,USA,17.04,435.3,0.521
2024-09-26,Supramax,USA,17.09,435.3,0.28
2024-09-27,Supramax,USA,16.8,403.9,0.486
2024-09-28,Supramax,USA,16.99,422.5,0.393
2024-09-29,Supramax,USA,17.08,410.8,0.634
2024-09-30,Supramax,USA,17.32,419.4,0.498
2024-10-01,Supramax,USA,17.0,438.8,0.569
2024-10-02,Supramax,USA,16.99,438.5,0.249
2024-10-03,Supramax,USA,16.88,447.4,0.451
2024-10-04,Supramax,USA,16.99,424.3,0.465
2024-10-05,Supramax,USA,16.97,429.3,0.493
2024-10-06,Supramax,USA,17.28,444.0,0.308
2024-10-07,Supramax,USA,17.51,439.3,0.335
2024-10-08,Supramax,USA,17.08,417.3,0.457
2024-10-09,Supramax,USA,17.0,438.2,0.465
2024-10-10,Supramax,USA,16.45,408.3,0.286
2024-10-11,Supramax,USA,16.77,432.6,0.306
2024-10-12,Supramax,USA,16.96,427.0,0.592
2024-10-13,Supramax,USA,16.7,440.1,0.52
2024-10-14,Supramax,USA,16.57,426.1,0.519
2024-10-15,Supramax,USA,16.54,415.2,0.286
2024-10-16,Supramax,USA,16.62,403.5,0.481
2024-10-17,Supramax,USA,16.42,428.4,0.595
2024-10-18,Supramax,USA,16.47,409.4,0.315
2024-10-19,Supramax,USA,16.86,404.2,0.14
2024-10-20,Supramax,USA,16.62,442.9,0.607
2024-10-21,Supramax,USA,16.55,436.3,0.537
2024-10-22,Supramax,USA,16.61,433.8,0.432
2024-10-23,Supramax,USA,17.22,423.8,0.558
2024-10-24,Supramax,USA,17.56,425.9,0.617
2024-10-25,Supramax,USA,17.36,419.7,0.344
2024-10-26,Supramax,USA,17.94,428.2,0.39
2024-10-27,Supramax,USA,18.03,412.6,0.528
2024-10-28,Supramax,USA,17.71,413.5,0.733
2024-10-29,Supramax,USA,18.58,407.7,0.425
2024-10-30,Supramax,USA,18.33,416.3,0.52
2024-10-31,Supramax,USA,18.01,400.1,0.401
2024-11-01,Supramax,USA,18.72,423.4,0.407
2024-11-02,Supramax,USA,18.77,441.8,0.472
2024-11-03,Supramax,USA,18.91,422.3,0.606
2024-11-04,Supramax,USA,18.96,393.7,0.606
2024-11-05,Supramax,USA,19.01,401.0,0.471
2024-11-06,Supramax,USA,19.03,425.0,0.278
2024-11-07,Supramax,USA,18.72,405.6,0.777
2024-11-08,Supramax,USA,18.09,432.3,0.539
2024-11-09,Supramax,USA,18.14,407.5,0.643
2024-11-10,Supramax,USA,18.25,431.0,0.42
2024-11-11,Supramax,USA,17.82,409.1,0.839
2024-11-12,Supramax,USA,17.61,444.4,0.626
2024-11-13,Supramax,USA,17.56,423.4,0.368
2024-11-14,Supramax,USA,17.9,436.8,0.559
2024-11-15,Supramax,USA,17.75,435.2,0.282
2024-11-16,Supramax,USA,17.58,400.9,0.546
2024-11-17,Supramax,USA,17.26,401.7,0.529
2024-11-18,Supramax,USA,17.35,427.0,0.817
2024-11-19,Supramax,USA,16.98,400.1,0.725
2024-11-20,Supramax,USA,17.35,420.3,0.287
2024-11-21,Supramax,USA,17.1,395.4,0.742
2024-11-22,Supramax,USA,16.89,396.8,0.651
2024-11-23,Supramax,USA,16.78,413.4,0.494
2024-11-24,Supramax,USA,17.23,425.0,0.581
2024-11-25,Supramax,USA,17.23,393.0,0.281
2024-11-26,Supramax,USA,16.89,394.8,0.404
2024-11-27,Supramax,USA,17.05,397.9,0.326
2024-11-28,Supramax,USA,16.91,412.6,0.518
2024-11-29,Supramax,USA,17.11,411.1,0.298
2024-11-30,Supramax,USA,17.24,445.8,0.527
2024-12-01,Supramax,USA,17.82,413.2,0.57
2024-12-02,Supramax,USA,18.19,397.1,0.431
2024-12-03,Supramax,USA,18.53,401.4,0.727
2024-12-04,Supramax,USA,18.48,406.4,0.571
2024-12-05,Supramax,USA,18.46,389.3,0.702
2024-12-06,Supramax,USA,18.64,423.3,0.434
2024-12-07,Supramax,USA,18.55,413.4,0.836
2024-12-08,Supramax,USA,18.41,410.9,0.563
2024-12-09,Supramax,USA,18.67,429.3,0.62
2024-12-10,Supramax,USA,17.64,375.7,0.82
2024-12-11,Supramax,USA,17.4,399.4,0.567
2024-12-12,Supramax,USA,17.18,420.9,0.592
2024-12-13,Supramax,USA,17.03,403.2,0.642
2024-12-14,Supramax,USA,17.25,436.1,0.573
2024-12-15,Supramax,USA,17.65,394.8,0.474
2024-12-16,Supramax,USA,17.57,401.3,0.383
2024-12-17,Supramax,USA,17.38,424.3,0.705
2024-12-18,Supramax,USA,16.24,437.6,0.661
2024-12-19,Supramax,USA,15.74,417.9,0.392
2024-12-20,Supramax,USA,15.39,408.3,0.452
2024-12-21,Supramax,USA,15.38,408.7,0.333
2024-12-22,Supramax,USA,15.09,425.0,0.48
2024-12-23,Supramax,USA,14.93,395.6,0.538
2024-12-24,Supramax,USA,15.57,389.7,0.686
2024-12-25,Supramax,USA,16.21,385.9,0.544
2024-12-26,Supramax,USA,16.8,428.4,0.601
2024-12-27,Supramax,USA,16.62,408.1,0.396
2024-12-28,Supramax,USA,16.36,420.7,0.565
2024-12-29,Supramax,USA,16.67,385.1,0.435
2024-12-30,Supramax,USA,15.91,419.7,0.564
2024-12-31,Supramax,USA,16.11,402.4,0.467
2025-01-01,Supramax,USA,16.16,404.7,0.549
2025-01-02,Supramax,USA,16.06,396.9,0.395
2025-01-03,Supramax,USA,16.27,425.8,0.328
2025-01-04,Supramax,USA,15.29,389.8,0.624
2025-01-05,Supramax,USA,16.48,402.0,0.516
2025-01-06,Supramax,USA,16.33,405.9,0.409
2025-01-07,Supramax,USA,16.85,422.2,0.631
2025-01-08,Supramax,USA,16.69,401.2,0.584
2025-01-09,Supramax,USA,15.98,427.4,0.61
2025-01-10,Supramax,USA,16.06,375.7,0.531
2025-01-11,Supramax,USA,16.48,397.2,0.703
2025-01-12,Supramax,USA,15.54,418.8,0.587
2025-01-13,Supramax,USA,15.88,394.8,0.656
2025-01-14,Supramax,USA,16.04,423.8,0.363
2025-01-15,Supramax,USA,15.93,397.8,0.335
2025-01-16,Supramax,USA,15.37,409.3,0.488
2025-01-17,Supramax,USA,16.13,404.7,0.38
2025-01-18,Supramax,USA,16.63,394.3,0.66
2025-01-19,Supramax,USA,17.39,398.8,0.603
2025-01-20,Supramax,USA,16.47,397.5,0.521
2025-01-21,Supramax,USA,16.62,410.4,0.437
2025-01-22,Supramax,USA,17.27,398.6,0.484
2025-01-23,Supramax,USA,16.87,406.5,0.417
2025-01-24,Supramax,USA,17.09,390.3,0.597
2025-01-25,Supramax,USA,18.44,398.0,0.483
2025-01-26,Supramax,USA,18.18,410.1,0.343
2025-01-27,Supramax,USA,18.86,376.1,0.474
2025-01-28,Supramax,USA,18.45,370.2,0.789
2025-01-29,Supramax,USA,19.39,410.2,0.661
2025-01-30,Supramax,USA,20.24,382.1,0.538
2025-01-31,Supramax,USA,19.92,393.9,0.591
2025-02-01,Supramax,USA,20.28,388.3,0.698
2025-02-02,Supramax,USA,20.64,384.6,0.845
2025-02-03,Supramax,USA,20.78,413.8,0.702
2025-02-04,Supramax,USA,20.94,380.5,0.414
2025-02-05,Supramax,USA,21.22,407.8,0.428
2025-02-06,Supramax,USA,21.87,402.2,0.701
2025-02-07,Supramax,USA,21.74,421.1,0.652
2025-02-08,Supramax,USA,21.87,373.4,0.285
2025-02-09,Supramax,USA,22.13,424.6,0.62
2025-02-10,Supramax,USA,21.96,401.1,0.438
2025-02-11,Supramax,USA,22.05,375.9,0.561
2025-02-12,Supramax,USA,22.16,390.2,0.41
2025-02-13,Supramax,USA,23.05,382.1,0.228
2025-02-14,Supramax,USA,22.75,390.0,0.75
2025-02-15,Supramax,USA,22.64,379.0,0.571
2025-02-16,Supramax,USA,22.07,404.6,0.892
2025-02-17,Supramax,USA,21.77,385.4,0.478
2025-02-18,Supramax,USA,22.46,417.3,0.547
2025-02-19,Supramax,USA,22.06,372.6,0.653
2025-02-20,Supramax,USA,22.4,409.2,0.505
2025-02-21,Supramax,USA,22.12,405.6,0.639
2025-02-22,Supramax,USA,22.1,407.8,0.69
2025-02-23,Supramax,USA,21.78,404.5,0.622
2025-02-24,Supramax,USA,21.74,373.2,0.346
2025-02-25,Supramax,USA,22.02,387.7,0.539
2025-02-26,Supramax,USA,22.11,388.5,0.563
2025-02-27,Supramax,USA,21.63,376.5,0.518
2025-02-28,Supramax,USA,22.02,368.8,0.65
2025-03-01,Supramax,USA,21.83,386.5,0.572
2025-03-02,Supramax,USA,22.11,395.4,0.448
2025-03-03,Supramax,USA,21.88,428.0,0.37
2025-03-04,Supramax,USA,22.37,382.3,0.497
2025-03-05,Supramax,USA,22.07,390.3,0.619
2025-03-06,Supramax,USA,21.84,386.7,0.373
2025-03-07,Supramax,USA,22.0,403.3,0.682
2025-03-08,Supramax,USA,21.58,376.8,0.343
2025-03-09,Supramax,USA,21.82,423.2,0.516
2025-03-10,Supramax,USA,21.64,408.0,0.49
2025-03-11,Supramax,USA,21.68,398.1,0.578
2025-03-12,Supramax,USA,21.46,426.2,0.452
2025-03-13,Supramax,USA,21.57,410.2,0.649
2025-03-14,Supramax,USA,21.46,403.8,0.19
2025-03-15,Supramax,USA,21.61,405.2,0.604
2025-03-16,Supramax,USA,21.42,388.1,0.575
2025-03-17,Supramax,USA,20.74,390.3,0.31
2025-03-18,Supramax,USA,20.85,367.3,0.401
2025-03-19,Supramax,USA,21.04,386.0,0.213
2025-03-20,Supramax,USA,21.37,385.0,0.477
2025-03-21,Supramax,USA,21.04,375.0,0.424
2025-03-22,Supramax,USA,21.4,390.8,0.415
2025-03-23,Supramax,USA,21.39,394.4,0.612
2025-03-24,Supramax,USA,20.78,377.4,0.508
2025-03-25,Supramax,USA,20.74,383.3,0.534
2025-03-26,Supramax,USA,20.97,392.7,0.606
2025-03-27,Supramax,USA,21.06,375.6,0.583
2025-03-28,Supramax,USA,21.65,411.4,0.318
2025-03-29,Supramax,USA,21.56,379.4,0.288
2025-03-30,Supramax,USA,21.65,389.9,0.597
2025-03-31,Supramax,USA,21.63,391.0,0.601
2025-04-01,Supramax,USA,21.85,394.0,0.456
2025-04-02,Supramax,USA,22.15,393.8,0.721
2025-04-03,Supramax,USA,21.1,384.1,0.491
2025-04-04,Supramax,USA,20.96,379.3,0.154
2025-04-05,Supramax,USA,21.17,390.2,0.517
2025-04-06,Supramax,USA,21.77,397.4,0.462
2025-04-07,Supramax,USA,21.51,389.1,0.273
2025-04-08,Supramax,USA,21.19,395.4,0.527
2025-04-09,Supramax,USA,21.17,379.9,0.467
2025-04-10,Supramax,USA,20.91,412.4,0.513
2025-04-11,Supramax,USA,21.28,362.4,0.424
2025-04-12,Supramax,USA,21.44,385.4,0.394
2025-04-13,Supramax,USA,21.6,378.6,0.628
2025-04-14,Supramax,USA,21.5,402.7,0.476
2025-04-15,Supramax,USA,21.43,380.0,0.683
2025-04-16,Supramax,USA,20.8,370.9,0.202
2025-04-17,Supramax,USA,20.65,394.3,0.136
2025-04-18,Supramax,USA,20.95,365.1,0.297
2025-04-19,Supramax,USA,20.96,392.4,0.516
2025-04-20,Supramax,USA,21.12,401.3,0.15
2025-04-21,Supramax,USA,21.69,372.3,0.345
2025-04-22,Supramax,USA,20.77,409.7,0.279
2025-04-23,Supramax,USA,21.35,385.1,0.348
2025-04-24,Supramax,USA,21.47,394.5,0.503
2025-04-25,Supramax,USA,21.61,413.5,0.487
2025-04-26,Supramax,USA,20.86,436.9,0.668
2025-04-27,Supramax,USA,20.41,387.1,0.499
2025-04-28,Supramax,USA,20.49,418.5,0.34
2025-04-29,Supramax,USA,20.43,397.2,0.481
2025-04-30,Supramax,USA,20.05,402.5,0.377
2025-05-01,Supramax,USA,19.74,394.4,0.436
2025-05-02,Supramax,USA,19.42,423.3,0.171
2025-05-03,Supramax,USA,19.4,384.9,0.449
2025-05-04,Supramax,USA,19.48,415.7,0.553
2025-05-05,Supramax,USA,19.36,408.2,0.309
2025-05-06,Supramax,USA,19.3,393.9,0.501
2025-05-07,Supramax,USA,19.32,393.8,0.581
2025-05-08,Supramax,USA,19.27,392.0,0.327
2025-05-09,Supramax,USA,19.15,378.5,0.299
2025-05-10,Supramax,USA,19.07,362.0,0.307
2025-05-11,Supramax,USA,18.68,387.2,0.449
2025-05-12,Supramax,USA,18.3,379.2,0.806
2025-05-13,Supramax,USA,18.45,390.3,0.768
2025-05-14,Supramax,USA,18.63,391.7,0.391
2025-05-15,Supramax,USA,18.02,407.1,0.547
2025-05-16,Supramax,USA,17.94,405.1,0.338
2025-05-17,Supramax,USA,17.73,394.5,0.765
2025-05-18,Supramax,USA,17.86,389.4,0.63
2025-05-19,Supramax,USA,18.29,372.6,0.34
2025-05-20,Supramax,USA,18.98,407.7,0.214
2025-05-21,Supramax,USA,19.15,402.6,0.222
2025-05-22,Supramax,USA,19.48,366.9,0.253
2025-05-23,Supramax,USA,19.65,405.8,0.381
2025-05-24,Supramax,USA,19.22,389.6,0.422
2025-05-25,Supramax,USA,18.71,374.1,0.355
2025-05-26,Supramax,USA,18.57,399.9,0.505
2025-05-27,Supramax,USA,18.27,372.9,0.546
2025-05-28,Supramax,USA,18.32,378.7,0.298
2025-05-29,Supramax,USA,18.08,393.5,0.213
2025-05-30,Supramax,USA,17.14,394.3,0.358
2025-05-31,Supramax,USA,16.57,409.2,0.276
2025-06-01,Supramax,USA,16.65,379.5,0.423
2025-06-02,Supramax,USA,16.17,418.1,0.363
2025-06-03,Supramax,USA,16.31,394.6,0.203
2025-06-04,Supramax,USA,15.48,408.2,0.628
2025-06-05,Supramax,USA,15.33,371.5,0.335
2025-06-06,Supramax,USA,14.67,396.3,0.055
2025-06-07,Supramax,USA,14.56,404.8,0.242
2025-06-08,Supramax,USA,14.56,387.1,0.166
2025-06-09,Supramax,USA,14.29,387.4,0.207
2025-06-10,Supramax,USA,14.89,373.1,0.33
2025-06-11,Supramax,USA,14.6,393.4,0.443
2025-06-12,Supramax,USA,14.92,401.7,0.418
2025-06-13,Supramax,USA,14.58,382.5,0.57
2025-06-14,Supramax,USA,14.62,379.6,0.132
2025-06-15,Supramax,USA,13.95,403.2,0.465
2025-06-16,Supramax,USA,14.28,414.2,0.211
2025-06-17,Supramax,USA,14.69,381.0,0.356
2025-06-18,Supramax,USA,14.68,393.7,0.123
2025-06-19,Supramax,USA,14.5,386.8,0.183
2025-06-20,Supramax,USA,14.55,399.7,0.504
2025-06-21,Supramax,USA,14.78,401.3,0.651
2025-06-22,Supramax,USA,14.08,385.0,0.449
2025-06-23,Supramax,USA,14.06,374.4,0.221
2025-06-24,Supramax,USA,14.74,360.4,0.203
2025-06-25,Supramax,USA,15.23,388.7,0.246
2025-06-26,Supramax,USA,15.54,387.7,0.284
2025-06-27,Supramax,USA,15.25,395.3,0.333
2025-06-28,Supramax,USA,15.35,387.8,0.3
2025-06-29,Supramax,USA,15.15,374.0,0.173
2025-06-30,Supramax,USA,14.81,419.9,0.331
2025-07-01,Supramax,USA,14.09,427.3,0.09
2025-07-02,Supramax,USA,14.08,367.2,0.205
2025-07-03,Supramax,USA,14.03,403.7,0.231
2025-07-04,Supramax,USA,14.19,384.0,0.461
2025-07-05,Supramax,USA,14.16,393.1,0.293
2025-07-06,Supramax,USA,14.1,404.5,0.5
2025-07-07,Supramax,USA,13.94,417.1,0.167
2025-07-08,Supramax,USA,14.18,366.9,0.139
2025-07-09,Supramax,USA,14.67,404.2,0.642
2025-07-10,Supramax,USA,13.67,384.9,0.237
2025-07-11,Supramax,USA,13.13,402.7,0.33
2025-07-12,Supramax,USA,13.33,398.9,0.398
2025-07-13,Supramax,USA,13.28,370.0,0.314
2025-07-14,Supramax,USA,13.04,376.2,0.257
2025-07-15,Supramax,USA,11.95,400.5,0.05
2025-07-16,Supramax,USA,11.78,369.7,0.198
2025-07-17,Supramax,USA,12.41,436.2,0.117
2025-07-18,Supramax,USA,12.09,396.4,0.207
2025-07-19,Supramax,USA,12.27,403.0,0.437
2025-07-20,Supramax,USA,12.66,392.7,0.306
2025-07-21,Supramax,USA,12.33,390.6,0.575
2025-07-22,Supramax,USA,12.21,420.5,0.126
2025-07-23,Supramax,USA,12.66,381.3,0.278
2025-07-24,Supramax,USA,12.59,401.0,0.115
2025-07-25,Supramax,USA,12.52,414.4,0.11
2025-07-26,Supramax,USA,12.51,412.4,0.42
2025-07-27,Supramax,USA,12.43,409.2,0.351
2025-07-28,Supramax,USA,12.49,393.4,0.281
2025-07-29,Supramax,USA,12.55,374.7,0.207
2025-07-30,Supramax,USA,12.84,390.0,0.0
2025-07-31,Supramax,USA,12.98,406.3,0.0
2025-08-01,Supramax,USA,13.06,414.0,0.085
2025-08-02,Supramax,USA,12.92,393.9,0.484
2025-08-03,Supramax,USA,13.07,398.9,0.283
2025-08-04,Supramax,USA,13.22,398.7,0.479
2025-08-05,Supramax,USA,13.13,411.0,0.057
2025-08-06,Supramax,USA,13.22,386.6,0.416
2025-08-07,Supramax,USA,13.36,381.8,0.198
2025-08-08,Supramax,USA,13.18,401.6,0.146
2025-08-09,Supramax,USA,13.22,383.8,0.0
2025-08-10,Supramax,USA,13.34,393.2,0.064
2025-08-11,Supramax,USA,13.36,381.2,0.51
2025-08-12,Supramax,USA,13.15,407.8,0.125
2025-08-13,Supramax,USA,13.52,422.8,0.343
2025-08-14,Supramax,USA,13.71,390.1,0.013
2025-08-15,Supramax,USA,13.4,394.0,0.344
2025-08-16,Supramax,USA,13.7,425.8,0.495
2025-08-17,Supramax,USA,13.51,407.3,0.137
2025-08-18,Supramax,USA,13.4,402.9,0.326
2025-08-19,Supramax,USA,13.23,378.8,0.126
2025-08-20,Supramax,USA,13.25,404.9,0.215
2025-08-21,Supramax,USA,12.99,405.5,0.092
2025-08-22,Supramax,USA,12.99,393.1,0.468
2025-08-23,Supramax,USA,13.14,419.7,0.183
2025-08-24,Supramax,USA,13.35,425.7,0.42
2025-08-25,Supramax,USA,13.46,405.5,0.079
2025-08-26,Supramax,USA,13.21,419.9,0.457
2025-08-27,Supramax,USA,13.25,387.8,0.351
2025-08-28,Supramax,USA,13.29,411.1,0.306
2025-08-29,Supramax,USA,13.11,414.0,0.363
2025-08-30,Supramax,USA,13.2,381.6,0.348
2025-08-31,Supramax,USA,13.11,401.0,0.164
2025-09-01,Supramax,USA,12.82,392.1,0.394
2025-09-02,Supramax,USA,13.18,380.0,0.369
2025-09-03,Supramax,USA,13.44,393.6,0.081
2025-09-04,Supramax,USA,13.47,409.8,0.255
2025-09-05,Supramax,USA,13.3,401.5,0.024
2025-09-06,Supramax,USA,12.93,403.0,0.277
2025-09-07,Supramax,USA,12.97,407.3,0.36
2025-09-08,Supramax,USA,13.49,406.1,0.365
2025-09-09,Supramax,USA,13.49,404.4,0.251
2025-09-10,Supramax,USA,13.51,393.6,0.423
2025-09-11,Supramax,USA,13.59,395.5,0.267
2025-09-12,Supramax,USA,13.24,401.7,0.037
2025-09-13,Supramax,USA,12.61,409.1,0.182
2025-09-14,Supramax,USA,12.48,408.8,0.526
2025-09-15,Supramax,USA,12.33,400.6,0.333
2025-09-16,Supramax,USA,12.44,419.5,0.297
2025-09-17,Supramax,USA,12.46,387.7,0.201
2025-09-18,Supramax,USA,12.16,434.2,0.0
2025-09-19,Supramax,USA,12.47,395.7,0.325
2025-09-20,Supramax,USA,13.09,434.8,0.361
2025-09-21,Supramax,USA,13.21,414.6,0.279
2025-09-22,Supramax,USA,13.27,416.2,0.173
2025-09-23,Supramax,USA,13.31,396.2,0.101
2025-09-24,Supramax,USA,12.94,416.6,0.045
2025-09-25,Supramax,USA,12.77,404.4,0.007
2025-09-26,Supramax,USA,12.73,406.0,0.363
2025-09-27,Supramax,USA,12.77,383.5,0.168
2025-09-28,Supramax,USA,12.75,432.6,0.278
2025-09-29,Supramax,USA,12.83,395.0,0.003
2025-09-30,Supramax,USA,12.66,432.4,0.31
2025-10-01,Supramax,USA,13.16,409.6,0.194
2025-10-02,Supramax,USA,13.63,413.3,0.256
2025-10-03,Supramax,USA,13.7,374.7,0.203
2025-10-04,Supramax,USA,13.69,420.5,0.515
2025-10-05,Supramax,USA,13.73,434.6,0.288
2025-10-06,Supramax,USA,13.09,407.9,0.279
2025-10-07,Supramax,USA,13.21,408.8,0.325
2025-10-08,Supramax,USA,13.05,427.5,0.418
2025-10-09,Supramax,USA,12.88,407.4,0.329
2025-10-10,Supramax,USA,12.75,401.1,0.488
2025-10-11,Supramax,USA,12.96,440.4,0.422
2025-10-12,Supramax,USA,13.11,416.0,0.276
2025-10-13,Supramax,USA,13.37,425.1,0.206
2025-10-14,Supramax,USA,13.25,407.4,0.303
2025-10-15,Supramax,USA,13.58,405.1,0.282
2025-10-16,Supramax,USA,14.1,448.2,0.504
2025-10-17,Supramax,USA,13.99,433.5,0.217
2025-10-18,Supramax,USA,13.96,401.9,0.292
2025-10-19,Supramax,USA,13.97,445.1,0.383
2025-10-20,Supramax,USA,14.08,400.6,0.252
2025-10-21,Supramax,USA,14.21,425.4,0.348
2025-10-22,Supramax,USA,13.79,425.2,0.118
2025-10-23,Supramax,USA,14.22,394.8,0.44
2025-10-24,Supramax,USA,14.46,424.0,0.399
2025-10-25,Supramax,USA,13.86,410.9,0.05
2025-10-26,Supramax,USA,13.99,429.5,0.496
2025-10-27,Supramax,USA,13.67,414.5,0.213
2025-10-28,Supramax,USA,13.85,396.6,0.266
2025-10-29,Supramax,USA,13.94,427.1,0.046
2025-10-30,Supramax,USA,13.84,416.0,0.131
2025-10-31,Supramax,USA,13.82,408.3,0.268
2025-11-01,Supramax,USA,13.61,429.1,0.112
2025-11-02,Supramax,USA,13.8,429.2,0.497
2025-11-03,Supramax,USA,14.21,425.1,0.24
2025-11-04,Supramax,USA,14.51,422.4,0.324
2025-11-05,Supramax,USA,14.48,423.6,0.233
2025-11-06,Supramax,USA,14.83,415.2,0.105
2025-11-07,Supramax,USA,14.92,416.1,0.157
2025-11-08,Supramax,USA,14.91,407.5,0.269
2025-11-09,Supramax,USA,15.19,434.0,0.14
2025-11-10,Supramax,USA,15.3,430.3,0.156
2025-11-11,Supramax,USA,15.29,391.5,0.36
2025-11-12,Supramax,USA,15.45,438.2,0.125
2025-11-13,Supramax,USA,15.13,435.7,0.153
2025-11-14,Supramax,USA,14.89,444.8,0.145
2025-11-15,Supramax,USA,14.86,425.0,0.24
2025-11-16,Supramax,USA,14.73,432.6,0.253
2025-11-17,Supramax,USA,14.46,421.6,0.49
2025-11-18,Supramax,USA,14.27,434.8,0.337
2025-11-19,Supramax,USA,14.4,422.6,0.48
2025-11-20,Supramax,USA,14.6,415.5,0.252
2025-11-21,Supramax,USA,14.21,414.0,0.612
2025-11-22,Supramax,USA,14.16,400.9,0.007
2025-11-23,Supramax,USA,14.35,430.7,0.196
2025-11-24,Supramax,USA,14.32,451.8,0.191
2025-11-25,Supramax,USA,14.4,427.8,0.44
2025-11-26,Supramax,USA,13.93,439.5,0.573
2025-11-27,Supramax,USA,14.42,424.0,0.297
2025-11-28,Supramax,USA,14.31,440.1,0.224
2025-11-29,Supramax,USA,14.03,435.4,0.503
2025-11-30,Supramax,USA,14.23,430.2,0.427
2025-12-01,Supramax,USA,14.66,457.3,0.272
2025-12-02,Supramax,USA,14.51,461.6,0.174
2025-12-03,Supramax,USA,14.88,422.5,0.255
2025-12-04,Supramax,USA,14.82,435.6,0.324
2025-12-05,Supramax,USA,14.9,417.0,0.467
2025-12-06,Supramax,USA,14.6,445.2,0.585
2025-12-07,Supramax,USA,14.6,405.8,0.336
2025-12-08,Supramax,USA,14.94,449.4,0.332
2025-12-09,Supramax,USA,15.07,442.0,0.246
2025-12-10,Supramax,USA,15.13,425.6,0.124
2025-12-11,Supramax,USA,15.44,412.3,0.453
2025-12-12,Supramax,USA,15.48,453.0,0.246
2025-12-13,Supramax,USA,15.4,427.1,0.434
2025-12-14,Supramax,USA,15.21,431.2,0.13
2025-12-15,Supramax,USA,15.23,432.4,0.305
2025-12-16,Supramax,USA,15.17,433.9,0.373
2025-12-17,Supramax,USA,15.19,412.2,0.646
2025-12-18,Supramax,USA,15.32,419.6,0.087
2025-12-19,Supramax,USA,15.13,430.9,0.57
2025-12-20,Supramax,USA,15.06,397.1,0.555
2025-12-21,Supramax,USA,14.99,425.1,0.315
2025-12-22,Supramax,USA,15.26,438.2,0.438
2025-12-23,Supramax,USA,15.18,462.8,0.383
2025-12-24,Supramax,USA,15.89,429.0,0.413
2025-12-25,Supramax,USA,16.33,425.1,0.63
2025-12-26,Supramax,USA,16.63,439.3,0.346
2025-12-27,Supramax,USA,17.29,419.6,0.134
2025-12-28,Supramax,USA,17.1,446.3,0.199
2025-12-29,Supramax,USA,17.03,457.9,0.684
2025-12-30,Supramax,USA,17.34,442.9,0.236
2023-01-01,Panamax,Australia,6.59,449.1,0.421
2023-01-02,Panamax,Australia,6.46,436.6,0.526
2023-01-03,Panamax,Australia,6.38,438.7,0.235
2023-01-04,Panamax,Australia,6.45,440.9,0.323
2023-01-05,Panamax,Australia,6.75,436.3,0.103
2023-01-06,Panamax,Australia,6.85,420.2,0.378
2023-01-07,Panamax,Australia,6.96,449.0,0.336
2023-01-08,Panamax,Australia,7.0,449.4,0.225
2023-01-09,Panamax,Australia,7.0,472.1,0.42
2023-01-10,Panamax,Australia,6.82,491.1,0.519
2023-01-11,Panamax,Australia,6.85,437.3,0.196
2023-01-12,Panamax,Australia,6.92,453.7,0.258
2023-01-13,Panamax,Australia,7.08,439.3,0.459
2023-01-14,Panamax,Australia,6.98,459.8,0.268
2023-01-15,Panamax,Australia,7.35,453.9,0.474
2023-01-16,Panamax,Australia,7.44,435.9,0.456
2023-01-17,Panamax,Australia,7.37,440.2,0.174
2023-01-18,Panamax,Australia,7.35,468.2,0.12
2023-01-19,Panamax,Australia,7.3,413.8,0.434
2023-01-20,Panamax,Australia,7.34,429.9,0.305
2023-01-21,Panamax,Australia,7.41,479.9,0.251
2023-01-22,Panamax,Australia,7.3,473.1,0.436
2023-01-23,Panamax,Australia,7.34,482.0,0.417
2023-01-24,Panamax,Australia,7.14,463.3,0.819
2023-01-25,Panamax,Australia,7.23,465.1,0.475
2023-01-26,Panamax,Australia,7.25,490.7,0.304
2023-01-27,Panamax,Australia,7.39,460.3,0.305
2023-01-28,Panamax,Australia,7.46,450.4,0.363
2023-01-29,Panamax,Australia,7.69,441.2,0.487
2023-01-30,Panamax,Australia,7.58,469.2,0.347
2023-01-31,Panamax,Australia,7.63,463.2,0.563
2023-02-01,Panamax,Australia,7.59,470.4,0.279
2023-02-02,Panamax,Australia,7.4,457.2,0.651
2023-02-03,Panamax,Australia,7.44,484.6,0.365
2023-02-04,Panamax,Australia,7.46,453.6,0.41
2023-02-05,Panamax,Australia,7.34,478.2,0.407
2023-02-06,Panamax,Australia,7.43,439.1,0.478
2023-02-07,Panamax,Australia,7.51,488.9,0.415
2023-02-08,Panamax,Australia,7.59,478.9,0.301
2023-02-09,Panamax,Australia,7.35,448.1,0.472
2023-02-10,Panamax,Australia,7.28,462.8,0.577
2023-02-11,Panamax,Australia,7.3,459.3,0.325
2023-02-12,Panamax,Australia,7.19,497.8,0.445
2023-02-13,Panamax,Australia,7.21,474.8,0.411
2023-02-14,Panamax,Australia,7.2,427.1,0.305
2023-02-15,Panamax,Australia,7.46,463.7,0.304
2023-02-16,Panamax,Australia,7.52,472.1,0.546
2023-02-17,Panamax,Australia,7.64,483.0,0.434
2023-02-18,Panamax,Australia,7.42,458.9,0.479
2023-02-19,Panamax,Australia,7.33,486.1,0.513
2023-02-20,Panamax,Australia,7.26,505.5,0.227
2023-02-21,Panamax,Australia,7.37,450.5,0.157
2023-02-22,Panamax,Australia,7.21,461.0,0.38
2023-02-23,Panamax,Australia,7.2,478.1,0.466
2023-02-24,Panamax,Australia,7.22,467.5,0.728
2023-02-25,Panamax,Australia,7.42,465.9,0.486
2023-02-26,Panamax,Australia,7.29,478.3,0.897
2023-02-27,Panamax,Australia,7.15,470.8,0.454
2023-02-28,Panamax,Australia,7.07,448.0,0.362
2023-03-01,Panamax,Australia,7.19,481.5,0.543
2023-03-02,Panamax,Australia,7.02,469.2,0.403
2023-03-03,Panamax,Australia,7.0,456.2,0.216
2023-03-04,Panamax,Australia,6.93,469.4,0.526
2023-03-05,Panamax,Australia,7.16,478.8,0.825
2023-03-06,Panamax,Australia,7.07,459.8,0.32
2023-03-07,Panamax,Australia,7.03,480.6,0.624
2023-03-08,Panamax,Australia,7.07,462.2,0.392
2023-03-09,Panamax,Australia,7.03,457.0,0.509
2023-03-10,Panamax,Australia,7.09,514.6,0.501
2023-03-11,Panamax,Australia,7.1,493.5,0.58
2023-03-12,Panamax,Australia,7.14,484.7,0.659
2023-03-13,Panamax,Australia,7.32,463.7,0.537
2023-03-14,Panamax,Australia,7.34,457.2,0.458
2023-03-15,Panamax,Australia,7.27,459.1,0.296
2023-03-16,Panamax,Australia,7.36,513.9,0.689
2023-03-17,Panamax,Australia,7.23,477.6,0.639
2023-03-18,Panamax,Australia,7.23,495.8,0.399
2023-03-19,Panamax,Australia,7.17,446.6,0.306
2023-03-20,Panamax,Australia,7.21,505.9,0.229
2023-03-21,Panamax,Australia,7.27,496.6,0.44
2023-03-22,Panamax,Australia,7.17,469.0,0.376
2023-03-23,Panamax,Australia,7.38,473.0,0.63
2023-03-24,Panamax,Australia,7.51,474.9,0.227
2023-03-25,Panamax,Australia,7.58,493.8,0.571
2023-03-26,Panamax,Australia,7.63,467.4,0.563
2023-03-27,Panamax,Australia,7.72,477.3,0.537
2023-03-28,Panamax,Australia,7.88,465.8,0.53
2023-03-29,Panamax,Australia,7.99,496.3,0.426
2023-03-30,Panamax,Australia,7.89,478.2,0.823
2023-03-31,Panamax,Australia,8.02,472.4,0.294
2023-04-01,Panamax,Australia,7.99,475.9,0.772
2023-04-02,Panamax,Australia,7.97,474.2,0.631
2023-04-03,Panamax,Australia,7.77,483.6,0.345
2023-04-04,Panamax,Australia,8.02,491.8,0.419
2023-04-05,Panamax,Australia,7.79,525.9,0.558
2023-04-06,Panamax,Australia,7.99,484.1,0.88
2023-04-07,Panamax,Australia,7.83,482.7,0.664
2023-04-08,Panamax,Australia,8.04,468.1,0.676
2023-04-09,Panamax,Australia,7.58,479.6,0.721
2023-04-10,Panamax,Australia,7.59,490.0,0.613
2023-04-11,Panamax,Australia,7.66,474.7,0.635
2023-04-12,Panamax,Australia,7.67,473.8,0.632
2023-04-13,Panamax,Australia,7.41,457.9,0.469
2023-04-14,Panamax,Australia,7.65,486.2,0.587
2023-04-15,Panamax,Australia,7.52,473.7,1.0
2023-04-16,Panamax,Australia,7.35,478.2,0.405
2023-04-17,Panamax,Australia,7.36,473.9,0.605
2023-04-18,Panamax,Australia,7.2,475.9,0.649
2023-04-19,Panamax,Australia,7.16,504.4,0.452
2023-04-20,Panamax,Australia,6.86,476.5,0.552
2023-04-21,Panamax,Australia,7.31,456.8,0.482
2023-04-22,Panamax,Australia,7.22,484.3,0.572
2023-04-23,Panamax,Australia,6.9,500.7,0.883
2023-04-24,Panamax,Australia,7.14,475.5,0.838
2023-04-25,Panamax,Australia,7.15,484.0,0.623
2023-04-26,Panamax,Australia,7.14,468.9,0.479
2023-04-27,Panamax,Australia,7.13,490.9,0.445
2023-04-28,Panamax,Australia,7.27,473.8,0.732
2023-04-29,Panamax,Australia,7.2,497.6,0.394
2023-04-30,Panamax,Australia,6.99,498.9,0.637
2023-05-01,Panamax,Australia,6.74,493.9,0.465
2023-05-02,Panamax,Australia,7.03,488.5,0.641
2023-05-03,Panamax,Australia,7.02,479.9,0.147
2023-05-04,Panamax,Australia,7.03,494.0,0.805
2023-05-05,Panamax,Australia,6.79,477.2,0.481
2023-05-06,Panamax,Australia,6.81,474.6,0.803
2023-05-07,Panamax,Australia,6.87,490.9,0.693
2023-05-08,Panamax,Australia,7.18,494.5,0.254
2023-05-09,Panamax,Australia,7.23,508.1,0.793
2023-05-10,Panamax,Australia,7.18,508.1,0.851
2023-05-11,Panamax,Australia,7.34,503.8,0.751
2023-05-12,Panamax,Australia,7.44,481.7,0.689
2023-05-13,Panamax,Australia,7.45,475.3,0.873
2023-05-14,Panamax,Australia,7.23,499.6,0.761
2023-05-15,Panamax,Australia,7.51,479.9,0.646
2023-05-16,Panamax,Australia,7.83,490.4,0.384
2023-05-17,Panamax,Australia,7.8,493.9,0.669
2023-05-18,Panamax,Australia,7.75,486.1,0.497
2023-05-19,Panamax,Australia,7.74,480.4,0.506
2023-05-20,Panamax,Australia,7.9,489.2,0.542
2023-05-21,Panamax,Australia,7.99,509.6,0.494
2023-05-22,Panamax,Australia,8.21,467.4,0.695
2023-05-23,Panamax,Australia,8.28,493.4,0.594
2023-05-24,Panamax,Australia,8.33,486.5,0.805
2023-05-25,Panamax,Australia,8.38,499.6,0.439
2023-05-26,Panamax,Australia,8.42,484.4,0.37
2023-05-27,Panamax,Australia,8.56,509.4,0.339
2023-05-28,Panamax,Australia,8.47,500.0,0.501
2023-05-29,Panamax,Australia,8.62,481.0,0.224
2023-05-30,Panamax,Australia,8.66,482.6,0.624
2023-05-31,Panamax,Australia,8.61,507.0,0.612
2023-06-01,Panamax,Australia,8.65,491.1,0.524
2023-06-02,Panamax,Australia,8.8,476.9,0.424
2023-06-03,Panamax,Australia,8.84,494.7,0.528
2023-06-04,Panamax,Australia,8.92,472.4,0.434
2023-06-05,Panamax,Australia,8.95,484.7,0.47
2023-06-06,Panamax,Australia,8.52,496.1,0.313
2023-06-07,Panamax,Australia,8.14,495.0,0.699
2023-06-08,Panamax,Australia,8.18,500.1,0.577
2023-06-09,Panamax,Australia,8.08,497.0,0.713
2023-06-10,Panamax,Australia,7.82,499.2,0.345
2023-06-11,Panamax,Australia,7.85,500.9,0.596
2023-06-12,Panamax,Australia,8.16,497.9,0.531
2023-06-13,Panamax,Australia,8.27,502.7,0.547
2023-06-14,Panamax,Australia,8.41,475.5,0.652
2023-06-15,Panamax,Australia,8.27,478.8,0.339
2023-06-16,Panamax,Australia,8.18,496.5,0.441
2023-06-17,Panamax,Australia,8.23,492.1,0.381
2023-06-18,Panamax,Australia,8.12,506.2,0.628
2023-06-19,Panamax,Australia,8.13,488.8,0.412
2023-06-20,Panamax,Australia,7.61,491.9,0.247
2023-06-21,Panamax,Australia,7.96,487.2,0.818
2023-06-22,Panamax,Australia,7.68,481.7,0.502
2023-06-23,Panamax,Australia,7.53,506.5,0.619
2023-06-24,Panamax,Australia,7.43,511.8,0.367
2023-06-25,Panamax,Australia,7.16,498.7,0.558
2023-06-26,Panamax,Australia,6.99,504.3,0.588
2023-06-27,Panamax,Australia,7.32,520.4,0.503
2023-06-28,Panamax,Australia,7.4,489.0,0.454
2023-06-29,Panamax,Australia,7.37,519.6,0.474
2023-06-30,Panamax,Australia,7.22,499.4,0.514
2023-07-01,Panamax,Australia,7.37,483.0,0.709
2023-07-02,Panamax,Australia,6.95,494.7,0.705
2023-07-03,Panamax,Australia,7.05,475.9,0.495
2023-07-04,Panamax,Australia,7.24,477.5,0.583
2023-07-05,Panamax,Australia,7.11,530.4,0.228
2023-07-06,Panamax,Australia,7.04,475.7,0.298
2023-07-07,Panamax,Australia,6.53,504.6,0.509
2023-07-08,Panamax,Australia,6.08,517.7,0.739
2023-07-09,Panamax,Australia,6.12,495.6,0.743
2023-07-10,Panamax,Australia,6.41,493.0,0.592
2023-07-11,Panamax,Australia,6.5,474.6,0.686
2023-07-12,Panamax,Australia,6.77,497.1,0.473
2023-07-13,Panamax,Australia,6.89,501.5,0.534
2023-07-14,Panamax,Australia,6.76,510.3,0.511
2023-07-15,Panamax,Australia,6.97,492.0,0.344
2023-07-16,Panamax,Australia,6.9,510.5,0.419
2023-07-17,Panamax,Australia,6.81,497.0,0.489
2023-07-18,Panamax,Australia,6.6,489.4,0.258
2023-07-19,Panamax,Australia,6.28,506.2,0.588
2023-07-20,Panamax,Australia,6.18,489.9,0.542
2023-07-21,Panamax,Australia,6.1,527.8,0.567
2023-07-22,Panamax,Australia,6.03,513.3,0.333
2023-07-23,Panamax,Australia,5.92,491.5,0.183
2023-07-24,Panamax,Australia,6.16,513.1,0.457
2023-07-25,Panamax,Australia,6.45,515.4,0.368
2023-07-26,Panamax,Australia,6.26,502.5,0.461
2023-07-27,Panamax,Australia,6.16,512.3,0.263
2023-07-28,Panamax,Australia,6.18,498.7,0.323
2023-07-29,Panamax,Australia,6.06,521.1,0.413
2023-07-30,Panamax,Australia,5.97,526.3,0.478
2023-07-31,Panamax,Australia,6.01,530.4,0.483
2023-08-01,Panamax,Australia,6.33,503.9,0.072
2023-08-02,Panamax,Australia,6.12,504.2,0.318
2023-08-03,Panamax,Australia,6.03,515.7,0.479
2023-08-04,Panamax,Australia,6.04,523.2,0.468
2023-08-05,Panamax,Australia,6.1,522.7,0.629
2023-08-06,Panamax,Australia,6.26,521.3,0.532
2023-08-07,Panamax,Australia,5.96,490.8,0.675
2023-08-08,Panamax,Australia,6.08,508.3,0.468
2023-08-09,Panamax,Australia,6.27,514.3,0.604
2023-08-10,Panamax,Australia,6.37,505.1,0.312
2023-08-11,Panamax,Australia,6.22,480.9,0.372
2023-08-12,Panamax,Australia,6.39,483.6,0.57
2023-08-13,Panamax,Australia,6.34,519.0,0.442
2023-08-14,Panamax,Australia,6.07,505.9,0.327
2023-08-15,Panamax,Australia,5.99,513.0,0.398
2023-08-16,Panamax,Australia,5.89,510.1,0.235
2023-08-17,Panamax,Australia,5.72,475.6,0.505
2023-08-18,Panamax,Australia,6.0,529.4,0.498
2023-08-19,Panamax,Australia,5.72,481.0,0.456
2023-08-20,Panamax,Australia,5.94,497.8,0.696
2023-08-21,Panamax,Australia,5.83,506.8,0.392
2023-08-22,Panamax,Australia,5.5,490.1,0.471
2023-08-23,Panamax,Australia,5.44,507.7,0.529
2023-08-24,Panamax,Australia,5.36,486.2,0.845
2023-08-25,Panamax,Australia,5.4,521.4,0.627
2023-08-26,Panamax,Australia,5.33,480.1,0.805
2023-08-27,Panamax,Australia,5.4,496.0,0.457
2023-08-28,Panamax,Australia,5.22,513.1,0.443
2023-08-29,Panamax,Australia,5.31,515.7,0.456
2023-08-30,Panamax,Australia,5.56,528.5,0.594
2023-08-31,Panamax,Australia,5.53,505.4,0.658
2023-09-01,Panamax,Australia,5.26,511.3,0.432
2023-09-02,Panamax,Australia,5.02,517.3,0.312
2023-09-03,Panamax,Australia,5.1,519.2,0.86
2023-09-04,Panamax,Australia,5.3,509.8,0.517
2023-09-05,Panamax,Australia,5.2,527.8,0.291
2023-09-06,Panamax,Australia,5.25,509.8,0.136
2023-09-07,Panamax,Australia,5.26,488.3,0.791
2023-09-08,Panamax,Australia,4.91,515.3,0.39
2023-09-09,Panamax,Australia,4.97,496.9,0.505
2023-09-10,Panamax,Australia,5.03,499.4,0.612
2023-09-11,Panamax,Australia,5.19,526.1,0.304
2023-09-12,Panamax,Australia,5.06,523.7,0.429
2023-09-13,Panamax,Australia,4.96,473.8,0.546
2023-09-14,Panamax,Australia,5.02,511.1,0.363
2023-09-15,Panamax,Australia,5.16,516.9,0.294
2023-09-16,Panamax,Australia,5.42,543.2,0.349
2023-09-17,Panamax,Australia,5.5,514.6,0.148
2023-09-18,Panamax,Australia,5.44,518.1,0.383
2023-09-19,Panamax,Australia,5.18,511.9,0.417
2023-09-20,Panamax,Australia,5.33,499.3,0.547
2023-09-21,Panamax,Australia,5.42,533.5,0.341
2023-09-22,Panamax,Australia,5.33,522.4,0.441
2023-09-23,Panamax,Australia,5.25,503.8,0.293
2023-09-24,Panamax,Australia,5.25,503.7,0.5
2023-09-25,Panamax,Australia,5.42,503.7,0.253
2023-09-26,Panamax,Australia,5.13,504.1,0.187
2023-09-27,Panamax,Australia,5.03,464.8,0.075
2023-09-28,Panamax,Australia,4.98,516.7,0.321
2023-09-29,Panamax,Australia,5.12,496.5,0.306
2023-09-30,Panamax,Australia,5.13,484.0,0.286
2023-10-01,Panamax,Australia,5.37,498.0,0.56
2023-10-02,Panamax,Australia,5.84,507.4,0.437
2023-10-03,Panamax,Australia,6.12,514.2,0.474
2023-10-04,Panamax,Australia,5.99,506.7,0.432
2023-10-05,Panamax,Australia,6.03,499.1,0.281
2023-10-06,Panamax,Australia,5.97,512.8,0.518
2023-10-07,Panamax,Australia,5.87,523.3,0.287
2023-10-08,Panamax,Australia,6.04,506.3,0.685
2023-10-09,Panamax,Australia,6.13,514.0,0.735
2023-10-10,Panamax,Australia,6.05,522.1,0.266
2023-10-11,Panamax,Australia,6.23,507.2,0.528
2023-10-12,Panamax,Australia,6.37,519.6,0.499
2023-10-13,Panamax,Australia,6.14,488.8,0.251
2023-10-14,Panamax,Australia,6.14,543.6,0.549
2023-10-15,Panamax,Australia,6.15,512.5,0.543
2023-10-16,Panamax,Australia,6.37,508.8,0.504
2023-10-17,Panamax,Australia,6.46,527.4,0.53
2023-10-18,Panamax,Australia,6.45,506.0,0.512
2023-10-19,Panamax,Australia,6.62,516.9,0.523
2023-10-20,Panamax,Australia,6.46,489.2,0.503
2023-10-21,Panamax,Australia,6.53,518.3,0.333
2023-10-22,Panamax,Australia,6.7,513.3,0.31
2023-10-23,Panamax,Australia,6.22,521.6,0.312
2023-10-24,Panamax,Australia,6.19,544.8,0.267
2023-10-25,Panamax,Australia,6.47,506.0,0.521
2023-10-26,Panamax,Australia,6.16,530.7,0.383
2023-10-27,Panamax,Australia,6.5,475.3,0.409
2023-10-28,Panamax,Australia,6.42,477.2,0.419
2023-10-29,Panamax,Australia,6.27,526.5,0.76
2023-10-30,Panamax,Australia,6.44,507.1,0.118
2023-10-31,Panamax,Australia,6.67,524.8,0.517
2023-11-01,Panamax,Australia,7.14,530.2,0.153
2023-11-02,Panamax,Australia,7.17,524.6,0.31
2023-11-03,Panamax,Australia,7.07,500.8,0.316
2023-11-04,Panamax,Australia,7.44,511.2,0.612
2023-11-05,Panamax,Australia,7.26,502.1,0.236
2023-11-06,Panamax,Australia,7.22,525.4,0.283
2023-11-07,Panamax,Australia,7.5,500.5,0.55
2023-11-08,Panamax,Australia,7.51,483.6,0.113
2023-11-09,Panamax,Australia,7.55,513.2,0.281
2023-11-10,Panamax,Australia,7.42,477.5,0.412
2023-11-11,Panamax,Australia,7.32,503.6,0.0
2023-11-12,Panamax,Australia,7.06,517.3,0.48
2023-11-13,Panamax,Australia,7.03,494.4,0.198
2023-11-14,Panamax,Australia,6.86,513.8,0.212
2023-11-15,Panamax,Australia,6.96,516.5,0.477
2023-11-16,Panamax,Australia,6.96,519.5,0.233
2023-11-17,Panamax,Australia,6.9,509.8,0.492
2023-11-18,Panamax,Australia,7.03,526.4,0.353
2023-11-19,Panamax,Australia,7.36,547.0,0.718
2023-11-20,Panamax,Australia,7.93,507.3,0.224
2023-11-21,Panamax,Australia,7.92,486.4,0.585
2023-11-22,Panamax,Australia,7.82,506.7,0.419
2023-11-23,Panamax,Australia,7.92,492.6,0.01
2023-11-24,Panamax,Australia,7.91,493.0,0.026
2023-11-25,Panamax,Australia,8.04,486.2,0.49
2023-11-26,Panamax,Australia,7.9,526.1,0.183
2023-11-27,Panamax,Australia,7.9,491.9,0.511
2023-11-28,Panamax,Australia,7.86,488.4,0.5
2023-11-29,Panamax,Australia,7.81,501.0,0.545
2023-11-30,Panamax,Australia,8.09,478.7,0.542
2023-12-01,Panamax,Australia,8.24,499.0,0.501
2023-12-02,Panamax,Australia,8.1,497.2,0.084
2023-12-03,Panamax,Australia,8.43,496.0,0.429
2023-12-04,Panamax,Australia,8.87,512.9,0.268
2023-12-05,Panamax,Australia,8.9,489.2,0.097
2023-12-06,Panamax,Australia,8.83,519.0,0.547
2023-12-07,Panamax,Australia,8.82,509.1,0.329
2023-12-08,Panamax,Australia,8.81,479.1,0.279
2023-12-09,Panamax,Australia,8.85,514.3,0.557
2023-12-10,Panamax,Australia,8.91,508.4,0.297
2023-12-11,Panamax,Australia,8.78,496.5,0.0
2023-12-12,Panamax,Australia,8.8,488.8,0.606
2023-12-13,Panamax,Australia,9.01,511.5,0.116
2023-12-14,Panamax,Australia,8.72,480.7,0.46
2023-12-15,Panamax,Australia,8.27,488.0,0.011
2023-12-16,Panamax,Australia,8.29,497.8,0.205
2023-12-17,Panamax,Australia,8.6,503.0,0.039
2023-12-18,Panamax,Australia,8.08,494.8,0.408
2023-12-19,Panamax,Australia,7.88,530.7,0.268
2023-12-20,Panamax,Australia,7.73,519.9,0.383
2023-12-21,Panamax,Australia,7.95,525.6,0.404
2023-12-22,Panamax,Australia,8.29,466.7,0.376
2023-12-23,Panamax,Australia,8.42,503.6,0.162
2023-12-24,Panamax,Australia,8.75,498.5,0.368
2023-12-25,Panamax,Australia,8.79,504.4,0.234
2023-12-26,Panamax,Australia,8.96,519.7,0.315
2023-12-27,Panamax,Australia,9.21,508.9,0.295
2023-12-28,Panamax,Australia,9.24,544.5,0.157
2023-12-29,Panamax,Australia,9.22,483.6,0.289
2023-12-30,Panamax,Australia,9.24,498.0,0.226
2023-12-31,Panamax,Australia,9.48,501.5,0.485
2024-01-01,Panamax,Australia,9.31,486.1,0.319
2024-01-02,Panamax,Australia,9.59,495.7,0.41
2024-01-03,Panamax,Australia,9.41,483.5,0.203
2024-01-04,Panamax,Australia,9.2,508.7,0.36
2024-01-05,Panamax,Australia,8.92,527.9,0.494
2024-01-06,Panamax,Australia,8.68,513.5,0.424
2024-01-07,Panamax,Australia,8.34,522.5,0.345
2024-01-08,Panamax,Australia,8.17,498.3,0.142
2024-01-09,Panamax,Australia,8.25,506.8,0.323
2024-01-10,Panamax,Australia,8.46,493.8,0.0
2024-01-11,Panamax,Australia,8.34,505.1,0.0
2024-01-12,Panamax,Australia,8.55,502.3,0.356
2024-01-13,Panamax,Australia,8.38,503.1,0.379
2024-01-14,Panamax,Australia,8.49,500.1,0.244
2024-01-15,Panamax,Australia,8.44,520.3,0.299
2024-01-16,Panamax,Australia,8.5,519.5,0.33
2024-01-17,Panamax,Australia,8.49,512.6,0.411
2024-01-18,Panamax,Australia,8.62,496.9,0.171
2024-01-19,Panamax,Australia,8.38,510.6,0.207
2024-01-20,Panamax,Australia,7.93,517.2,0.371
2024-01-21,Panamax,Australia,7.71,532.1,0.403
2024-01-22,Panamax,Australia,7.79,511.9,0.0
2024-01-23,Panamax,Australia,7.69,504.5,0.281
2024-01-24,Panamax,Australia,7.71,516.3,0.291
2024-01-25,Panamax,Australia,7.79,490.0,0.085
2024-01-26,Panamax,Australia,7.62,524.8,0.207
2024-01-27,Panamax,Australia,7.68,506.6,0.434
2024-01-28,Panamax,Australia,7.48,474.6,0.514
2024-01-29,Panamax,Australia,7.42,473.7,0.18
2024-01-30,Panamax,Australia,7.48,507.7,0.073
2024-01-31,Panamax,Australia,7.34,496.5,0.169
2024-02-01,Panamax,Australia,7.62,507.1,0.031
2024-02-02,Panamax,Australia,7.68,487.5,0.367
2024-02-03,Panamax,Australia,7.54,491.1,0.345
2024-02-04,Panamax,Australia,7.29,490.9,0.161
2024-02-05,Panamax,Australia,7.57,518.6,0.492
2024-02-06,Panamax,Australia,7.64,515.0,0.379
2024-02-07,Panamax,Australia,7.4,503.2,0.356
2024-02-08,Panamax,Australia,7.61,504.9,0.263
2024-02-09,Panamax,Australia,7.52,509.2,0.339
2024-02-10,Panamax,Australia,7.27,496.6,0.304
2024-02-11,Panamax,Australia,7.86,494.8,0.125
2024-02-12,Panamax,Australia,7.74,518.2,0.312
2024-02-13,Panamax,Australia,7.65,507.9,0.195
2024-02-14,Panamax,Australia,7.8,488.0,0.237
2024-02-15,Panamax,Australia,7.76,505.3,0.254
2024-02-16,Panamax,Australia,7.52,475.7,0.324
2024-02-17,Panamax,Australia,7.54,503.0,0.19
2024-02-18,Panamax,Australia,6.97,478.3,0.195
2024-02-19,Panamax,Australia,6.74,506.4,0.275
2024-02-20,Panamax,Australia,6.84,489.2,0.197
2024-02-21,Panamax,Australia,6.72,486.7,0.181
2024-02-22,Panamax,Australia,6.55,495.1,0.29
2024-02-23,Panamax,Australia,6.27,498.4,0.239
2024-02-24,Panamax,Australia,6.35,478.6,0.297
2024-02-25,Panamax,Australia,6.3,507.5,0.103
2024-02-26,Panamax,Australia,6.31,488.2,0.139
2024-02-27,Panamax,Australia,6.37,489.6,0.104
2024-02-28,Panamax,Australia,6.45,511.2,0.382
2024-02-29,Panamax,Australia,6.31,513.1,0.251
2024-03-01,Panamax,Australia,6.31,476.2,0.362
2024-03-02,Panamax,Australia,6.39,496.7,0.244
2024-03-03,Panamax,Australia,6.27,492.9,0.176
2024-03-04,Panamax,Australia,6.34,477.5,0.323
2024-03-05,Panamax,Australia,6.04,505.4,0.199
2024-03-06,Panamax,Australia,6.13,500.1,0.35
2024-03-07,Panamax,Australia,6.23,498.5,0.237
2024-03-08,Panamax,Australia,6.46,499.6,0.428
2024-03-09,Panamax,Australia,6.66,489.4,0.308
2024-03-10,Panamax,Australia,6.33,456.1,0.215
2024-03-11,Panamax,Australia,6.56,476.7,0.511
2024-03-12,Panamax,Australia,6.59,483.4,0.069
2024-03-13,Panamax,Australia,6.58,497.4,0.315
2024-03-14,Panamax,Australia,6.37,502.2,0.325
2024-03-15,Panamax,Australia,6.66,508.4,0.011
2024-03-16,Panamax,Australia,6.59,466.0,0.323
2024-03-17,Panamax,Australia,6.54,496.4,0.23
2024-03-18,Panamax,Australia,6.63,528.8,0.223
2024-03-19,Panamax,Australia,6.45,495.0,0.171
2024-03-20,Panamax,Australia,6.51,480.4,0.305
2024-03-21,Panamax,Australia,6.77,489.9,0.429
2024-03-22,Panamax,Australia,6.98,465.6,0.348
2024-03-23,Panamax,Australia,6.95,499.4,0.052
2024-03-24,Panamax,Australia,6.74,497.1,0.4
2024-03-25,Panamax,Australia,6.72,490.2,0.195
2024-03-26,Panamax,Australia,6.34,480.1,0.021
2024-03-27,Panamax,Australia,6.46,494.2,0.279
2024-03-28,Panamax,Australia,6.32,487.6,0.14
2024-03-29,Panamax,Australia,6.45,492.6,0.168
2024-03-30,Panamax,Australia,6.47,515.2,0.466
2024-03-31,Panamax,Australia,6.42,483.3,0.5
2024-04-01,Panamax,Australia,6.51,492.0,0.282
2024-04-02,Panamax,Australia,6.31,486.1,0.489
2024-04-03,Panamax,Australia,6.5,497.7,0.283
2024-04-04,Panamax,Australia,6.52,487.4,0.446
2024-04-05,Panamax,Australia,6.63,485.9,0.129
2024-04-06,Panamax,Australia,6.6,493.8,0.418
2024-04-07,Panamax,Australia,6.5,459.2,0.39
2024-04-08,Panamax,Australia,6.47,468.7,0.307
2024-04-09,Panamax,Australia,6.28,481.7,0.053
2024-04-10,Panamax,Australia,6.36,487.1,0.441
2024-04-11,Panamax,Australia,6.39,474.7,0.363
2024-04-12,Panamax,Australia,6.51,478.0,0.232
2024-04-13,Panamax,Australia,6.62,467.1,0.449
2024-04-14,Panamax,Australia,6.5,481.3,0.346
2024-04-15,Panamax,Australia,6.47,466.1,0.347
2024-04-16,Panamax,Australia,6.66,484.0,0.473
2024-04-17,Panamax,Australia,6.54,513.0,0.369
2024-04-18,Panamax,Australia,6.62,480.7,0.211
2024-04-19,Panamax,Australia,6.72,450.2,0.079
2024-04-20,Panamax,Australia,6.55,468.0,0.055
2024-04-21,Panamax,Australia,6.82,495.7,0.181
2024-04-22,Panamax,Australia,6.92,450.9,0.167
2024-04-23,Panamax,Australia,7.32,473.5,0.581
2024-04-24,Panamax,Australia,7.47,468.7,0.412
2024-04-25,Panamax,Australia,7.47,454.0,0.228
2024-04-26,Panamax,Australia,7.47,472.8,0.509
2024-04-27,Panamax,Australia,7.3,479.5,0.0
2024-04-28,Panamax,Australia,7.06,463.3,0.344
2024-04-29,Panamax,Australia,6.87,468.3,0.358
2024-04-30,Panamax,Australia,6.54,480.2,0.077
2024-05-01,Panamax,Australia,6.54,487.2,0.317
2024-05-02,Panamax,Australia,6.36,479.4,0.34
2024-05-03,Panamax,Australia,6.3,478.0,0.579
2024-05-04,Panamax,Australia,6.33,494.1,0.0
2024-05-05,Panamax,Australia,6.22,483.4,0.225
2024-05-06,Panamax,Australia,6.75,470.2,0.349
2024-05-07,Panamax,Australia,6.77,468.3,0.398
2024-05-08,Panamax,Australia,6.76,486.5,0.295
2024-05-09,Panamax,Australia,6.95,477.9,0.051
2024-05-10,Panamax,Australia,7.07,477.2,0.288
2024-05-11,Panamax,Australia,6.81,502.0,0.308
2024-05-12,Panamax,Australia,6.95,463.4,0.586
2024-05-13,Panamax,Australia,7.01,472.8,0.238
2024-05-14,Panamax,Australia,7.02,505.6,0.263
2024-05-15,Panamax,Australia,7.34,478.7,0.16
2024-05-16,Panamax,Australia,7.25,472.8,0.397
2024-05-17,Panamax,Australia,7.02,499.9,0.42
2024-05-18,Panamax,Australia,6.96,430.4,0.347
2024-05-19,Panamax,Australia,7.04,439.2,0.284
2024-05-20,Panamax,Australia,6.94,491.5,0.404
2024-05-21,Panamax,Australia,6.73,456.2,0.0
2024-05-22,Panamax,Australia,7.03,480.8,0.471
2024-05-23,Panamax,Australia,7.01,453.8,0.229
2024-05-24,Panamax,Australia,7.01,458.7,0.424
2024-05-25,Panamax,Australia,6.98,487.6,0.127
2024-05-26,Panamax,Australia,7.1,470.1,0.09
2024-05-27,Panamax,Australia,6.93,437.6,0.337
2024-05-28,Panamax,Australia,7.11,460.5,0.41
2024-05-29,Panamax,Australia,7.11,499.9,0.341
2024-05-30,Panamax,Australia,6.93,426.1,0.171
2024-05-31,Panamax,Australia,6.88,473.7,0.584
2024-06-01,Panamax,Australia,7.05,472.2,0.281
2024-06-02,Panamax,Australia,6.99,477.0,0.575
2024-06-03,Panamax,Australia,7.43,454.0,0.0
2024-06-04,Panamax,Australia,7.29,483.7,0.209
2024-06-05,Panamax,Australia,7.05,456.5,0.394
2024-06-06,Panamax,Australia,7.22,460.9,0.351
2024-06-07,Panamax,Australia,7.24,463.7,0.56
2024-06-08,Panamax,Australia,7.33,489.2,0.272
2024-06-09,Panamax,Australia,7.2,465.4,0.596
2024-06-10,Panamax,Australia,7.25,478.3,0.361
2024-06-11,Panamax,Australia,7.23,484.7,0.413
2024-06-12,Panamax,Australia,7.34,462.0,0.45
2024-06-13,Panamax,Australia,7.07,459.1,0.116
2024-06-14,Panamax,Australia,7.06,456.2,0.553
2024-06-15,Panamax,Australia,6.94,465.7,0.0
2024-06-16,Panamax,Australia,6.77,441.6,0.306
2024-06-17,Panamax,Australia,6.87,470.1,0.187
2024-06-18,Panamax,Australia,6.87,445.7,0.267
2024-06-19,Panamax,Australia,6.85,465.1,0.43
2024-06-20,Panamax,Australia,7.14,464.2,0.444
2024-06-21,Panamax,Australia,7.04,488.0,0.313
2024-06-22,Panamax,Australia,7.04,417.7,0.126
2024-06-23,Panamax,Australia,7.07,453.6,0.349
2024-06-24,Panamax,Australia,7.12,458.7,0.367
2024-06-25,Panamax,Australia,7.12,485.6,0.418
2024-06-26,Panamax,Australia,7.33,443.3,0.271
2024-06-27,Panamax,Australia,7.34,444.8,0.341
2024-06-28,Panamax,Australia,7.17,446.1,0.23
2024-06-29,Panamax,Australia,7.01,451.4,0.371
2024-06-30,Panamax,Australia,6.92,477.5,0.44
2024-07-01,Panamax,Australia,6.99,437.2,0.357
2024-07-02,Panamax,Australia,6.76,440.6,0.292
2024-07-03,Panamax,Australia,6.76,449.8,0.108
2024-07-04,Panamax,Australia,6.74,455.9,0.326
2024-07-05,Panamax,Australia,6.68,424.1,0.379
2024-07-06,Panamax,Australia,6.49,461.5,0.368
2024-07-07,Panamax,Australia,6.4,461.3,0.224
2024-07-08,Panamax,Australia,6.62,471.1,0.385
2024-07-09,Panamax,Australia,6.68,445.7,0.359
2024-07-10,Panamax,Australia,6.67,444.2,0.178
2024-07-11,Panamax,Australia,6.43,439.6,0.348
2024-07-12,Panamax,Australia,6.4,438.2,0.322
2024-07-13,Panamax,Australia,6.55,470.0,0.537
2024-07-14,Panamax,Australia,6.39,492.7,0.082
2024-07-15,Panamax,Australia,6.33,421.5,0.358
2024-07-16,Panamax,Australia,6.5,447.5,0.49
2024-07-17,Panamax,Australia,6.42,443.8,0.576
2024-07-18,Panamax,Australia,6.33,461.9,0.402
2024-07-19,Panamax,Australia,6.4,443.2,0.394
2024-07-20,Panamax,Australia,6.37,455.1,0.488
2024-07-21,Panamax,Australia,6.25,456.9,0.159
2024-07-22,Panamax,Australia,6.06,426.8,0.239
2024-07-23,Panamax,Australia,6.11,463.3,0.425
2024-07-24,Panamax,Australia,6.18,438.3,0.511
2024-07-25,Panamax,Australia,6.1,478.6,0.21
2024-07-26,Panamax,Australia,6.06,452.8,0.425
2024-07-27,Panamax,Australia,6.1,442.6,0.519
2024-07-28,Panamax,Australia,6.19,438.7,0.582
2024-07-29,Panamax,Australia,5.99,429.8,0.84
2024-07-30,Panamax,Australia,6.09,418.9,0.368
2024-07-31,Panamax,Australia,6.19,427.7,0.427
2024-08-01,Panamax,Australia,6.06,459.2,0.348
2024-08-02,Panamax,Australia,6.12,449.2,0.358
2024-08-03,Panamax,Australia,6.13,457.5,0.521
2024-08-04,Panamax,Australia,6.08,458.9,0.457
2024-08-05,Panamax,Australia,6.33,452.8,0.255
2024-08-06,Panamax,Australia,6.37,458.6,0.666
2024-08-07,Panamax,Australia,6.36,445.1,0.401
2024-08-08,Panamax,Australia,6.28,467.5,0.27
2024-08-09,Panamax,Australia,6.36,437.9,0.63
2024-08-10,Panamax,Australia,6.35,454.4,0.372
2024-08-11,Panamax,Australia,6.23,449.1,0.095
2024-08-12,Panamax,Australia,5.95,412.0,0.368
2024-08-13,Panamax,Australia,6.1,449.7,0.506
2024-08-14,Panamax,Australia,6.4,457.4,0.323
2024-08-15,Panamax,Australia,6.43,433.4,0.345
2024-08-16,Panamax,Australia,6.45,473.3,0.417
2024-08-17,Panamax,Australia,6.43,451.2,0.562
2024-08-18,Panamax,Australia,6.43,454.3,0.272
2024-08-19,Panamax,Australia,6.5,449.8,0.673
2024-08-20,Panamax,Australia,6.5,456.7,0.52
2024-08-21,Panamax,Australia,6.32,433.9,0.526
2024-08-22,Panamax,Australia,6.38,460.0,0.184
2024-08-23,Panamax,Australia,6.28,410.9,0.351
2024-08-24,Panamax,Australia,6.23,441.9,0.556
2024-08-25,Panamax,Australia,6.25,442.3,0.446
2024-08-26,Panamax,Australia,6.22,434.7,0.239
2024-08-27,Panamax,Australia,6.26,433.0,0.861
2024-08-28,Panamax,Australia,6.37,458.1,0.506
2024-08-29,Panamax,Australia,6.38,422.4,0.288
2024-08-30,Panamax,Australia,6.44,442.4,0.535
2024-08-31,Panamax,Australia,6.4,457.0,0.41
2024-09-01,Panamax,Australia,6.2,431.5,0.614
2024-09-02,Panamax,Australia,6.28,427.9,0.598
2024-09-03,Panamax,Australia,6.09,424.1,0.35
2024-09-04,Panamax,Australia,6.13,455.9,0.445
2024-09-05,Panamax,Australia,6.06,425.2,0.61
2024-09-06,Panamax,Australia,5.92,425.4,0.139
2024-09-07,Panamax,Australia,6.03,424.9,0.408
2024-09-08,Panamax,Australia,5.96,445.1,0.573
2024-09-09,Panamax,Australia,6.07,428.9,0.577
2024-09-10,Panamax,Australia,5.91,439.3,0.712
2024-09-11,Panamax,Australia,6.03,453.9,0.252
2024-09-12,Panamax,Australia,5.93,435.5,0.599
2024-09-13,Panamax,Australia,5.72,416.7,0.0
2024-09-14,Panamax,Australia,5.6,410.2,0.621
2024-09-15,Panamax,Australia,5.55,411.6,0.666
2024-09-16,Panamax,Australia,5.72,427.9,0.577
2024-09-17,Panamax,Australia,5.7,439.2,0.4
2024-09-18,Panamax,Australia,5.91,436.4,0.586
2024-09-19,Panamax,Australia,6.0,434.9,0.743
2024-09-20,Panamax,Australia,5.82,422.4,0.377
2024-09-21,Panamax,Australia,5.72,442.9,0.602
2024-09-22,Panamax,Australia,5.91,413.9,0.319
2024-09-23,Panamax,Australia,5.9,423.2,0.364
2024-09-24,Panamax,Australia,5.94,430.1,0.368
2024-09-25,Panamax,Australia,5.85,457.7,0.402
2024-09-26,Panamax,Australia,5.79,420.2,0.452
2024-09-27,Panamax,Australia,5.84,414.0,0.52
2024-09-28,Panamax,Australia,6.04,426.8,0.383
2024-09-29,Panamax,Australia,5.84,409.0,0.612
2024-09-30,Panamax,Australia,5.86,461.1,0.4
2024-10-01,Panamax,Australia,5.81,417.3,0.626
2024-10-02,Panamax,Australia,5.8,453.1,0.444
2024-10-03,Panamax,Australia,5.93,425.9,0.414
2024-10-04,Panamax,Australia,6.11,423.6,0.81
2024-10-05,Panamax,Australia,6.11,428.5,0.333
2024-10-06,Panamax,Australia,6.02,439.2,0.648
2024-10-07,Panamax,Australia,5.93,424.6,0.193
2024-10-08,Panamax,Australia,6.06,435.4,0.631
2024-10-09,Panamax,Australia,5.78,425.3,0.553
2024-10-10,Panamax,Australia,5.7,420.3,0.815
2024-10-11,Panamax,Australia,5.66,443.1,0.715
2024-10-12,Panamax,Australia,5.62,423.0,0.487
2024-10-13,Panamax,Australia,5.77,448.2,0.38
2024-10-14,Panamax,Australia,5.69,454.1,0.496
2024-10-15,Panamax,Australia,5.83,442.1,0.546
2024-10-16,Panamax,Australia,5.72,382.9,0.254
2024-10-17,Panamax,Australia,5.75,423.2,0.503
2024-10-18,Panamax,Australia,5.82,451.5,0.764
2024-10-19,Panamax,Australia,5.72,412.7,0.692
2024-10-20,Panamax,Australia,5.53,412.2,0.625
2024-10-21,Panamax,Australia,5.71,422.3,0.357
2024-10-22,Panamax,Australia,5.79,447.4,0.763
2024-10-23,Panamax,Australia,5.74,446.6,0.286
2024-10-24,Panamax,Australia,5.82,430.4,0.663
2024-10-25,Panamax,Australia,5.8,405.9,0.444
2024-10-26,Panamax,Australia,5.95,421.9,0.679
2024-10-27,Panamax,Australia,5.73,437.1,0.72
2024-10-28,Panamax,Australia,5.89,425.1,0.488
2024-10-29,Panamax,Australia,5.87,426.6,0.689
2024-10-30,Panamax,Australia,6.09,426.2,0.48
2024-10-31,Panamax,Australia,6.08,419.6,0.322
2024-11-01,Panamax,Australia,5.9,428.8,0.488
2024-11-02,Panamax,Australia,6.11,396.4,0.561
2024-11-03,Panamax,Australia,6.19,438.8,0.628
2024-11-04,Panamax,Australia,6.16,403.4,0.552
2024-11-05,Panamax,Australia,6.2,397.7,0.71
2024-11-06,Panamax,Australia,6.26,417.9,0.497
2024-11-07,Panamax,Australia,6.14,427.1,0.436
2024-11-08,Panamax,Australia,6.4,415.2,0.283
2024-11-09,Panamax,Australia,6.53,433.2,0.571
2024-11-10,Panamax,Australia,6.68,415.1,0.606
2024-11-11,Panamax,Australia,6.66,437.0,0.217
2024-11-12,Panamax,Australia,6.58,418.5,0.352
2024-11-13,Panamax,Australia,6.7,430.4,0.599
2024-11-14,Panamax,Australia,6.53,409.6,0.52
2024-11-15,Panamax,Australia,6.69,422.1,0.698
2024-11-16,Panamax,Australia,6.75,393.8,0.47
2024-11-17,Panamax,Australia,6.85,420.8,0.682
2024-11-18,Panamax,Australia,6.82,403.9,0.659
2024-11-19,Panamax,Australia,6.56,418.0,0.436
2024-11-20,Panamax,Australia,6.51,403.6,0.422
2024-11-21,Panamax,Australia,6.67,442.1,0.278
2024-11-22,Panamax,Australia,6.73,422.3,0.376
2024-11-23,Panamax,Australia,6.92,422.9,0.41
2024-11-24,Panamax,Australia,6.84,417.0,0.515
2024-11-25,Panamax,Australia,6.84,409.7,0.567
2024-11-26,Panamax,Australia,6.84,420.2,0.276
2024-11-27,Panamax,Australia,7.09,396.9,0.548
2024-11-28,Panamax,Australia,7.06,407.8,0.487
2024-11-29,Panamax,Australia,6.93,425.4,0.478
2024-11-30,Panamax,Australia,6.89,400.0,0.544
2024-12-01,Panamax,Australia,6.87,403.4,0.609
2024-12-02,Panamax,Australia,7.1,387.3,0.262
2024-12-03,Panamax,Australia,6.87,410.2,0.636
2024-12-04,Panamax,Australia,6.75,415.4,0.535
2024-12-05,Panamax,Australia,6.76,409.6,0.787
2024-12-06,Panamax,Australia,6.85,408.4,0.663
2024-12-07,Panamax,Australia,7.1,408.5,0.279
2024-12-08,Panamax,Australia,6.98,375.3,0.391
2024-12-09,Panamax,Australia,6.99,407.2,0.782
2024-12-10,Panamax,Australia,6.99,402.1,0.353
2024-12-11,Panamax,Australia,6.99,401.3,0.289
2024-12-12,Panamax,Australia,7.13,397.8,0.201
2024-12-13,Panamax,Australia,7.18,413.4,0.413
2024-12-14,Panamax,Australia,7.08,384.1,0.459
2024-12-15,Panamax,Australia,7.16,406.8,0.457
2024-12-16,Panamax,Australia,7.21,402.2,0.993
2024-12-17,Panamax,Australia,7.28,412.0,0.574
2024-12-18,Panamax,Australia,7.22,407.2,0.794
2024-12-19,Panamax,Australia,7.26,428.0,0.503
2024-12-20,Panamax,Australia,7.14,390.4,0.558
2024-12-21,Panamax,Australia,7.06,385.5,0.738
2024-12-22,Panamax,Australia,6.88,403.9,0.386
2024-12-23,Panamax,Australia,6.88,384.5,0.444
2024-12-24,Panamax,Australia,6.68,418.1,0.483
2024-12-25,Panamax,Australia,6.75,377.2,0.64
2024-12-26,Panamax,Australia,6.94,379.8,0.49
2024-12-27,Panamax,Australia,6.93,398.8,0.705
2024-12-28,Panamax,Australia,6.82,390.8,0.406
2024-12-29,Panamax,Australia,6.76,397.2,0.47
2024-12-30,Panamax,Australia,6.57,410.6,0.759
2024-12-31,Panamax,Australia,6.32,391.0,0.386
2025-01-01,Panamax,Australia,6.14,432.7,0.489
2025-01-02,Panamax,Australia,6.34,398.5,0.544
2025-01-03,Panamax,Australia,6.41,410.0,0.711
2025-01-04,Panamax,Australia,6.49,413.8,0.366
2025-01-05,Panamax,Australia,6.6,403.8,0.666
2025-01-06,Panamax,Australia,6.59,399.5,0.529
2025-01-07,Panamax,Australia,6.62,403.3,0.336
2025-01-08,Panamax,Australia,6.49,409.3,0.405
2025-01-09,Panamax,Australia,6.78,413.6,0.518
2025-01-10,Panamax,Australia,6.86,394.2,0.422
2025-01-11,Panamax,Australia,6.96,397.5,0.245
2025-01-12,Panamax,Australia,6.99,418.3,0.503
2025-01-13,Panamax,Australia,7.09,393.3,0.232
2025-01-14,Panamax,Australia,7.11,393.3,0.503
2025-01-15,Panamax,Australia,7.05,412.3,0.447
2025-01-16,Panamax,Australia,7.15,386.3,0.757
2025-01-17,Panamax,Australia,7.49,417.5,0.406
2025-01-18,Panamax,Australia,7.44,391.5,0.468
2025-01-19,Panamax,Australia,7.61,398.7,0.333
2025-01-20,Panamax,Australia,7.74,417.7,0.397
2025-01-21,Panamax,Australia,7.57,398.9,0.547
2025-01-22,Panamax,Australia,7.68,376.8,0.482
2025-01-23,Panamax,Australia,7.7,390.7,0.387
2025-01-24,Panamax,Australia,7.8,396.3,0.438
2025-01-25,Panamax,Australia,7.74,400.1,0.551
2025-01-26,Panamax,Australia,7.84,390.8,0.807
2025-01-27,Panamax,Australia,7.95,378.5,0.577
2025-01-28,Panamax,Australia,7.69,419.5,0.28
2025-01-29,Panamax,Australia,7.73,442.5,0.508
2025-01-30,Panamax,Australia,7.75,401.6,0.361
2025-01-31,Panamax,Australia,7.66,396.4,0.346
2025-02-01,Panamax,Australia,7.55,390.7,0.33
2025-02-02,Panamax,Australia,7.37,397.0,0.224
2025-02-03,Panamax,Australia,7.18,430.4,0.742
2025-02-04,Panamax,Australia,7.32,388.8,0.83
2025-02-05,Panamax,Australia,7.54,417.8,0.248
2025-02-06,Panamax,Australia,7.33,385.3,0.615
2025-02-07,Panamax,Australia,7.41,407.0,0.364
2025-02-08,Panamax,Australia,7.08,396.4,0.311
2025-02-09,Panamax,Australia,7.55,407.5,0.421
2025-02-10,Panamax,Australia,7.59,407.4,0.468
2025-02-11,Panamax,Australia,7.45,391.7,0.424
2025-02-12,Panamax,Australia,7.77,405.2,0.444
2025-02-13,Panamax,Australia,7.79,409.5,0.453
2025-02-14,Panamax,Australia,8.2,401.2,0.282
2025-02-15,Panamax,Australia,8.3,394.5,0.51
2025-02-16,Panamax,Australia,8.07,391.9,0.566
2025-02-17,Panamax,Australia,8.18,403.9,0.092
2025-02-18,Panamax,Australia,8.32,388.4,0.5
2025-02-19,Panamax,Australia,8.07,375.7,0.376
2025-02-20,Panamax,Australia,8.18,399.8,0.699
2025-02-21,Panamax,Australia,7.57,378.9,0.539
2025-02-22,Panamax,Australia,7.41,407.4,0.478
2025-02-23,Panamax,Australia,7.61,406.3,0.735
2025-02-24,Panamax,Australia,7.16,411.6,0.452
2025-02-25,Panamax,Australia,6.95,402.9,0.748
2025-02-26,Panamax,Australia,7.43,401.6,0.428
2025-02-27,Panamax,Australia,7.68,376.6,0.474
2025-02-28,Panamax,Australia,7.66,410.1,0.577
2025-03-01,Panamax,Australia,8.21,398.5,0.406
2025-03-02,Panamax,Australia,8.44,402.9,0.578
2025-03-03,Panamax,Australia,8.18,391.9,0.773
2025-03-04,Panamax,Australia,8.15,383.1,0.407
2025-03-05,Panamax,Australia,8.13,396.0,0.349
2025-03-06,Panamax,Australia,7.84,388.4,0.595
2025-03-07,Panamax,Australia,8.1,396.4,0.71
2025-03-08,Panamax,Australia,8.2,383.3,0.583
2025-03-09,Panamax,Australia,8.12,397.4,0.188
2025-03-10,Panamax,Australia,8.14,403.2,0.507
2025-03-11,Panamax,Australia,8.13,412.8,0.418
2025-03-12,Panamax,Australia,8.04,397.1,0.732
2025-03-13,Panamax,Australia,8.24,389.6,0.464
2025-03-14,Panamax,Australia,8.14,418.4,0.67
2025-03-15,Panamax,Australia,8.36,422.7,0.534
2025-03-16,Panamax,Australia,8.4,419.4,0.55
2025-03-17,Panamax,Australia,8.27,396.8,0.513
2025-03-18,Panamax,Australia,8.08,390.7,0.404
2025-03-19,Panamax,Australia,8.02,414.6,0.425
2025-03-20,Panamax,Australia,7.89,394.9,0.543
2025-03-21,Panamax,Australia,7.91,404.1,0.465
2025-03-22,Panamax,Australia,7.86,398.6,0.429
2025-03-23,Panamax,Australia,8.05,428.3,0.582
2025-03-24,Panamax,Australia,8.28,378.4,0.36
2025-03-25,Panamax,Australia,8.11,393.4,0.426
2025-03-26,Panamax,Australia,8.33,390.0,0.441
2025-03-27,Panamax,Australia,8.42,409.7,0.553
2025-03-28,Panamax,Australia,8.51,398.0,0.459
2025-03-29,Panamax,Australia,8.24,383.4,0.702
2025-03-30,Panamax,Australia,8.22,362.9,0.499
2025-03-31,Panamax,Australia,8.11,386.9,0.502
2025-04-01,Panamax,Australia,8.26,384.8,0.489
2025-04-02,Panamax,Australia,8.17,373.8,0.431
2025-04-03,Panamax,Australia,8.03,398.8,0.416
2025-04-04,Panamax,Australia,8.16,410.0,0.541
2025-04-05,Panamax,Australia,8.5,387.5,0.377
2025-04-06,Panamax,Australia,8.43,387.0,0.197
2025-04-07,Panamax,Australia,8.3,367.8,0.603
2025-04-08,Panamax,Australia,8.14,398.1,0.3
2025-04-09,Panamax,Australia,7.93,384.1,0.375
2025-04-10,Panamax,Australia,7.9,403.3,0.541
2025-04-11,Panamax,Australia,8.02,370.0,0.44
2025-04-12,Panamax,Australia,8.05,396.8,0.619
2025-04-13,Panamax,Australia,8.15,405.6,0.456
2025-04-14,Panamax,Australia,8.31,401.2,0.232
2025-04-15,Panamax,Australia,8.49,370.2,0.503
2025-04-16,Panamax,Australia,8.34,394.8,0.307
2025-04-17,Panamax,Australia,8.23,378.7,0.28
2025-04-18,Panamax,Australia,8.29,409.1,0.508
2025-04-19,Panamax,Australia,7.99,407.8,0.487
2025-04-20,Panamax,Australia,8.03,378.3,0.291
2025-04-21,Panamax,Australia,7.74,400.0,0.359
2025-04-22,Panamax,Australia,7.82,372.9,0.366
2025-04-23,Panamax,Australia,7.81,373.1,0.361
2025-04-24,Panamax,Australia,7.82,373.1,0.482
2025-04-25,Panamax,Australia,7.81,390.0,0.485
2025-04-26,Panamax,Australia,7.97,412.7,0.46
2025-04-27,Panamax,Australia,7.92,402.9,0.225
2025-04-28,Panamax,Australia,8.13,394.6,0.456
2025-04-29,Panamax,Australia,8.29,378.9,0.466
2025-04-30,Panamax,Australia,8.28,398.2,0.398
2025-05-01,Panamax,Australia,8.14,399.8,0.154
2025-05-02,Panamax,Australia,7.91,389.5,0.343
2025-05-03,Panamax,Australia,7.68,379.1,0.498
2025-05-04,Panamax,Australia,7.76,393.2,0.414
2025-05-05,Panamax,Australia,7.74,387.2,0.314
2025-05-06,Panamax,Australia,7.83,396.0,0.478
2025-05-07,Panamax,Australia,7.77,409.6,0.363
2025-05-08,Panamax,Australia,7.92,394.0,0.182
2025-05-09,Panamax,Australia,7.87,409.8,0.545
2025-05-10,Panamax,Australia,7.87,395.7,0.45
2025-05-11,Panamax,Australia,7.75,392.9,0.396
2025-05-12,Panamax,Australia,7.89,395.4,0.379
2025-05-13,Panamax,Australia,7.85,397.2,0.471
2025-05-14,Panamax,Australia,7.84,387.8,0.42
2025-05-15,Panamax,Australia,7.61,384.9,0.546
2025-05-16,Panamax,Australia,7.68,413.6,0.45
2025-05-17,Panamax,Australia,7.72,397.6,0.502
2025-05-18,Panamax,Australia,7.66,391.6,0.383
2025-05-19,Panamax,Australia,7.83,406.9,0.454
2025-05-20,Panamax,Australia,7.72,382.1,0.465
2025-05-21,Panamax,Australia,7.64,400.7,0.329
2025-05-22,Panamax,Australia,7.5,419.5,0.52
2025-05-23,Panamax,Australia,7.69,396.3,0.318
2025-05-24,Panamax,Australia,7.58,407.1,0.452
2025-05-25,Panamax,Australia,7.52,382.3,0.32
2025-05-26,Panamax,Australia,7.42,400.3,0.332
2025-05-27,Panamax,Australia,7.41,409.5,0.418
2025-05-28,Panamax,Australia,7.66,400.8,0.403
2025-05-29,Panamax,Australia,7.4,394.0,0.426
2025-05-30,Panamax,Australia,7.29,368.7,0.242
2025-05-31,Panamax,Australia,7.36,405.9,0.249
2025-06-01,Panamax,Australia,7.5,384.7,0.361
2025-06-02,Panamax,Australia,7.18,406.3,0.49
2025-06-03,Panamax,Australia,7.11,357.8,0.435
2025-06-04,Panamax,Australia,7.14,382.2,0.161
2025-06-05,Panamax,Australia,7.29,410.8,0.441
2025-06-06,Panamax,Australia,7.16,385.3,0.535
2025-06-07,Panamax,Australia,7.27,352.7,0.348
2025-06-08,Panamax,Australia,7.22,401.5,0.331
2025-06-09,Panamax,Australia,7.28,378.7,0.482
2025-06-10,Panamax,Australia,7.21,394.8,0.32
2025-06-11,Panamax,Australia,7.17,370.0,0.312
2025-06-12,Panamax,Australia,7.08,396.6,0.362
2025-06-13,Panamax,Australia,7.09,396.2,0.276
2025-06-14,Panamax,Australia,6.92,376.3,0.562
2025-06-15,Panamax,Australia,6.86,407.0,0.313
2025-06-16,Panamax,Australia,6.88,356.2,0.427
2025-06-17,Panamax,Australia,6.84,403.2,0.333
2025-06-18,Panamax,Australia,6.79,376.0,0.216
2025-06-19,Panamax,Australia,6.74,405.0,0.229
2025-06-20,Panamax,Australia,6.74,389.3,0.17
2025-06-21,Panamax,Australia,6.62,366.6,0.197
2025-06-22,Panamax,Australia,6.7,397.1,0.289
2025-06-23,Panamax,Australia,6.88,374.1,0.42
2025-06-24,Panamax,Australia,6.67,390.7,0.185
2025-06-25,Panamax,Australia,6.63,361.9,0.186
2025-06-26,Panamax,Australia,6.54,400.9,0.209
2025-06-27,Panamax,Australia,6.69,389.4,0.08
2025-06-28,Panamax,Australia,6.38,400.8,0.353
2025-06-29,Panamax,Australia,6.39,411.6,0.416
2025-06-30,Panamax,Australia,6.51,384.8,0.236
2025-07-01,Panamax,Australia,6.69,392.2,0.038
2025-07-02,Panamax,Australia,6.75,405.0,0.372
2025-07-03,Panamax,Australia,6.76,394.2,0.277
2025-07-04,Panamax,Australia,6.92,415.3,0.119
2025-07-05,Panamax,Australia,6.97,398.0,0.359
2025-07-06,Panamax,Australia,7.11,392.5,0.382
2025-07-07,Panamax,Australia,6.98,404.5,0.26
2025-07-08,Panamax,Australia,6.72,391.8,0.217
2025-07-09,Panamax,Australia,6.57,416.2,0.369
2025-07-10,Panamax,Australia,6.6,367.9,0.467
2025-07-11,Panamax,Australia,6.62,345.4,0.175
2025-07-12,Panamax,Australia,6.59,405.6,0.305
2025-07-13,Panamax,Australia,6.47,376.0,0.462
2025-07-14,Panamax,Australia,6.35,388.5,0.365
2025-07-15,Panamax,Australia,6.39,374.8,0.346
2025-07-16,Panamax,Australia,6.53,392.0,0.274
2025-07-17,Panamax,Australia,6.72,387.0,0.37
2025-07-18,Panamax,Australia,6.47,407.3,0.531
2025-07-19,Panamax,Australia,6.32,414.7,0.357
2025-07-20,Panamax,Australia,6.29,435.5,0.38
2025-07-21,Panamax,Australia,6.43,401.1,0.083
2025-07-22,Panamax,Australia,6.41,383.7,0.075
2025-07-23,Panamax,Australia,6.52,388.9,0.269
2025-07-24,Panamax,Australia,6.71,395.8,0.329
2025-07-25,Panamax,Australia,6.63,402.5,0.475
2025-07-26,Panamax,Australia,6.48,410.9,0.633
2025-07-27,Panamax,Australia,6.47,368.7,0.139
2025-07-28,Panamax,Australia,6.37,374.6,0.573
2025-07-29,Panamax,Australia,6.57,416.6,0.0
2025-07-30,Panamax,Australia,6.49,383.5,0.476
2025-07-31,Panamax,Australia,6.49,401.6,0.44
2025-08-01,Panamax,Australia,6.53,403.2,0.316
2025-08-02,Panamax,Australia,6.37,416.9,0.24
2025-08-03,Panamax,Australia,6.27,394.8,0.111
2025-08-04,Panamax,Australia,6.08,382.7,0.233
2025-08-05,Panamax,Australia,5.96,423.4,0.128
2025-08-06,Panamax,Australia,6.03,404.3,0.007
2025-08-07,Panamax,Australia,6.2,389.9,0.197
2025-08-08,Panamax,Australia,6.26,387.2,0.315
2025-08-09,Panamax,Australia,6.25,394.2,0.304
2025-08-10,Panamax,Australia,6.39,397.9,0.123
2025-08-11,Panamax,Australia,6.45,392.7,0.423
2025-08-12,Panamax,Australia,6.69,422.8,0.268
2025-08-13,Panamax,Australia,6.6,408.6,0.0
2025-08-14,Panamax,Australia,6.56,392.4,0.0
2025-08-15,Panamax,Australia,6.6,445.4,0.262
2025-08-16,Panamax,Australia,6.39,397.3,0.0
2025-08-17,Panamax,Australia,6.39,394.2,0.48
2025-08-18,Panamax,Australia,6.43,388.0,0.41
2025-08-19,Panamax,Australia,6.27,389.6,0.206
2025-08-20,Panamax,Australia,6.15,398.9,0.19
2025-08-21,Panamax,Australia,6.14,397.7,0.319
2025-08-22,Panamax,Australia,6.11,422.8,0.209
2025-08-23,Panamax,Australia,6.19,392.8,0.537
2025-08-24,Panamax,Australia,6.3,441.2,0.261
2025-08-25,Panamax,Australia,6.44,401.2,0.207
2025-08-26,Panamax,Australia,6.35,383.0,0.426
2025-08-27,Panamax,Australia,6.21,428.3,0.193
2025-08-28,Panamax,Australia,6.44,390.1,0.364
2025-08-29,Panamax,Australia,6.48,413.7,0.538
2025-08-30,Panamax,Australia,6.54,396.4,0.394
2025-08-31,Panamax,Australia,6.67,397.2,0.33
2025-09-01,Panamax,Australia,6.89,391.7,0.052
2025-09-02,Panamax,Australia,6.88,404.9,0.526
2025-09-03,Panamax,Australia,6.96,396.1,0.331
2025-09-04,Panamax,Australia,6.98,396.6,0.269
2025-09-05,Panamax,Australia,7.18,409.8,0.314
2025-09-06,Panamax,Australia,6.97,427.9,0.354
2025-09-07,Panamax,Australia,6.78,388.9,0.409
2025-09-08,Panamax,Australia,6.91,424.3,0.022
2025-09-09,Panamax,Australia,6.89,412.7,0.095
2025-09-10,Panamax,Australia,6.89,399.7,0.0
2025-09-11,Panamax,Australia,7.03,404.8,0.304
2025-09-12,Panamax,Australia,6.94,412.8,0.11
2025-09-13,Panamax,Australia,6.82,429.9,0.37
2025-09-14,Panamax,Australia,6.76,419.0,0.442
2025-09-15,Panamax,Australia,6.56,395.7,0.221
2025-09-16,Panamax,Australia,6.51,396.2,0.111
2025-09-17,Panamax,Australia,6.48,416.0,0.38
2025-09-18,Panamax,Australia,6.38,413.1,0.187
2025-09-19,Panamax,Australia,6.26,412.2,0.155
2025-09-20,Panamax,Australia,6.05,430.7,0.372
2025-09-21,Panamax,Australia,6.19,439.2,0.369
2025-09-22,Panamax,Australia,6.27,366.3,0.117
2025-09-23,Panamax,Australia,6.03,417.8,0.419
2025-09-24,Panamax,Australia,5.91,407.9,0.155
2025-09-25,Panamax,Australia,5.93,421.6,0.249
2025-09-26,Panamax,Australia,6.0,406.6,0.126
2025-09-27,Panamax,Australia,5.9,427.1,0.0
2025-09-28,Panamax,Australia,5.95,428.4,0.425
2025-09-29,Panamax,Australia,6.1,404.8,0.359
2025-09-30,Panamax,Australia,5.91,414.0,0.387
2025-10-01,Panamax,Australia,6.04,413.2,0.214
2025-10-02,Panamax,Australia,6.08,415.8,0.221
2025-10-03,Panamax,Australia,5.9,404.8,0.09
2025-10-04,Panamax,Australia,5.84,388.7,0.167
2025-10-05,Panamax,Australia,5.89,413.0,0.366
2025-10-06,Panamax,Australia,5.87,459.0,0.501
2025-10-07,Panamax,Australia,5.86,414.8,0.386
2025-10-08,Panamax,Australia,5.8,413.5,0.262
2025-10-09,Panamax,Australia,5.66,418.3,0.344
2025-10-10,Panamax,Australia,5.69,427.3,0.419
2025-10-11,Panamax,Australia,5.6,406.7,0.281
2025-10-12,Panamax,Australia,5.6,404.2,0.168
2025-10-13,Panamax,Australia,5.55,432.9,0.297
2025-10-14,Panamax,Australia,5.51,422.6,0.253
2025-10-15,Panamax,Australia,5.43,422.1,0.051
2025-10-16,Panamax,Australia,5.4,395.5,0.246
2025-10-17,Panamax,Australia,5.52,411.5,0.112
2025-10-18,Panamax,Australia,5.61,412.5,0.322
2025-10-19,Panamax,Australia,5.5,413.1,0.256
2025-10-20,Panamax,Australia,5.71,401.5,0.335
2025-10-21,Panamax,Australia,5.63,413.2,0.171
2025-10-22,Panamax,Australia,5.54,451.4,0.389
2025-10-23,Panamax,Australia,5.55,413.9,0.311
2025-10-24,Panamax,Australia,5.76,413.8,0.288
2025-10-25,Panamax,Australia,5.84,425.7,0.303
2025-10-26,Panamax,Australia,5.85,404.8,0.195
2025-10-27,Panamax,Australia,5.96,394.5,0.256
2025-10-28,Panamax,Australia,5.95,426.8,0.373
2025-10-29,Panamax,Australia,6.08,403.7,0.138
2025-10-30,Panamax,Australia,5.98,403.0,0.403
2025-10-31,Panamax,Australia,5.98,427.6,0.054
2025-11-01,Panamax,Australia,5.95,429.7,0.275
2025-11-02,Panamax,Australia,6.11,429.8,0.098
2025-11-03,Panamax,Australia,6.11,421.6,0.246
2025-11-04,Panamax,Australia,6.19,431.0,0.343
2025-11-05,Panamax,Australia,6.26,429.5,0.495
2025-11-06,Panamax,Australia,6.31,428.9,0.143
2025-11-07,Panamax,Australia,6.16,411.0,0.27
2025-11-08,Panamax,Australia,6.31,418.6,0.404
2025-11-09,Panamax,Australia,6.36,430.2,0.399
2025-11-10,Panamax,Australia,6.51,432.8,0.16
2025-11-11,Panamax,Australia,6.49,429.0,0.112
2025-11-12,Panamax,Australia,6.33,406.7,0.326
2025-11-13,Panamax,Australia,6.41,404.9,0.129
2025-11-14,Panamax,Australia,6.25,423.5,0.351
2025-11-15,Panamax,Australia,6.21,423.7,0.316
2025-11-16,Panamax,Australia,6.41,390.3,0.212
2025-11-17,Panamax,Australia,6.38,424.8,0.338
2025-11-18,Panamax,Australia,6.33,411.1,0.097
2025-11-19,Panamax,Australia,6.35,427.5,0.364
2025-11-20,Panamax,Australia,6.52,408.7,0.074
2025-11-21,Panamax,Australia,6.58,401.7,0.228
2025-11-22,Panamax,Australia,6.49,436.9,0.431
2025-11-23,Panamax,Australia,6.56,435.5,0.337
2025-11-24,Panamax,Australia,6.58,411.6,0.444
2025-11-25,Panamax,Australia,6.58,451.1,0.194
2025-11-26,Panamax,Australia,6.58,416.5,0.479
2025-11-27,Panamax,Australia,6.65,410.5,0.292
2025-11-28,Panamax,Australia,6.49,435.4,0.324
2025-11-29,Panamax,Australia,6.41,409.9,0.35
2025-11-30,Panamax,Australia,6.64,434.7,0.205
2025-12-01,Panamax,Australia,6.86,401.5,0.125
2025-12-02,Panamax,Australia,6.75,402.2,0.321
2025-12-03,Panamax,Australia,6.72,436.3,0.084
2025-12-04,Panamax,Australia,6.5,416.0,0.432
2025-12-05,Panamax,Australia,6.41,429.7,0.23
2025-12-06,Panamax,Australia,6.37,423.9,0.392
2025-12-07,Panamax,Australia,6.26,418.2,0.125
2025-12-08,Panamax,Australia,6.14,432.6,0.013
2025-12-09,Panamax,Australia,6.18,417.7,0.284
2025-12-10,Panamax,Australia,6.24,435.2,0.16
2025-12-11,Panamax,Australia,6.21,432.9,0.265
2025-12-12,Panamax,Australia,6.41,438.6,0.129
2025-12-13,Panamax,Australia,6.51,449.6,0.284
2025-12-14,Panamax,Australia,6.49,434.0,0.135
2025-12-15,Panamax,Australia,6.48,426.5,0.369
2025-12-16,Panamax,Australia,6.52,429.0,0.399
2025-12-17,Panamax,Australia,6.46,462.4,0.515
2025-12-18,Panamax,Australia,6.41,419.9,0.398
2025-12-19,Panamax,Australia,6.43,433.9,0.309
2025-12-20,Panamax,Australia,6.63,418.4,0.216
2025-12-21,Panamax,Australia,6.66,425.6,0.175
2025-12-22,Panamax,Australia,6.81,421.1,0.289
2025-12-23,Panamax,Australia,6.72,449.7,0.329
2025-12-24,Panamax,Australia,6.72,435.5,0.22
2025-12-25,Panamax,Australia,6.8,430.3,0.313
2025-12-26,Panamax,Australia,6.96,447.0,0.544
2025-12-27,Panamax,Australia,7.08,428.9,0.232
2025-12-28,Panamax,Australia,7.11,432.1,0.481
2025-12-29,Panamax,Australia,6.99,430.9,0.033
2025-12-30,Panamax,Australia,6.94,431.7,0.174
2023-01-01,Panamax,Indonesia,6.01,446.1,0.455
2023-01-02,Panamax,Indonesia,6.02,454.2,0.659
2023-01-03,Panamax,Indonesia,5.96,453.5,0.532
2023-01-04,Panamax,Indonesia,5.87,453.1,0.457
2023-01-05,Panamax,Indonesia,6.06,458.3,0.512
2023-01-06,Panamax,Indonesia,6.08,424.0,0.396
2023-01-07,Panamax,Indonesia,6.18,442.9,0.537
2023-01-08,Panamax,Indonesia,6.24,442.7,0.368
2023-01-09,Panamax,Indonesia,6.36,454.5,0.438
2023-01-10,Panamax,Indonesia,6.26,431.8,0.31
2023-01-11,Panamax,Indonesia,6.12,455.5,0.582
2023-01-12,Panamax,Indonesia,6.31,460.1,0.584
2023-01-13,Panamax,Indonesia,6.32,466.1,0.623
2023-01-14,Panamax,Indonesia,6.42,425.4,0.402
2023-01-15,Panamax,Indonesia,6.55,453.6,0.42
2023-01-16,Panamax,Indonesia,6.6,455.8,0.9
2023-01-17,Panamax,Indonesia,6.69,459.8,0.341
2023-01-18,Panamax,Indonesia,6.66,470.7,0.272
2023-01-19,Panamax,Indonesia,6.77,449.5,0.191
2023-01-20,Panamax,Indonesia,6.73,423.6,0.527
2023-01-21,Panamax,Indonesia,6.87,458.7,0.412
2023-01-22,Panamax,Indonesia,6.94,465.3,0.367
2023-01-23,Panamax,Indonesia,6.9,456.0,0.518
2023-01-24,Panamax,Indonesia,6.89,483.3,0.292
2023-01-25,Panamax,Indonesia,6.81,441.9,0.479
2023-01-26,Panamax,Indonesia,6.81,463.6,0.472
2023-01-27,Panamax,Indonesia,6.69,464.1,0.308
2023-01-28,Panamax,Indonesia,6.73,475.9,0.521
2023-01-29,Panamax,Indonesia,6.72,454.4,0.526
2023-01-30,Panamax,Indonesia,6.71,447.6,0.336
2023-01-31,Panamax,Indonesia,6.65,443.0,0.681
2023-02-01,Panamax,Indonesia,6.7,470.5,0.37
2023-02-02,Panamax,Indonesia,6.65,459.2,0.541
2023-02-03,Panamax,Indonesia,6.7,464.4,0.304
2023-02-04,Panamax,Indonesia,6.76,452.9,0.479
2023-02-05,Panamax,Indonesia,6.72,441.0,0.577
2023-02-06,Panamax,Indonesia,6.74,471.9,0.866
2023-02-07,Panamax,Indonesia,6.79,490.0,0.513
2023-02-08,Panamax,Indonesia,7.02,476.1,0.773
2023-02-09,Panamax,Indonesia,7.02,461.9,0.409
2023-02-10,Panamax,Indonesia,7.11,461.2,0.309
2023-02-11,Panamax,Indonesia,7.12,472.3,0.617
2023-02-12,Panamax,Indonesia,7.12,469.3,0.425
2023-02-13,Panamax,Indonesia,7.03,494.7,0.405
2023-02-14,Panamax,Indonesia,7.07,445.8,0.296
2023-02-15,Panamax,Indonesia,7.12,454.8,0.573
2023-02-16,Panamax,Indonesia,7.18,465.2,0.441
2023-02-17,Panamax,Indonesia,7.29,461.8,0.2
2023-02-18,Panamax,Indonesia,7.39,460.5,0.442
2023-02-19,Panamax,Indonesia,7.57,464.8,0.442
2023-02-20,Panamax,Indonesia,7.64,468.6,0.457
2023-02-21,Panamax,Indonesia,7.76,480.1,0.391
2023-02-22,Panamax,Indonesia,7.78,472.6,0.671
2023-02-23,Panamax,Indonesia,7.88,491.9,0.656
2023-02-24,Panamax,Indonesia,7.8,490.1,0.346
2023-02-25,Panamax,Indonesia,7.71,456.7,0.676
2023-02-26,Panamax,Indonesia,7.8,458.8,0.667
2023-02-27,Panamax,Indonesia,7.73,499.0,0.404
2023-02-28,Panamax,Indonesia,7.73,452.7,0.638
2023-03-01,Panamax,Indonesia,7.89,480.4,0.545
2023-03-02,Panamax,Indonesia,7.92,455.4,0.431
2023-03-03,Panamax,Indonesia,7.82,464.4,0.612
2023-03-04,Panamax,Indonesia,7.7,479.6,0.441
2023-03-05,Panamax,Indonesia,7.66,470.6,0.525
2023-03-06,Panamax,Indonesia,7.59,467.4,0.328
2023-03-07,Panamax,Indonesia,7.51,474.6,0.482
2023-03-08,Panamax,Indonesia,7.41,453.2,0.369
2023-03-09,Panamax,Indonesia,7.56,450.3,0.917
2023-03-10,Panamax,Indonesia,7.49,466.2,0.444
2023-03-11,Panamax,Indonesia,7.43,464.0,0.557
2023-03-12,Panamax,Indonesia,7.45,441.1,0.813
2023-03-13,Panamax,Indonesia,7.44,465.4,0.603
2023-03-14,Panamax,Indonesia,7.52,464.5,0.638
2023-03-15,Panamax,Indonesia,7.27,460.6,0.469
2023-03-16,Panamax,Indonesia,7.27,487.6,0.487
2023-03-17,Panamax,Indonesia,7.39,489.4,0.677
2023-03-18,Panamax,Indonesia,7.56,479.6,0.347
2023-03-19,Panamax,Indonesia,7.72,471.0,0.275
2023-03-20,Panamax,Indonesia,7.54,472.8,0.584
2023-03-21,Panamax,Indonesia,7.63,458.2,0.728
2023-03-22,Panamax,Indonesia,7.48,463.4,0.416
2023-03-23,Panamax,Indonesia,7.44,470.9,0.386
2023-03-24,Panamax,Indonesia,7.42,490.2,0.751
2023-03-25,Panamax,Indonesia,7.42,474.8,0.685
2023-03-26,Panamax,Indonesia,7.45,450.4,0.517
2023-03-27,Panamax,Indonesia,7.45,499.8,0.213
2023-03-28,Panamax,Indonesia,7.24,460.9,0.949
2023-03-29,Panamax,Indonesia,7.29,496.7,0.313
2023-03-30,Panamax,Indonesia,7.13,498.8,0.463
2023-03-31,Panamax,Indonesia,7.15,473.5,0.804
2023-04-01,Panamax,Indonesia,7.19,502.9,0.516
2023-04-02,Panamax,Indonesia,7.15,470.9,0.452
2023-04-03,Panamax,Indonesia,7.26,487.0,0.596
2023-04-04,Panamax,Indonesia,7.14,469.8,0.736
2023-04-05,Panamax,Indonesia,7.04,492.6,0.505
2023-04-06,Panamax,Indonesia,7.0,451.7,0.631
2023-04-07,Panamax,Indonesia,6.98,475.6,0.299
2023-04-08,Panamax,Indonesia,6.82,515.5,0.576
2023-04-09,Panamax,Indonesia,6.82,464.0,0.578
2023-04-10,Panamax,Indonesia,6.76,477.8,0.56
2023-04-11,Panamax,Indonesia,6.86,482.8,0.728
2023-04-12,Panamax,Indonesia,6.9,494.5,0.727
2023-04-13,Panamax,Indonesia,6.98,486.5,0.402
2023-04-14,Panamax,Indonesia,7.05,497.9,0.579
2023-04-15,Panamax,Indonesia,7.09,495.8,0.417
2023-04-16,Panamax,Indonesia,7.1,487.8,0.338
2023-04-17,Panamax,Indonesia,6.98,506.9,0.421
2023-04-18,Panamax,Indonesia,6.9,491.8,0.439
2023-04-19,Panamax,Indonesia,7.0,468.2,0.626
2023-04-20,Panamax,Indonesia,6.92,477.3,0.456
2023-04-21,Panamax,Indonesia,7.02,461.9,0.805
2023-04-22,Panamax,Indonesia,7.06,478.3,0.59
2023-04-23,Panamax,Indonesia,7.01,485.1,0.612
2023-04-24,Panamax,Indonesia,6.95,490.0,0.591
2023-04-25,Panamax,Indonesia,7.02,479.4,0.51
2023-04-26,Panamax,Indonesia,7.02,489.5,0.408
2023-04-27,Panamax,Indonesia,7.03,482.4,0.538
2023-04-28,Panamax,Indonesia,7.01,480.2,0.45
2023-04-29,Panamax,Indonesia,7.01,476.5,0.664
2023-04-30,Panamax,Indonesia,6.95,509.2,0.428
2023-05-01,Panamax,Indonesia,6.92,510.0,0.397
2023-05-02,Panamax,Indonesia,6.99,493.6,0.676
2023-05-03,Panamax,Indonesia,7.13,477.2,0.546
2023-05-04,Panamax,Indonesia,7.07,492.2,0.886
2023-05-05,Panamax,Indonesia,6.95,509.2,0.531
2023-05-06,Panamax,Indonesia,6.82,491.0,0.236
2023-05-07,Panamax,Indonesia,6.9,475.5,0.484
2023-05-08,Panamax,Indonesia,6.91,516.1,0.709
2023-05-09,Panamax,Indonesia,6.84,518.1,0.425
2023-05-10,Panamax,Indonesia,6.75,494.3,0.315
2023-05-11,Panamax,Indonesia,6.77,493.2,0.446
2023-05-12,Panamax,Indonesia,6.77,505.8,0.483
2023-05-13,Panamax,Indonesia,6.57,503.9,0.751
2023-05-14,Panamax,Indonesia,6.63,502.9,0.525
2023-05-15,Panamax,Indonesia,6.73,488.4,0.75
2023-05-16,Panamax,Indonesia,6.55,471.1,0.729
2023-05-17,Panamax,Indonesia,6.64,486.8,0.513
2023-05-18,Panamax,Indonesia,6.58,504.2,0.374
2023-05-19,Panamax,Indonesia,6.65,472.2,0.687
2023-05-20,Panamax,Indonesia,6.62,481.6,0.865
2023-05-21,Panamax,Indonesia,6.66,493.8,0.743
2023-05-22,Panamax,Indonesia,6.59,452.3,0.42
2023-05-23,Panamax,Indonesia,6.56,535.3,0.775
2023-05-24,Panamax,Indonesia,6.55,488.0,0.579
2023-05-25,Panamax,Indonesia,6.45,484.7,0.655
2023-05-26,Panamax,Indonesia,6.38,476.4,0.616
2023-05-27,Panamax,Indonesia,6.43,515.9,0.678
2023-05-28,Panamax,Indonesia,6.46,493.8,0.435
2023-05-29,Panamax,Indonesia,6.33,505.1,0.404
2023-05-30,Panamax,Indonesia,6.29,477.1,0.583
2023-05-31,Panamax,Indonesia,6.21,491.8,0.504
2023-06-01,Panamax,Indonesia,6.03,486.7,0.312
2023-06-02,Panamax,Indonesia,6.09,488.3,0.735
2023-06-03,Panamax,Indonesia,6.06,478.8,0.297
2023-06-04,Panamax,Indonesia,6.08,485.8,0.621
2023-06-05,Panamax,Indonesia,6.02,472.4,0.773
2023-06-06,Panamax,Indonesia,5.92,476.6,0.548
2023-06-07,Panamax,Indonesia,5.94,476.7,0.274
2023-06-08,Panamax,Indonesia,5.96,491.1,0.847
2023-06-09,Panamax,Indonesia,5.96,493.9,0.683
2023-06-10,Panamax,Indonesia,5.98,507.0,0.596
2023-06-11,Panamax,Indonesia,6.03,495.1,0.595
2023-06-12,Panamax,Indonesia,6.06,489.3,0.634
2023-06-13,Panamax,Indonesia,6.02,500.6,0.602
2023-06-14,Panamax,Indonesia,6.07,499.9,0.488
2023-06-15,Panamax,Indonesia,5.93,529.5,0.646
2023-06-16,Panamax,Indonesia,5.7,500.3,0.598
2023-06-17,Panamax,Indonesia,5.7,473.8,0.37
2023-06-18,Panamax,Indonesia,5.71,505.0,0.708
2023-06-19,Panamax,Indonesia,5.69,507.3,0.378
2023-06-20,Panamax,Indonesia,5.58,498.0,0.434
2023-06-21,Panamax,Indonesia,5.45,486.3,0.572
2023-06-22,Panamax,Indonesia,5.34,469.7,0.489
2023-06-23,Panamax,Indonesia,5.43,503.3,0.428
2023-06-24,Panamax,Indonesia,5.54,489.5,0.462
2023-06-25,Panamax,Indonesia,5.54,492.6,0.547
2023-06-26,Panamax,Indonesia,5.6,475.4,0.324
2023-06-27,Panamax,Indonesia,5.64,497.0,0.321
2023-06-28,Panamax,Indonesia,5.64,518.0,0.486
2023-06-29,Panamax,Indonesia,5.76,501.8,0.491
2023-06-30,Panamax,Indonesia,5.85,502.0,0.593
2023-07-01,Panamax,Indonesia,5.96,506.0,0.555
2023-07-02,Panamax,Indonesia,5.97,509.3,0.48
2023-07-03,Panamax,Indonesia,5.93,507.6,0.568
2023-07-04,Panamax,Indonesia,6.0,511.5,0.389
2023-07-05,Panamax,Indonesia,5.97,510.4,0.4
2023-07-06,Panamax,Indonesia,5.91,484.4,0.563
2023-07-07,Panamax,Indonesia,5.78,482.3,0.727
2023-07-08,Panamax,Indonesia,5.72,501.3,0.558
2023-07-09,Panamax,Indonesia,5.55,514.9,0.396
2023-07-10,Panamax,Indonesia,5.63,494.5,0.6
2023-07-11,Panamax,Indonesia,5.74,522.6,0.307
2023-07-12,Panamax,Indonesia,5.84,498.3,0.453
2023-07-13,Panamax,Indonesia,5.86,510.9,0.517
2023-07-14,Panamax,Indonesia,6.07,504.1,0.635
2023-07-15,Panamax,Indonesia,6.11,524.0,0.668
2023-07-16,Panamax,Indonesia,5.95,521.6,0.331
2023-07-17,Panamax,Indonesia,5.76,493.6,0.768
2023-07-18,Panamax,Indonesia,5.83,505.7,0.642
2023-07-19,Panamax,Indonesia,5.89,500.7,0.51
2023-07-20,Panamax,Indonesia,5.94,513.0,0.659
2023-07-21,Panamax,Indonesia,6.09,531.2,0.419
2023-07-22,Panamax,Indonesia,6.05,468.6,0.647
2023-07-23,Panamax,Indonesia,6.04,497.9,0.436
2023-07-24,Panamax,Indonesia,6.03,504.1,0.354
2023-07-25,Panamax,Indonesia,6.22,500.8,0.647
2023-07-26,Panamax,Indonesia,6.06,507.2,0.251
2023-07-27,Panamax,Indonesia,6.03,499.6,0.73
2023-07-28,Panamax,Indonesia,5.84,487.6,0.716
2023-07-29,Panamax,Indonesia,5.87,517.5,0.732
2023-07-30,Panamax,Indonesia,5.66,521.9,0.5
2023-07-31,Panamax,Indonesia,5.73,505.8,0.465
2023-08-01,Panamax,Indonesia,5.7,491.5,0.671
2023-08-02,Panamax,Indonesia,5.63,537.3,0.386
2023-08-03,Panamax,Indonesia,5.63,487.1,0.427
2023-08-04,Panamax,Indonesia,5.51,481.9,0.248
2023-08-05,Panamax,Indonesia,5.57,493.7,0.481
2023-08-06,Panamax,Indonesia,5.66,505.4,0.618
2023-08-07,Panamax,Indonesia,5.39,538.9,0.406
2023-08-08,Panamax,Indonesia,5.42,482.7,0.735
2023-08-09,Panamax,Indonesia,5.56,505.0,0.519
2023-08-10,Panamax,Indonesia,5.45,504.7,0.711
2023-08-11,Panamax,Indonesia,5.43,484.7,0.753
2023-08-12,Panamax,Indonesia,5.45,526.3,0.409
2023-08-13,Panamax,Indonesia,5.41,527.8,0.29
2023-08-14,Panamax,Indonesia,5.22,495.8,0.287
2023-08-15,Panamax,Indonesia,5.13,510.0,0.392
2023-08-16,Panamax,Indonesia,5.23,518.4,0.229
2023-08-17,Panamax,Indonesia,5.24,509.6,0.581
2023-08-18,Panamax,Indonesia,5.39,499.8,0.592
2023-08-19,Panamax,Indonesia,5.29,522.9,0.639
2023-08-20,Panamax,Indonesia,5.3,518.8,0.607
2023-08-21,Panamax,Indonesia,5.16,496.5,0.941
2023-08-22,Panamax,Indonesia,5.09,516.7,0.649
2023-08-23,Panamax,Indonesia,5.01,514.6,0.726
2023-08-24,Panamax,Indonesia,5.02,543.1,0.605
2023-08-25,Panamax,Indonesia,5.11,538.0,0.543
2023-08-26,Panamax,Indonesia,5.29,502.7,0.319
2023-08-27,Panamax,Indonesia,5.17,509.0,0.379
2023-08-28,Panamax,Indonesia,5.15,511.8,0.28
2023-08-29,Panamax,Indonesia,5.05,509.4,0.73
2023-08-30,Panamax,Indonesia,5.0,498.9,0.312
2023-08-31,Panamax,Indonesia,5.11,498.8,0.569
2023-09-01,Panamax,Indonesia,5.21,496.0,0.487
2023-09-02,Panamax,Indonesia,5.16,496.9,0.79
2023-09-03,Panamax,Indonesia,5.13,511.9,0.356
2023-09-04,Panamax,Indonesia,5.22,535.1,0.511
2023-09-05,Panamax,Indonesia,5.3,521.7,0.366
2023-09-06,Panamax,Indonesia,5.21,471.9,0.681
2023-09-07,Panamax,Indonesia,5.08,523.6,0.285
2023-09-08,Panamax,Indonesia,4.96,515.8,0.398
2023-09-09,Panamax,Indonesia,5.03,513.8,0.358
2023-09-10,Panamax,Indonesia,5.08,508.8,0.243
2023-09-11,Panamax,Indonesia,5.19,499.8,0.498
2023-09-12,Panamax,Indonesia,5.04,499.6,0.52
2023-09-13,Panamax,Indonesia,5.02,513.7,0.419
2023-09-14,Panamax,Indonesia,5.07,500.5,0.615
2023-09-15,Panamax,Indonesia,4.98,536.6,0.588
2023-09-16,Panamax,Indonesia,4.96,500.4,0.53
2023-09-17,Panamax,Indonesia,5.01,506.6,0.551
2023-09-18,Panamax,Indonesia,5.22,498.3,0.44
2023-09-19,Panamax,Indonesia,5.25,508.2,0.079
2023-09-20,Panamax,Indonesia,5.19,525.6,0.623
2023-09-21,Panamax,Indonesia,5.17,495.0,0.199
2023-09-22,Panamax,Indonesia,5.18,500.0,0.375
2023-09-23,Panamax,Indonesia,5.05,503.9,0.306
2023-09-24,Panamax,Indonesia,5.0,522.4,0.617
2023-09-25,Panamax,Indonesia,5.0,521.9,0.353
2023-09-26,Panamax,Indonesia,5.06,495.0,0.529
2023-09-27,Panamax,Indonesia,4.98,498.8,0.475
2023-09-28,Panamax,Indonesia,4.9,519.1,0.469
2023-09-29,Panamax,Indonesia,5.06,485.5,0.5
2023-09-30,Panamax,Indonesia,5.24,531.1,0.15
2023-10-01,Panamax,Indonesia,5.39,519.8,0.556
2023-10-02,Panamax,Indonesia,5.49,514.6,0.661
2023-10-03,Panamax,Indonesia,5.58,523.7,0.467
2023-10-04,Panamax,Indonesia,5.42,519.5,0.385
2023-10-05,Panamax,Indonesia,5.4,504.6,0.371
2023-10-06,Panamax,Indonesia,5.38,524.4,0.337
2023-10-07,Panamax,Indonesia,5.14,506.9,0.372
2023-10-08,Panamax,Indonesia,5.19,502.1,0.454
2023-10-09,Panamax,Indonesia,5.07,508.3,0.168
2023-10-10,Panamax,Indonesia,5.03,489.2,0.212
2023-10-11,Panamax,Indonesia,5.09,527.1,0.29
2023-10-12,Panamax,Indonesia,5.24,491.6,0.35
2023-10-13,Panamax,Indonesia,5.18,508.2,0.554
2023-10-14,Panamax,Indonesia,5.24,517.3,0.616
2023-10-15,Panamax,Indonesia,5.29,507.6,0.317
2023-10-16,Panamax,Indonesia,5.27,515.4,0.51
2023-10-17,Panamax,Indonesia,5.34,529.5,0.391
2023-10-18,Panamax,Indonesia,5.37,498.8,0.298
2023-10-19,Panamax,Indonesia,5.5,497.9,0.425
2023-10-20,Panamax,Indonesia,5.52,515.4,0.358
2023-10-21,Panamax,Indonesia,5.4,515.2,0.532
2023-10-22,Panamax,Indonesia,5.48,499.9,0.436
2023-10-23,Panamax,Indonesia,5.54,487.2,0.352
2023-10-24,Panamax,Indonesia,5.45,511.7,0.547
2023-10-25,Panamax,Indonesia,5.29,504.7,0.16
2023-10-26,Panamax,Indonesia,5.26,494.1,0.22
2023-10-27,Panamax,Indonesia,5.24,503.8,0.181
2023-10-28,Panamax,Indonesia,5.23,493.7,0.517
2023-10-29,Panamax,Indonesia,5.38,509.2,0.256
2023-10-30,Panamax,Indonesia,5.44,511.9,0.579
2023-10-31,Panamax,Indonesia,5.44,529.0,0.708
2023-11-01,Panamax,Indonesia,5.43,488.2,0.428
2023-11-02,Panamax,Indonesia,5.41,527.2,0.081
2023-11-03,Panamax,Indonesia,5.43,533.4,0.307
2023-11-04,Panamax,Indonesia,5.45,514.2,0.353
2023-11-05,Panamax,Indonesia,5.52,510.5,0.314
2023-11-06,Panamax,Indonesia,5.72,522.0,0.081
2023-11-07,Panamax,Indonesia,5.78,492.3,0.279
2023-11-08,Panamax,Indonesia,5.81,505.1,0.417
2023-11-09,Panamax,Indonesia,5.85,513.8,0.536
2023-11-10,Panamax,Indonesia,5.84,505.3,0.297
2023-11-11,Panamax,Indonesia,5.81,522.0,0.549
2023-11-12,Panamax,Indonesia,5.75,512.8,0.436
2023-11-13,Panamax,Indonesia,5.98,496.2,0.228
2023-11-14,Panamax,Indonesia,5.98,476.4,0.694
2023-11-15,Panamax,Indonesia,6.18,538.6,0.334
2023-11-16,Panamax,Indonesia,6.06,490.7,0.137
2023-11-17,Panamax,Indonesia,6.07,518.8,0.345
2023-11-18,Panamax,Indonesia,5.99,517.1,0.234
2023-11-19,Panamax,Indonesia,5.89,492.7,0.409
2023-11-20,Panamax,Indonesia,5.98,516.5,0.429
2023-11-21,Panamax,Indonesia,6.19,507.6,0.099
2023-11-22,Panamax,Indonesia,6.2,515.0,0.426
2023-11-23,Panamax,Indonesia,6.12,522.8,0.415
2023-11-24,Panamax,Indonesia,6.14,502.3,0.625
2023-11-25,Panamax,Indonesia,6.13,509.2,0.477
2023-11-26,Panamax,Indonesia,6.34,522.7,0.312
2023-11-27,Panamax,Indonesia,6.37,500.3,0.037
2023-11-28,Panamax,Indonesia,6.38,513.6,0.267
2023-11-29,Panamax,Indonesia,6.33,492.6,0.63
2023-11-30,Panamax,Indonesia,6.31,493.7,0.198
2023-12-01,Panamax,Indonesia,6.27,506.3,0.315
2023-12-02,Panamax,Indonesia,6.34,529.1,0.295
2023-12-03,Panamax,Indonesia,6.26,500.9,0.399
2023-12-04,Panamax,Indonesia,6.08,508.8,0.425
2023-12-05,Panamax,Indonesia,6.19,492.7,0.248
2023-12-06,Panamax,Indonesia,6.34,482.9,0.287
2023-12-07,Panamax,Indonesia,6.28,493.7,0.604
2023-12-08,Panamax,Indonesia,6.36,494.1,0.078
2023-12-09,Panamax,Indonesia,6.32,504.0,0.293
2023-12-10,Panamax,Indonesia,6.4,506.7,0.101
2023-12-11,Panamax,Indonesia,6.34,487.4,0.28
2023-12-12,Panamax,Indonesia,6.32,516.9,0.293
2023-12-13,Panamax,Indonesia,6.41,516.6,0.415
2023-12-14,Panamax,Indonesia,6.5,489.8,0.14
2023-12-15,Panamax,Indonesia,6.54,489.7,0.116
2023-12-16,Panamax,Indonesia,6.59,515.0,0.304
2023-12-17,Panamax,Indonesia,6.65,500.7,0.582
2023-12-18,Panamax,Indonesia,6.52,500.8,0.146
2023-12-19,Panamax,Indonesia,6.43,527.5,0.301
2023-12-20,Panamax,Indonesia,6.3,531.1,0.326
2023-12-21,Panamax,Indonesia,6.39,512.2,0.048
2023-12-22,Panamax,Indonesia,6.45,530.4,0.597
2023-12-23,Panamax,Indonesia,6.51,513.0,0.211
2023-12-24,Panamax,Indonesia,6.5,509.4,0.594
2023-12-25,Panamax,Indonesia,6.48,496.3,0.168
2023-12-26,Panamax,Indonesia,6.47,538.1,0.24
2023-12-27,Panamax,Indonesia,6.51,507.7,0.389
2023-12-28,Panamax,Indonesia,6.5,500.5,0.514
2023-12-29,Panamax,Indonesia,6.64,474.9,0.353
2023-12-30,Panamax,Indonesia,6.61,515.3,0.327
2023-12-31,Panamax,Indonesia,6.55,491.8,0.082
2024-01-01,Panamax,Indonesia,6.48,511.8,0.456
2024-01-02,Panamax,Indonesia,6.26,496.8,0.165
2024-01-03,Panamax,Indonesia,6.33,525.6,0.294
2024-01-04,Panamax,Indonesia,6.36,522.3,0.273
2024-01-05,Panamax,Indonesia,6.43,513.7,0.255
2024-01-06,Panamax,Indonesia,6.49,506.5,0.277
2024-01-07,Panamax,Indonesia,6.41,493.5,0.086
2024-01-08,Panamax,Indonesia,6.4,505.0,0.218
2024-01-09,Panamax,Indonesia,6.35,493.4,0.412
2024-01-10,Panamax,Indonesia,6.29,502.8,0.114
2024-01-11,Panamax,Indonesia,6.27,498.9,0.534
2024-01-12,Panamax,Indonesia,6.27,494.4,0.257
2024-01-13,Panamax,Indonesia,6.34,505.3,0.0
2024-01-14,Panamax,Indonesia,6.28,482.4,0.258
2024-01-15,Panamax,Indonesia,6.31,514.2,0.384
2024-01-16,Panamax,Indonesia,6.38,475.0,0.158
2024-01-17,Panamax,Indonesia,6.42,489.1,0.23
2024-01-18,Panamax,Indonesia,6.44,510.9,0.295
2024-01-19,Panamax,Indonesia,6.46,520.8,0.204
2024-01-20,Panamax,Indonesia,6.54,483.9,0.18
2024-01-21,Panamax,Indonesia,6.61,506.6,0.416
2024-01-22,Panamax,Indonesia,6.66,484.8,0.455
2024-01-23,Panamax,Indonesia,6.75,527.0,0.224
2024-01-24,Panamax,Indonesia,6.83,510.7,0.172
2024-01-25,Panamax,Indonesia,6.87,502.3,0.29
2024-01-26,Panamax,Indonesia,6.75,467.5,0.323
2024-01-27,Panamax,Indonesia,6.78,507.0,0.515
2024-01-28,Panamax,Indonesia,6.85,515.8,0.432
2024-01-29,Panamax,Indonesia,7.01,500.3,0.204
2024-01-30,Panamax,Indonesia,7.1,483.7,0.0
2024-01-31,Panamax,Indonesia,7.07,495.4,0.547
2024-02-01,Panamax,Indonesia,6.88,485.9,0.366
2024-02-02,Panamax,Indonesia,6.96,490.3,0.217
2024-02-03,Panamax,Indonesia,6.92,482.5,0.275
2024-02-04,Panamax,Indonesia,6.99,488.9,0.194
2024-02-05,Panamax,Indonesia,6.89,496.7,0.415
2024-02-06,Panamax,Indonesia,6.94,479.7,0.146
2024-02-07,Panamax,Indonesia,6.93,473.1,0.268
2024-02-08,Panamax,Indonesia,6.86,491.2,0.411
2024-02-09,Panamax,Indonesia,6.85,498.7,0.334
2024-02-10,Panamax,Indonesia,6.89,491.5,0.0
2024-02-11,Panamax,Indonesia,6.87,491.7,0.53
2024-02-12,Panamax,Indonesia,6.83,490.6,0.251
2024-02-13,Panamax,Indonesia,6.67,493.7,0.0
2024-02-14,Panamax,Indonesia,6.52,491.3,0.171
2024-02-15,Panamax,Indonesia,6.53,477.4,0.501
2024-02-16,Panamax,Indonesia,6.49,479.7,0.28
2024-02-17,Panamax,Indonesia,6.49,503.5,0.125
2024-02-18,Panamax,Indonesia,6.39,491.9,0.162
2024-02-19,Panamax,Indonesia,6.55,481.6,0.181
2024-02-20,Panamax,Indonesia,6.53,497.6,0.0
2024-02-21,Panamax,Indonesia,6.5,491.8,0.209
2024-02-22,Panamax,Indonesia,6.57,478.9,0.44
2024-02-23,Panamax,Indonesia,6.51,465.2,0.095
2024-02-24,Panamax,Indonesia,6.45,485.4,0.274
2024-02-25,Panamax,Indonesia,6.54,496.3,0.0
2024-02-26,Panamax,Indonesia,6.56,509.0,0.02
2024-02-27,Panamax,Indonesia,6.57,486.2,0.372
2024-02-28,Panamax,Indonesia,6.59,484.1,0.339
2024-02-29,Panamax,Indonesia,6.52,507.6,0.463
2024-03-01,Panamax,Indonesia,6.4,501.3,0.212
2024-03-02,Panamax,Indonesia,6.38,486.2,0.411
2024-03-03,Panamax,Indonesia,6.42,507.8,0.377
2024-03-04,Panamax,Indonesia,6.39,454.7,0.116
2024-03-05,Panamax,Indonesia,6.39,475.5,0.199
2024-03-06,Panamax,Indonesia,6.34,477.0,0.0
2024-03-07,Panamax,Indonesia,6.26,494.6,0.453
2024-03-08,Panamax,Indonesia,6.32,463.8,0.382
2024-03-09,Panamax,Indonesia,6.17,507.7,0.074
2024-03-10,Panamax,Indonesia,6.08,486.0,0.0
2024-03-11,Panamax,Indonesia,6.06,497.0,0.253
2024-03-12,Panamax,Indonesia,6.09,493.2,0.233
2024-03-13,Panamax,Indonesia,6.06,487.4,0.124
2024-03-14,Panamax,Indonesia,5.99,470.3,0.255
2024-03-15,Panamax,Indonesia,5.88,499.4,0.424
2024-03-16,Panamax,Indonesia,5.93,479.5,0.27
2024-03-17,Panamax,Indonesia,5.99,472.2,0.242
2024-03-18,Panamax,Indonesia,6.06,493.4,0.134
2024-03-19,Panamax,Indonesia,6.13,488.9,0.16
2024-03-20,Panamax,Indonesia,6.11,480.6,0.331
2024-03-21,Panamax,Indonesia,6.29,501.7,0.194
2024-03-22,Panamax,Indonesia,6.4,498.7,0.3
2024-03-23,Panamax,Indonesia,6.35,471.6,0.306
2024-03-24,Panamax,Indonesia,6.53,512.1,0.25
2024-03-25,Panamax,Indonesia,6.58,488.7,0.02
2024-03-26,Panamax,Indonesia,6.59,464.2,0.13
2024-03-27,Panamax,Indonesia,6.63,486.8,0.136
2024-03-28,Panamax,Indonesia,6.53,499.9,0.431
2024-03-29,Panamax,Indonesia,6.53,486.8,0.0
2024-03-30,Panamax,Indonesia,6.59,475.3,0.09
2024-03-31,Panamax,Indonesia,6.44,497.2,0.358
2024-04-01,Panamax,Indonesia,6.36,498.6,0.541
2024-04-02,Panamax,Indonesia,6.3,447.3,0.062
2024-04-03,Panamax,Indonesia,6.32,499.8,0.069
2024-04-04,Panamax,Indonesia,6.18,509.1,0.422
2024-04-05,Panamax,Indonesia,6.16,476.3,0.456
2024-04-06,Panamax,Indonesia,6.17,481.3,0.069
2024-04-07,Panamax,Indonesia,6.09,461.9,0.438
2024-04-08,Panamax,Indonesia,6.11,479.2,0.2
2024-04-09,Panamax,Indonesia,6.16,474.4,0.346
2024-04-10,Panamax,Indonesia,6.15,471.1,0.077
2024-04-11,Panamax,Indonesia,6.12,501.8,0.301
2024-04-12,Panamax,Indonesia,6.09,463.5,0.063
2024-04-13,Panamax,Indonesia,6.11,460.2,0.43
2024-04-14,Panamax,Indonesia,6.04,496.0,0.196
2024-04-15,Panamax,Indonesia,6.03,493.8,0.306
2024-04-16,Panamax,Indonesia,6.02,459.2,0.463
2024-04-17,Panamax,Indonesia,5.77,453.4,0.43
2024-04-18,Panamax,Indonesia,5.81,466.5,0.168
2024-04-19,Panamax,Indonesia,5.91,468.0,0.311
2024-04-20,Panamax,Indonesia,5.99,494.9,0.246
2024-04-21,Panamax,Indonesia,5.85,468.1,0.012
2024-04-22,Panamax,Indonesia,5.82,481.9,0.179
2024-04-23,Panamax,Indonesia,5.83,491.4,0.49
2024-04-24,Panamax,Indonesia,5.87,528.2,0.126
2024-04-25,Panamax,Indonesia,5.84,473.2,0.645
2024-04-26,Panamax,Indonesia,5.72,483.6,0.287
2024-04-27,Panamax,Indonesia,5.65,485.7,0.091
2024-04-28,Panamax,Indonesia,5.6,516.1,0.511
2024-04-29,Panamax,Indonesia,5.51,473.6,0.0
2024-04-30,Panamax,Indonesia,5.49,453.0,0.285
2024-05-01,Panamax,Indonesia,5.46,495.8,0.176
2024-05-02,Panamax,Indonesia,5.47,480.3,0.542
2024-05-03,Panamax,Indonesia,5.37,460.9,0.199
2024-05-04,Panamax,Indonesia,5.42,457.7,0.348
2024-05-05,Panamax,Indonesia,5.37,459.4,0.433
2024-05-06,Panamax,Indonesia,5.51,478.9,0.292
2024-05-07,Panamax,Indonesia,5.5,495.0,0.449
2024-05-08,Panamax,Indonesia,5.49,481.8,0.344
2024-05-09,Panamax,Indonesia,5.3,493.1,0.316
2024-05-10,Panamax,Indonesia,5.33,457.7,0.301
2024-05-11,Panamax,Indonesia,5.36,478.5,0.424
2024-05-12,Panamax,Indonesia,5.4,477.7,0.2
2024-05-13,Panamax,Indonesia,5.46,482.5,0.296
2024-05-14,Panamax,Indonesia,5.44,473.8,0.315
2024-05-15,Panamax,Indonesia,5.57,482.6,0.197
2024-05-16,Panamax,Indonesia,5.49,455.3,0.021
2024-05-17,Panamax,Indonesia,5.59,460.4,0.308
2024-05-18,Panamax,Indonesia,5.62,471.8,0.271
2024-05-19,Panamax,Indonesia,5.53,476.4,0.257
2024-05-20,Panamax,Indonesia,5.69,458.0,0.407
2024-05-21,Panamax,Indonesia,5.52,482.8,0.161
2024-05-22,Panamax,Indonesia,5.49,489.1,0.22
2024-05-23,Panamax,Indonesia,5.47,456.1,0.475
2024-05-24,Panamax,Indonesia,5.54,462.4,0.42
2024-05-25,Panamax,Indonesia,5.45,459.0,0.29
2024-05-26,Panamax,Indonesia,5.55,459.8,0.0
2024-05-27,Panamax,Indonesia,5.62,465.6,0.328
2024-05-28,Panamax,Indonesia,5.52,465.6,0.333
2024-05-29,Panamax,Indonesia,5.66,452.4,0.412
2024-05-30,Panamax,Indonesia,5.69,453.6,0.286
2024-05-31,Panamax,Indonesia,5.58,464.7,0.32
2024-06-01,Panamax,Indonesia,5.5,474.4,0.132
2024-06-02,Panamax,Indonesia,5.72,486.9,0.136
2024-06-03,Panamax,Indonesia,5.79,453.6,0.493
2024-06-04,Panamax,Indonesia,5.91,453.0,0.145
2024-06-05,Panamax,Indonesia,6.04,457.7,0.349
2024-06-06,Panamax,Indonesia,6.14,467.4,0.38
2024-06-07,Panamax,Indonesia,6.13,453.7,0.384
2024-06-08,Panamax,Indonesia,6.04,476.4,0.442
2024-06-09,Panamax,Indonesia,6.02,470.0,0.437
2024-06-10,Panamax,Indonesia,5.95,489.7,0.192
2024-06-11,Panamax,Indonesia,5.99,457.4,0.38
2024-06-12,Panamax,Indonesia,5.96,434.6,0.29
2024-06-13,Panamax,Indonesia,6.03,435.7,0.264
2024-06-14,Panamax,Indonesia,6.06,491.8,0.333
2024-06-15,Panamax,Indonesia,5.98,459.2,0.199
2024-06-16,Panamax,Indonesia,5.95,476.3,0.238
2024-06-17,Panamax,Indonesia,6.03,466.5,0.102
2024-06-18,Panamax,Indonesia,6.02,474.7,0.582
2024-06-19,Panamax,Indonesia,6.03,484.9,0.26
2024-06-20,Panamax,Indonesia,6.12,476.5,0.22
2024-06-21,Panamax,Indonesia,6.02,463.5,0.528
2024-06-22,Panamax,Indonesia,6.18,471.4,0.276
2024-06-23,Panamax,Indonesia,6.14,472.6,0.257
2024-06-24,Panamax,Indonesia,6.23,441.0,0.289
2024-06-25,Panamax,Indonesia,6.23,442.5,0.311
2024-06-26,Panamax,Indonesia,6.43,456.8,0.404
2024-06-27,Panamax,Indonesia,6.34,448.7,0.222
2024-06-28,Panamax,Indonesia,6.26,458.7,0.128
2024-06-29,Panamax,Indonesia,6.15,453.7,0.423
2024-06-30,Panamax,Indonesia,6.04,448.5,0.239
2024-07-01,Panamax,Indonesia,5.97,474.0,0.626
2024-07-02,Panamax,Indonesia,5.87,474.2,0.296
2024-07-03,Panamax,Indonesia,5.95,486.7,0.356
2024-07-04,Panamax,Indonesia,5.82,466.9,0.584
2024-07-05,Panamax,Indonesia,5.6,471.0,0.436
2024-07-06,Panamax,Indonesia,5.55,444.0,0.528
2024-07-07,Panamax,Indonesia,5.77,466.5,0.704
2024-07-08,Panamax,Indonesia,5.74,458.6,0.232
2024-07-09,Panamax,Indonesia,5.65,451.7,0.19
2024-07-10,Panamax,Indonesia,5.62,443.2,0.451
2024-07-11,Panamax,Indonesia,5.67,486.1,0.361
2024-07-12,Panamax,Indonesia,5.62,476.6,0.229
2024-07-13,Panamax,Indonesia,5.69,478.1,0.328
2024-07-14,Panamax,Indonesia,5.6,449.1,0.452
2024-07-15,Panamax,Indonesia,5.67,454.4,0.2
2024-07-16,Panamax,Indonesia,5.67,456.0,0.505
2024-07-17,Panamax,Indonesia,5.74,465.5,0.449
2024-07-18,Panamax,Indonesia,5.75,443.1,0.387
2024-07-19,Panamax,Indonesia,5.84,460.0,0.276
2024-07-20,Panamax,Indonesia,5.69,473.0,0.27
2024-07-21,Panamax,Indonesia,5.8,418.6,0.39
2024-07-22,Panamax,Indonesia,5.89,445.8,0.385
2024-07-23,Panamax,Indonesia,5.84,451.3,0.321
2024-07-24,Panamax,Indonesia,5.8,452.0,0.35
2024-07-25,Panamax,Indonesia,5.74,436.9,0.352
2024-07-26,Panamax,Indonesia,5.69,436.1,0.188
2024-07-27,Panamax,Indonesia,5.73,452.6,0.545
2024-07-28,Panamax,Indonesia,5.71,449.7,0.677
2024-07-29,Panamax,Indonesia,5.64,494.8,0.643
2024-07-30,Panamax,Indonesia,5.61,440.5,0.369
2024-07-31,Panamax,Indonesia,5.57,454.6,0.283
2024-08-01,Panamax,Indonesia,5.56,438.6,0.456
2024-08-02,Panamax,Indonesia,5.71,435.0,0.47
2024-08-03,Panamax,Indonesia,5.61,446.9,0.26
2024-08-04,Panamax,Indonesia,5.47,445.7,0.436
2024-08-05,Panamax,Indonesia,5.48,459.6,0.614
2024-08-06,Panamax,Indonesia,5.48,458.5,0.353
2024-08-07,Panamax,Indonesia,5.33,455.4,0.252
2024-08-08,Panamax,Indonesia,5.26,430.8,0.455
2024-08-09,Panamax,Indonesia,5.28,441.9,0.262
2024-08-10,Panamax,Indonesia,5.38,441.6,0.704
2024-08-11,Panamax,Indonesia,5.38,451.7,0.207
2024-08-12,Panamax,Indonesia,5.27,444.4,0.519
2024-08-13,Panamax,Indonesia,5.16,417.5,0.261
2024-08-14,Panamax,Indonesia,5.06,413.0,0.193
2024-08-15,Panamax,Indonesia,4.97,468.3,0.286
2024-08-16,Panamax,Indonesia,5.24,439.8,0.567
2024-08-17,Panamax,Indonesia,5.19,438.2,0.667
2024-08-18,Panamax,Indonesia,5.35,413.6,0.295
2024-08-19,Panamax,Indonesia,5.39,439.5,0.744
2024-08-20,Panamax,Indonesia,5.24,454.1,0.322
2024-08-21,Panamax,Indonesia,5.13,442.4,0.472
2024-08-22,Panamax,Indonesia,5.17,452.9,0.469
2024-08-23,Panamax,Indonesia,5.19,444.1,0.478
2024-08-24,Panamax,Indonesia,4.93,427.6,0.267
2024-08-25,Panamax,Indonesia,5.06,446.9,0.524
2024-08-26,Panamax,Indonesia,5.05,442.1,0.338
2024-08-27,Panamax,Indonesia,5.17,430.7,0.477
2024-08-28,Panamax,Indonesia,5.12,422.2,0.493
2024-08-29,Panamax,Indonesia,5.14,431.9,0.522
2024-08-30,Panamax,Indonesia,5.14,430.0,0.258
2024-08-31,Panamax,Indonesia,5.01,413.8,0.219
2024-09-01,Panamax,Indonesia,5.22,427.4,0.598
2024-09-02,Panamax,Indonesia,5.18,440.6,0.631
2024-09-03,Panamax,Indonesia,5.31,431.6,0.332
2024-09-04,Panamax,Indonesia,5.21,451.0,0.415
2024-09-05,Panamax,Indonesia,5.16,454.4,0.31
2024-09-06,Panamax,Indonesia,5.3,423.9,0.731
2024-09-07,Panamax,Indonesia,5.42,436.0,0.495
2024-09-08,Panamax,Indonesia,5.31,440.3,0.45
2024-09-09,Panamax,Indonesia,5.44,412.7,0.373
2024-09-10,Panamax,Indonesia,5.35,426.8,0.526
2024-09-11,Panamax,Indonesia,5.36,423.9,0.214
2024-09-12,Panamax,Indonesia,5.3,380.7,0.522
2024-09-13,Panamax,Indonesia,5.34,444.2,0.431
2024-09-14,Panamax,Indonesia,5.28,442.5,0.623
2024-09-15,Panamax,Indonesia,5.1,442.2,0.512
2024-09-16,Panamax,Indonesia,4.85,437.5,0.586
2024-09-17,Panamax,Indonesia,5.0,427.0,0.579
2024-09-18,Panamax,Indonesia,5.07,411.6,0.384
2024-09-19,Panamax,Indonesia,5.21,432.6,0.822
2024-09-20,Panamax,Indonesia,5.09,435.5,0.637
2024-09-21,Panamax,Indonesia,5.2,437.1,0.497
2024-09-22,Panamax,Indonesia,5.21,425.4,0.697
2024-09-23,Panamax,Indonesia,5.06,419.2,0.415
2024-09-24,Panamax,Indonesia,5.11,427.9,0.423
2024-09-25,Panamax,Indonesia,5.02,401.1,0.437
2024-09-26,Panamax,Indonesia,4.92,433.1,0.588
2024-09-27,Panamax,Indonesia,4.85,432.5,0.52
2024-09-28,Panamax,Indonesia,4.76,426.4,0.574
2024-09-29,Panamax,Indonesia,4.96,418.1,0.298
2024-09-30,Panamax,Indonesia,5.0,423.4,0.432
2024-10-01,Panamax,Indonesia,5.0,435.0,0.178
2024-10-02,Panamax,Indonesia,5.3,427.7,0.752
2024-10-03,Panamax,Indonesia,5.25,437.2,0.569
2024-10-04,Panamax,Indonesia,5.05,436.1,0.429
2024-10-05,Panamax,Indonesia,4.81,439.5,0.431
2024-10-06,Panamax,Indonesia,4.94,421.9,0.375
2024-10-07,Panamax,Indonesia,4.91,414.5,0.757
2024-10-08,Panamax,Indonesia,4.78,399.0,0.686
2024-10-09,Panamax,Indonesia,4.78,439.1,0.482
2024-10-10,Panamax,Indonesia,4.87,425.6,0.465
2024-10-11,Panamax,Indonesia,4.98,395.3,0.427
2024-10-12,Panamax,Indonesia,5.02,440.3,0.397
2024-10-13,Panamax,Indonesia,5.09,435.7,0.878
2024-10-14,Panamax,Indonesia,4.9,428.5,0.649
2024-10-15,Panamax,Indonesia,4.91,424.0,0.677
2024-10-16,Panamax,Indonesia,5.03,422.6,0.651
2024-10-17,Panamax,Indonesia,5.02,408.3,0.557
2024-10-18,Panamax,Indonesia,4.94,397.4,0.541
2024-10-19,Panamax,Indonesia,5.09,400.2,0.253
2024-10-20,Panamax,Indonesia,4.91,425.4,0.423
2024-10-21,Panamax,Indonesia,5.01,411.1,0.445
2024-10-22,Panamax,Indonesia,4.96,407.1,0.76
2024-10-23,Panamax,Indonesia,4.82,417.1,0.765
2024-10-24,Panamax,Indonesia,4.84,403.7,0.526
2024-10-25,Panamax,Indonesia,4.94,434.0,0.506
2024-10-26,Panamax,Indonesia,5.07,419.0,0.6
2024-10-27,Panamax,Indonesia,5.11,408.1,0.474
2024-10-28,Panamax,Indonesia,5.4,421.1,0.537
2024-10-29,Panamax,Indonesia,5.24,429.2,0.483
2024-10-30,Panamax,Indonesia,5.25,428.9,0.645
2024-10-31,Panamax,Indonesia,5.22,425.0,0.648
2024-11-01,Panamax,Indonesia,5.17,441.5,0.414
2024-11-02,Panamax,Indonesia,5.25,410.5,0.402
2024-11-03,Panamax,Indonesia,5.35,414.7,0.572
2024-11-04,Panamax,Indonesia,5.16,407.5,0.477
2024-11-05,Panamax,Indonesia,5.08,424.6,0.627
2024-11-06,Panamax,Indonesia,5.27,413.2,0.472
2024-11-07,Panamax,Indonesia,5.4,405.7,0.423
2024-11-08,Panamax,Indonesia,5.36,425.7,0.863
2024-11-09,Panamax,Indonesia,5.49,414.5,0.47
2024-11-10,Panamax,Indonesia,5.44,399.2,0.516
2024-11-11,Panamax,Indonesia,5.38,424.6,0.428
2024-11-12,Panamax,Indonesia,5.26,392.3,0.495
2024-11-13,Panamax,Indonesia,5.24,407.6,0.641
2024-11-14,Panamax,Indonesia,5.24,385.1,0.704
2024-11-15,Panamax,Indonesia,5.18,431.2,0.542
2024-11-16,Panamax,Indonesia,5.12,408.4,0.529
2024-11-17,Panamax,Indonesia,5.17,423.5,0.809
2024-11-18,Panamax,Indonesia,5.13,408.4,0.54
2024-11-19,Panamax,Indonesia,5.21,415.5,0.491
2024-11-20,Panamax,Indonesia,5.19,403.7,0.565
2024-11-21,Panamax,Indonesia,5.22,409.8,0.544
2024-11-22,Panamax,Indonesia,5.18,404.4,0.359
2024-11-23,Panamax,Indonesia,5.34,406.3,0.486
2024-11-24,Panamax,Indonesia,5.28,414.8,0.249
2024-11-25,Panamax,Indonesia,5.39,389.9,0.382
2024-11-26,Panamax,Indonesia,5.37,431.3,0.376
2024-11-27,Panamax,Indonesia,5.29,392.9,0.553
2024-11-28,Panamax,Indonesia,5.33,420.0,0.641
2024-11-29,Panamax,Indonesia,5.2,415.3,0.701
2024-11-30,Panamax,Indonesia,5.05,388.9,0.702
2024-12-01,Panamax,Indonesia,4.92,401.9,0.513
2024-12-02,Panamax,Indonesia,4.86,415.6,0.646
2024-12-03,Panamax,Indonesia,4.81,418.7,0.782
2024-12-04,Panamax,Indonesia,4.87,408.4,0.537
2024-12-05,Panamax,Indonesia,4.93,394.1,0.547
2024-12-06,Panamax,Indonesia,4.85,386.9,0.378
2024-12-07,Panamax,Indonesia,5.11,416.1,0.429
2024-12-08,Panamax,Indonesia,5.09,392.4,0.773
2024-12-09,Panamax,Indonesia,5.2,399.3,0.531
2024-12-10,Panamax,Indonesia,5.19,396.2,0.386
2024-12-11,Panamax,Indonesia,5.08,351.7,0.604
2024-12-12,Panamax,Indonesia,5.27,415.6,0.735
2024-12-13,Panamax,Indonesia,5.3,395.4,0.567
2024-12-14,Panamax,Indonesia,5.25,418.3,0.572
2024-12-15,Panamax,Indonesia,5.19,423.1,0.717
2024-12-16,Panamax,Indonesia,5.36,415.1,0.633
2024-12-17,Panamax,Indonesia,5.27,414.8,0.423
2024-12-18,Panamax,Indonesia,5.25,391.9,0.612
2024-12-19,Panamax,Indonesia,5.12,416.3,0.462
2024-12-20,Panamax,Indonesia,5.1,415.6,0.236
2024-12-21,Panamax,Indonesia,5.13,407.3,0.545
2024-12-22,Panamax,Indonesia,5.2,397.2,0.816
2024-12-23,Panamax,Indonesia,5.1,405.0,0.216
2024-12-24,Panamax,Indonesia,5.25,428.7,0.609
2024-12-25,Panamax,Indonesia,5.1,397.9,0.568
2024-12-26,Panamax,Indonesia,5.09,398.8,0.683
2024-12-27,Panamax,Indonesia,5.12,380.9,0.715
2024-12-28,Panamax,Indonesia,5.13,395.9,0.46
2024-12-29,Panamax,Indonesia,5.04,398.7,0.719
2024-12-30,Panamax,Indonesia,5.01,414.6,0.544
2024-12-31,Panamax,Indonesia,4.85,401.7,0.36
2025-01-01,Panamax,Indonesia,4.98,400.9,0.33
2025-01-02,Panamax,Indonesia,5.15,412.2,0.533
2025-01-03,Panamax,Indonesia,5.34,405.9,0.535
2025-01-04,Panamax,Indonesia,5.47,404.6,0.418
2025-01-05,Panamax,Indonesia,5.62,383.3,0.473
2025-01-06,Panamax,Indonesia,5.6,396.2,0.785
2025-01-07,Panamax,Indonesia,5.53,371.5,0.713
2025-01-08,Panamax,Indonesia,5.57,403.1,0.465
2025-01-09,Panamax,Indonesia,5.38,409.6,0.273
2025-01-10,Panamax,Indonesia,5.51,386.0,0.406
2025-01-11,Panamax,Indonesia,5.56,403.8,0.431
2025-01-12,Panamax,Indonesia,5.51,424.7,0.731
2025-01-13,Panamax,Indonesia,5.52,410.1,0.607
2025-01-14,Panamax,Indonesia,5.6,392.1,0.525
2025-01-15,Panamax,Indonesia,5.72,372.0,0.654
2025-01-16,Panamax,Indonesia,5.88,401.2,0.457
2025-01-17,Panamax,Indonesia,5.9,405.0,0.311
2025-01-18,Panamax,Indonesia,6.08,404.9,0.56
2025-01-19,Panamax,Indonesia,6.05,414.2,0.589
2025-01-20,Panamax,Indonesia,5.99,391.7,0.783
2025-01-21,Panamax,Indonesia,6.08,388.6,0.611
2025-01-22,Panamax,Indonesia,6.21,394.8,0.703
2025-01-23,Panamax,Indonesia,6.26,397.4,0.649
2025-01-24,Panamax,Indonesia,6.27,386.2,0.621
2025-01-25,Panamax,Indonesia,6.39,416.9,0.478
2025-01-26,Panamax,Indonesia,6.45,399.8,0.534
2025-01-27,Panamax,Indonesia,6.65,392.3,0.764
2025-01-28,Panamax,Indonesia,6.75,417.4,0.557
2025-01-29,Panamax,Indonesia,6.85,390.4,0.37
2025-01-30,Panamax,Indonesia,7.01,415.1,0.57
2025-01-31,Panamax,Indonesia,7.1,396.2,0.748
2025-02-01,Panamax,Indonesia,7.24,403.9,0.355
2025-02-02,Panamax,Indonesia,7.19,404.5,0.457
2025-02-03,Panamax,Indonesia,7.24,408.1,0.393
2025-02-04,Panamax,Indonesia,7.35,374.8,0.631
2025-02-05,Panamax,Indonesia,7.56,404.6,0.597
2025-02-06,Panamax,Indonesia,7.43,404.4,0.521
2025-02-07,Panamax,Indonesia,7.18,385.2,0.227
2025-02-08,Panamax,Indonesia,7.27,373.6,0.487
2025-02-09,Panamax,Indonesia,7.16,396.1,0.483
2025-02-10,Panamax,Indonesia,7.2,391.1,0.44
2025-02-11,Panamax,Indonesia,7.02,414.6,0.439
2025-02-12,Panamax,Indonesia,6.84,365.0,0.522
2025-02-13,Panamax,Indonesia,6.92,408.3,0.548
2025-02-14,Panamax,Indonesia,7.02,366.9,0.506
2025-02-15,Panamax,Indonesia,7.05,400.6,0.426
2025-02-16,Panamax,Indonesia,7.19,379.7,0.358
2025-02-17,Panamax,Indonesia,7.32,401.9,0.694
2025-02-18,Panamax,Indonesia,7.31,408.1,0.603
2025-02-19,Panamax,Indonesia,7.28,407.8,0.604
2025-02-20,Panamax,Indonesia,7.32,370.2,0.374
2025-02-21,Panamax,Indonesia,7.41,374.6,0.346
2025-02-22,Panamax,Indonesia,7.19,382.7,0.393
2025-02-23,Panamax,Indonesia,7.12,385.3,0.327
2025-02-24,Panamax,Indonesia,6.98,407.0,0.734
2025-02-25,Panamax,Indonesia,6.81,373.2,0.602
2025-02-26,Panamax,Indonesia,7.0,356.8,0.157
2025-02-27,Panamax,Indonesia,7.03,398.7,0.188
2025-02-28,Panamax,Indonesia,7.25,383.3,0.6
2025-03-01,Panamax,Indonesia,7.3,384.9,0.485
2025-03-02,Panamax,Indonesia,7.29,357.4,0.204
2025-03-03,Panamax,Indonesia,7.27,380.5,0.78
2025-03-04,Panamax,Indonesia,7.22,421.8,0.554
2025-03-05,Panamax,Indonesia,7.28,416.7,0.545
2025-03-06,Panamax,Indonesia,7.18,388.0,0.376
2025-03-07,Panamax,Indonesia,7.25,369.5,0.674
2025-03-08,Panamax,Indonesia,7.28,420.6,0.463
2025-03-09,Panamax,Indonesia,7.28,387.3,0.404
2025-03-10,Panamax,Indonesia,7.29,407.0,0.396
2025-03-11,Panamax,Indonesia,7.3,391.8,0.475
2025-03-12,Panamax,Indonesia,7.4,370.6,0.555
2025-03-13,Panamax,Indonesia,7.28,393.6,0.26
2025-03-14,Panamax,Indonesia,7.21,382.1,0.34
2025-03-15,Panamax,Indonesia,7.16,387.7,0.558
2025-03-16,Panamax,Indonesia,7.12,367.1,0.275
2025-03-17,Panamax,Indonesia,6.98,392.2,0.392
2025-03-18,Panamax,Indonesia,6.92,404.0,0.61
2025-03-19,Panamax,Indonesia,6.93,372.8,0.445
2025-03-20,Panamax,Indonesia,6.88,397.3,0.404
2025-03-21,Panamax,Indonesia,6.93,380.4,0.4
2025-03-22,Panamax,Indonesia,7.02,390.5,0.374
2025-03-23,Panamax,Indonesia,6.99,370.6,0.229
2025-03-24,Panamax,Indonesia,7.08,366.8,0.465
2025-03-25,Panamax,Indonesia,7.23,389.2,0.342
2025-03-26,Panamax,Indonesia,7.4,398.9,0.454
2025-03-27,Panamax,Indonesia,7.49,374.3,0.406
2025-03-28,Panamax,Indonesia,7.41,394.9,0.462
2025-03-29,Panamax,Indonesia,7.41,389.3,0.562
2025-03-30,Panamax,Indonesia,7.55,410.0,0.138
2025-03-31,Panamax,Indonesia,7.38,393.4,0.53
2025-04-01,Panamax,Indonesia,7.34,384.3,0.252
2025-04-02,Panamax,Indonesia,7.43,381.4,0.0
2025-04-03,Panamax,Indonesia,7.54,390.6,0.365
2025-04-04,Panamax,Indonesia,7.5,384.7,0.703
2025-04-05,Panamax,Indonesia,7.47,396.0,0.413
2025-04-06,Panamax,Indonesia,7.31,388.8,0.381
2025-04-07,Panamax,Indonesia,7.2,410.7,0.301
2025-04-08,Panamax,Indonesia,7.05,407.1,0.385
2025-04-09,Panamax,Indonesia,7.11,389.5,0.274
2025-04-10,Panamax,Indonesia,6.98,402.2,0.319
2025-04-11,Panamax,Indonesia,7.32,378.8,0.528
2025-04-12,Panamax,Indonesia,7.4,404.5,0.263
2025-04-13,Panamax,Indonesia,7.43,406.6,0.746
2025-04-14,Panamax,Indonesia,7.46,360.1,0.721
2025-04-15,Panamax,Indonesia,7.37,359.2,0.373
2025-04-16,Panamax,Indonesia,7.44,385.5,0.173
2025-04-17,Panamax,Indonesia,7.55,386.0,0.415
2025-04-18,Panamax,Indonesia,7.61,371.2,0.37
2025-04-19,Panamax,Indonesia,7.58,409.0,0.544
2025-04-20,Panamax,Indonesia,7.55,387.3,0.28
2025-04-21,Panamax,Indonesia,7.6,396.5,0.304
2025-04-22,Panamax,Indonesia,7.59,371.8,0.259
2025-04-23,Panamax,Indonesia,7.41,419.3,0.266
2025-04-24,Panamax,Indonesia,7.56,376.5,0.424
2025-04-25,Panamax,Indonesia,7.42,395.1,0.305
2025-04-26,Panamax,Indonesia,7.4,405.3,0.244
2025-04-27,Panamax,Indonesia,7.28,400.7,0.597
2025-04-28,Panamax,Indonesia,7.38,382.0,0.457
2025-04-29,Panamax,Indonesia,7.42,373.6,0.279
2025-04-30,Panamax,Indonesia,7.62,374.5,0.446
2025-05-01,Panamax,Indonesia,7.65,395.8,0.427
2025-05-02,Panamax,Indonesia,7.52,386.0,0.534
2025-05-03,Panamax,Indonesia,7.5,386.8,0.183
2025-05-04,Panamax,Indonesia,7.4,374.8,0.239
2025-05-05,Panamax,Indonesia,7.43,381.0,0.061
2025-05-06,Panamax,Indonesia,7.42,380.5,0.536
2025-05-07,Panamax,Indonesia,7.44,375.1,0.438
2025-05-08,Panamax,Indonesia,7.4,402.1,0.362
2025-05-09,Panamax,Indonesia,7.14,401.7,0.33
2025-05-10,Panamax,Indonesia,6.89,382.4,0.368
2025-05-11,Panamax,Indonesia,6.99,368.6,0.409
2025-05-12,Panamax,Indonesia,6.98,377.3,0.47
2025-05-13,Panamax,Indonesia,6.69,392.5,0.294
2025-05-14,Panamax,Indonesia,6.8,367.2,0.585
2025-05-15,Panamax,Indonesia,6.82,410.3,0.735
2025-05-16,Panamax,Indonesia,6.84,369.3,0.381
2025-05-17,Panamax,Indonesia,6.88,400.9,0.363
2025-05-18,Panamax,Indonesia,6.74,395.3,0.383
2025-05-19,Panamax,Indonesia,6.64,412.4,0.354
2025-05-20,Panamax,Indonesia,6.56,366.7,0.358
2025-05-21,Panamax,Indonesia,6.42,407.3,0.21
2025-05-22,Panamax,Indonesia,6.45,394.9,0.492
2025-05-23,Panamax,Indonesia,6.49,366.6,0.031
2025-05-24,Panamax,Indonesia,6.6,394.6,0.417
2025-05-25,Panamax,Indonesia,6.71,391.6,0.312
2025-05-26,Panamax,Indonesia,6.73,397.1,0.646
2025-05-27,Panamax,Indonesia,6.68,401.3,0.608
2025-05-28,Panamax,Indonesia,6.5,363.9,0.523
2025-05-29,Panamax,Indonesia,6.39,382.2,0.392
2025-05-30,Panamax,Indonesia,6.4,379.4,0.387
2025-05-31,Panamax,Indonesia,6.27,393.2,0.346
2025-06-01,Panamax,Indonesia,6.08,390.2,0.469
2025-06-02,Panamax,Indonesia,5.92,395.2,0.501
2025-06-03,Panamax,Indonesia,5.96,403.5,0.452
2025-06-04,Panamax,Indonesia,5.98,407.6,0.356
2025-06-05,Panamax,Indonesia,6.1,405.0,0.209
2025-06-06,Panamax,Indonesia,6.08,378.4,0.327
2025-06-07,Panamax,Indonesia,6.0,386.9,0.409
2025-06-08,Panamax,Indonesia,5.82,403.0,0.261
2025-06-09,Panamax,Indonesia,5.92,392.8,0.416
2025-06-10,Panamax,Indonesia,5.87,412.1,0.518
2025-06-11,Panamax,Indonesia,6.13,367.2,0.235
2025-06-12,Panamax,Indonesia,6.22,395.4,0.221
2025-06-13,Panamax,Indonesia,6.31,401.1,0.328
2025-06-14,Panamax,Indonesia,6.33,388.8,0.015
2025-06-15,Panamax,Indonesia,6.05,407.8,0.161
2025-06-16,Panamax,Indonesia,5.8,382.1,0.195
2025-06-17,Panamax,Indonesia,5.89,387.8,0.314
2025-06-18,Panamax,Indonesia,5.86,371.6,0.242
2025-06-19,Panamax,Indonesia,5.9,359.8,0.0
2025-06-20,Panamax,Indonesia,5.75,406.3,0.134
2025-06-21,Panamax,Indonesia,5.68,399.2,0.402
2025-06-22,Panamax,Indonesia,5.66,395.9,0.455
2025-06-23,Panamax,Indonesia,5.61,412.6,0.271
2025-06-24,Panamax,Indonesia,5.76,387.4,0.43
2025-06-25,Panamax,Indonesia,5.83,395.7,0.429
2025-06-26,Panamax,Indonesia,5.79,402.5,0.457
2025-06-27,Panamax,Indonesia,5.82,395.5,0.369
2025-06-28,Panamax,Indonesia,5.58,393.1,0.0
2025-06-29,Panamax,Indonesia,5.54,397.3,0.285
2025-06-30,Panamax,Indonesia,5.34,426.2,0.372
2025-07-01,Panamax,Indonesia,5.33,371.4,0.293
2025-07-02,Panamax,Indonesia,5.23,403.0,0.181
2025-07-03,Panamax,Indonesia,5.28,394.8,0.269
2025-07-04,Panamax,Indonesia,5.34,397.4,0.597
2025-07-05,Panamax,Indonesia,5.37,397.0,0.18
2025-07-06,Panamax,Indonesia,5.35,439.3,0.491
2025-07-07,Panamax,Indonesia,5.22,404.6,0.383
2025-07-08,Panamax,Indonesia,5.32,385.1,0.168
2025-07-09,Panamax,Indonesia,5.18,379.8,0.512
2025-07-10,Panamax,Indonesia,5.27,385.0,0.124
2025-07-11,Panamax,Indonesia,5.11,412.1,0.543
2025-07-12,Panamax,Indonesia,5.19,392.8,0.17
2025-07-13,Panamax,Indonesia,5.3,394.8,0.555
2025-07-14,Panamax,Indonesia,5.3,389.1,0.382
2025-07-15,Panamax,Indonesia,5.37,385.6,0.262
2025-07-16,Panamax,Indonesia,5.5,405.7,0.367
2025-07-17,Panamax,Indonesia,5.57,402.0,0.186
2025-07-18,Panamax,Indonesia,5.47,379.7,0.343
2025-07-19,Panamax,Indonesia,5.4,376.3,0.122
2025-07-20,Panamax,Indonesia,5.41,384.2,0.346
2025-07-21,Panamax,Indonesia,5.4,372.8,0.0
2025-07-22,Panamax,Indonesia,5.37,398.6,0.331
2025-07-23,Panamax,Indonesia,5.28,384.5,0.334
2025-07-24,Panamax,Indonesia,5.18,405.5,0.39
2025-07-25,Panamax,Indonesia,5.26,406.9,0.336
2025-07-26,Panamax,Indonesia,5.43,413.2,0.064
2025-07-27,Panamax,Indonesia,5.36,422.3,0.397
2025-07-28,Panamax,Indonesia,5.22,385.7,0.258
2025-07-29,Panamax,Indonesia,5.05,390.5,0.425
2025-07-30,Panamax,Indonesia,5.11,397.4,0.035
2025-07-31,Panamax,Indonesia,5.35,409.6,0.189
2025-08-01,Panamax,Indonesia,5.53,400.0,0.025
2025-08-02,Panamax,Indonesia,5.36,400.0,0.382
2025-08-03,Panamax,Indonesia,5.33,414.9,0.223
2025-08-04,Panamax,Indonesia,5.43,391.9,0.0
2025-08-05,Panamax,Indonesia,5.32,377.5,0.162
2025-08-06,Panamax,Indonesia,5.29,424.9,0.405
2025-08-07,Panamax,Indonesia,5.32,380.7,0.315
2025-08-08,Panamax,Indonesia,5.39,405.8,0.398
2025-08-09,Panamax,Indonesia,5.57,379.9,0.205
2025-08-10,Panamax,Indonesia,5.39,421.4,0.099
2025-08-11,Panamax,Indonesia,5.33,382.6,0.563
2025-08-12,Panamax,Indonesia,5.36,398.1,0.156
2025-08-13,Panamax,Indonesia,5.37,395.7,0.182
2025-08-14,Panamax,Indonesia,5.29,402.6,0.294
2025-08-15,Panamax,Indonesia,5.16,374.6,0.128
2025-08-16,Panamax,Indonesia,5.31,392.4,0.172
2025-08-17,Panamax,Indonesia,5.32,395.3,0.182
2025-08-18,Panamax,Indonesia,5.21,394.1,0.35
2025-08-19,Panamax,Indonesia,5.3,419.0,0.246
2025-08-20,Panamax,Indonesia,5.16,427.6,0.389
2025-08-21,Panamax,Indonesia,5.16,435.2,0.322
2025-08-22,Panamax,Indonesia,5.21,403.0,0.309
2025-08-23,Panamax,Indonesia,5.13,426.0,0.225
2025-08-24,Panamax,Indonesia,4.94,400.6,0.093
2025-08-25,Panamax,Indonesia,4.97,407.6,0.0
2025-08-26,Panamax,Indonesia,5.13,398.3,0.342
2025-08-27,Panamax,Indonesia,5.02,417.9,0.353
2025-08-28,Panamax,Indonesia,5.12,404.6,0.215
2025-08-29,Panamax,Indonesia,4.86,423.8,0.275
2025-08-30,Panamax,Indonesia,4.87,402.0,0.268
2025-08-31,Panamax,Indonesia,4.71,399.3,0.435
2025-09-01,Panamax,Indonesia,4.56,414.6,0.204
2025-09-02,Panamax,Indonesia,4.5,406.2,0.159
2025-09-03,Panamax,Indonesia,4.77,376.0,0.414
2025-09-04,Panamax,Indonesia,4.74,381.0,0.292
2025-09-05,Panamax,Indonesia,4.71,403.9,0.144
2025-09-06,Panamax,Indonesia,5.03,399.4,0.162
2025-09-07,Panamax,Indonesia,4.92,401.7,0.39
2025-09-08,Panamax,Indonesia,4.69,420.9,0.443
2025-09-09,Panamax,Indonesia,4.94,415.1,0.128
2025-09-10,Panamax,Indonesia,5.09,408.5,0.101
2025-09-11,Panamax,Indonesia,5.3,382.8,0.453
2025-09-12,Panamax,Indonesia,5.22,450.5,0.057
2025-09-13,Panamax,Indonesia,5.14,393.3,0.228
2025-09-14,Panamax,Indonesia,5.19,383.7,0.191
2025-09-15,Panamax,Indonesia,5.11,414.4,0.194
2025-09-16,Panamax,Indonesia,5.19,389.7,0.225
2025-09-17,Panamax,Indonesia,5.49,397.6,0.38
2025-09-18,Panamax,Indonesia,5.34,408.4,0.275
2025-09-19,Panamax,Indonesia,5.36,419.7,0.0
2025-09-20,Panamax,Indonesia,5.02,401.7,0.231
2025-09-21,Panamax,Indonesia,4.93,387.5,0.066
2025-09-22,Panamax,Indonesia,4.71,385.7,0.366
2025-09-23,Panamax,Indonesia,4.47,401.3,0.036
2025-09-24,Panamax,Indonesia,4.37,385.7,0.279
2025-09-25,Panamax,Indonesia,4.31,417.9,0.118
2025-09-26,Panamax,Indonesia,4.01,431.2,0.456
2025-09-27,Panamax,Indonesia,3.9,393.8,0.257
2025-09-28,Panamax,Indonesia,4.09,419.0,0.093
2025-09-29,Panamax,Indonesia,3.98,374.6,0.127
2025-09-30,Panamax,Indonesia,4.29,403.6,0.41
2025-10-01,Panamax,Indonesia,4.31,434.6,0.408
2025-10-02,Panamax,Indonesia,4.33,417.9,0.304
2025-10-03,Panamax,Indonesia,4.35,423.6,0.59
2025-10-04,Panamax,Indonesia,4.39,417.2,0.186
2025-10-05,Panamax,Indonesia,4.37,420.6,0.298
2025-10-06,Panamax,Indonesia,4.46,411.4,0.056
2025-10-07,Panamax,Indonesia,4.21,407.7,0.391
2025-10-08,Panamax,Indonesia,4.3,395.3,0.282
2025-10-09,Panamax,Indonesia,4.26,427.5,0.187
2025-10-10,Panamax,Indonesia,4.45,425.1,0.197
2025-10-11,Panamax,Indonesia,4.73,404.2,0.299
2025-10-12,Panamax,Indonesia,4.98,428.3,0.297
2025-10-13,Panamax,Indonesia,4.95,437.0,0.495
2025-10-14,Panamax,Indonesia,5.03,402.8,0.143
2025-10-15,Panamax,Indonesia,5.29,392.1,0.183
2025-10-16,Panamax,Indonesia,5.29,434.7,0.026
2025-10-17,Panamax,Indonesia,5.22,437.4,0.099
2025-10-18,Panamax,Indonesia,5.29,414.3,0.497
2025-10-19,Panamax,Indonesia,5.24,402.7,0.429
2025-10-20,Panamax,Indonesia,5.12,433.3,0.0
2025-10-21,Panamax,Indonesia,5.14,418.2,0.147
2025-10-22,Panamax,Indonesia,5.11,425.5,0.264
2025-10-23,Panamax,Indonesia,5.1,398.2,0.331
2025-10-24,Panamax,Indonesia,4.99,409.2,0.151
2025-10-25,Panamax,Indonesia,5.03,436.6,0.032
2025-10-26,Panamax,Indonesia,5.31,433.1,0.33
2025-10-27,Panamax,Indonesia,5.25,425.3,0.287
2025-10-28,Panamax,Indonesia,5.39,443.9,0.174
2025-10-29,Panamax,Indonesia,5.21,416.8,0.311
2025-10-30,Panamax,Indonesia,5.1,421.6,0.564
2025-10-31,Panamax,Indonesia,5.12,432.3,0.233
2025-11-01,Panamax,Indonesia,5.38,392.7,0.066
2025-11-02,Panamax,Indonesia,5.36,410.6,0.391
2025-11-03,Panamax,Indonesia,5.47,421.6,0.159
2025-11-04,Panamax,Indonesia,5.65,418.5,0.299
2025-11-05,Panamax,Indonesia,5.6,399.4,0.28
2025-11-06,Panamax,Indonesia,5.66,419.2,0.348
2025-11-07,Panamax,Indonesia,5.67,440.1,0.368
2025-11-08,Panamax,Indonesia,5.61,412.2,0.284
2025-11-09,Panamax,Indonesia,5.44,437.2,0.403
2025-11-10,Panamax,Indonesia,5.24,422.0,0.416
2025-11-11,Panamax,Indonesia,5.27,450.1,0.405
2025-11-12,Panamax,Indonesia,5.43,425.1,0.449
2025-11-13,Panamax,Indonesia,5.38,406.4,0.224
2025-11-14,Panamax,Indonesia,5.49,441.4,0.343
2025-11-15,Panamax,Indonesia,5.3,423.6,0.377
2025-11-16,Panamax,Indonesia,5.35,424.2,0.314
2025-11-17,Panamax,Indonesia,5.32,414.4,0.042
2025-11-18,Panamax,Indonesia,5.27,425.0,0.099
2025-11-19,Panamax,Indonesia,5.24,442.8,0.371
2025-11-20,Panamax,Indonesia,5.4,438.1,0.295
2025-11-21,Panamax,Indonesia,5.42,412.6,0.214
2025-11-22,Panamax,Indonesia,5.51,434.5,0.157
2025-11-23,Panamax,Indonesia,5.53,429.5,0.163
2025-11-24,Panamax,Indonesia,5.56,427.4,0.175
2025-11-25,Panamax,Indonesia,5.41,406.8,0.353
2025-11-26,Panamax,Indonesia,5.23,415.5,0.404
2025-11-27,Panamax,Indonesia,5.19,438.7,0.258
2025-11-28,Panamax,Indonesia,5.1,421.0,0.298
2025-11-29,Panamax,Indonesia,5.27,411.0,0.522
2025-11-30,Panamax,Indonesia,5.38,422.0,0.076
2025-12-01,Panamax,Indonesia,5.35,433.8,0.294
2025-12-02,Panamax,Indonesia,5.34,446.8,0.292
2025-12-03,Panamax,Indonesia,5.55,436.4,0.319
2025-12-04,Panamax,Indonesia,5.66,429.6,0.286
2025-12-05,Panamax,Indonesia,5.77,448.5,0.574
2025-12-06,Panamax,Indonesia,5.57,432.4,0.0
2025-12-07,Panamax,Indonesia,5.73,422.3,0.326
2025-12-08,Panamax,Indonesia,5.65,464.0,0.101
2025-12-09,Panamax,Indonesia,5.61,417.0,0.587
2025-12-10,Panamax,Indonesia,5.68,441.9,0.491
2025-12-11,Panamax,Indonesia,5.53,431.6,0.02
2025-12-12,Panamax,Indonesia,5.53,426.0,0.185
2025-12-13,Panamax,Indonesia,5.79,425.2,0.36
2025-12-14,Panamax,Indonesia,6.04,422.8,0.378
2025-12-15,Panamax,Indonesia,5.8,433.1,0.3
2025-12-16,Panamax,Indonesia,5.64,428.8,0.138
2025-12-17,Panamax,Indonesia,5.81,461.5,0.304
2025-12-18,Panamax,Indonesia,5.54,430.7,0.206
2025-12-19,Panamax,Indonesia,5.66,412.2,0.245
2025-12-20,Panamax,Indonesia,5.94,434.5,0.491
2025-12-21,Panamax,Indonesia,5.98,433.1,0.393
2025-12-22,Panamax,Indonesia,6.05,459.4,0.098
2025-12-23,Panamax,Indonesia,5.97,417.0,0.393
2025-12-24,Panamax,Indonesia,6.19,442.8,0.305
2025-12-25,Panamax,Indonesia,6.11,420.3,0.244
2025-12-26,Panamax,Indonesia,6.08,466.1,0.401
2025-12-27,Panamax,Indonesia,6.13,420.2,0.498
2025-12-28,Panamax,Indonesia,6.08,438.1,0.378
2025-12-29,Panamax,Indonesia,5.94,437.6,0.361
2025-12-30,Panamax,Indonesia,5.96,459.0,0.504
2023-01-01,Panamax,Mozambique,9.12,447.6,0.597
2023-01-02,Panamax,Mozambique,9.24,442.5,0.421
2023-01-03,Panamax,Mozambique,9.18,419.1,0.247
2023-01-04,Panamax,Mozambique,9.35,454.6,0.245
2023-01-05,Panamax,Mozambique,9.4,471.6,0.518
2023-01-06,Panamax,Mozambique,9.04,451.3,0.375
2023-01-07,Panamax,Mozambique,9.19,455.0,0.287
2023-01-08,Panamax,Mozambique,9.29,456.4,0.36
2023-01-09,Panamax,Mozambique,9.44,441.5,0.118
2023-01-10,Panamax,Mozambique,9.31,472.5,0.229
2023-01-11,Panamax,Mozambique,9.42,459.0,0.716
2023-01-12,Panamax,Mozambique,9.67,448.2,0.354
2023-01-13,Panamax,Mozambique,9.75,442.2,0.41
2023-01-14,Panamax,Mozambique,9.73,467.9,0.636
2023-01-15,Panamax,Mozambique,9.86,433.3,0.28
2023-01-16,Panamax,Mozambique,9.63,459.5,0.419
2023-01-17,Panamax,Mozambique,9.64,459.6,0.721
2023-01-18,Panamax,Mozambique,9.49,477.8,0.528
2023-01-19,Panamax,Mozambique,9.55,435.6,0.565
2023-01-20,Panamax,Mozambique,9.63,457.3,0.786
2023-01-21,Panamax,Mozambique,9.5,437.3,0.318
2023-01-22,Panamax,Mozambique,9.35,442.5,0.557
2023-01-23,Panamax,Mozambique,9.22,454.8,0.435
2023-01-24,Panamax,Mozambique,9.39,444.0,0.531
2023-01-25,Panamax,Mozambique,9.13,425.5,0.257
2023-01-26,Panamax,Mozambique,9.1,430.8,0.457
2023-01-27,Panamax,Mozambique,9.03,450.5,0.229
2023-01-28,Panamax,Mozambique,9.02,466.1,0.418
2023-01-29,Panamax,Mozambique,9.25,446.1,0.333
2023-01-30,Panamax,Mozambique,9.59,459.9,0.33
2023-01-31,Panamax,Mozambique,9.87,446.0,0.208
2023-02-01,Panamax,Mozambique,9.79,460.7,0.808
2023-02-02,Panamax,Mozambique,9.67,479.9,0.562
2023-02-03,Panamax,Mozambique,9.86,456.3,0.572
2023-02-04,Panamax,Mozambique,10.03,456.7,0.466
2023-02-05,Panamax,Mozambique,10.02,441.7,0.41
2023-02-06,Panamax,Mozambique,10.15,459.6,0.371
2023-02-07,Panamax,Mozambique,10.06,476.9,0.229
2023-02-08,Panamax,Mozambique,9.84,453.2,0.407
2023-02-09,Panamax,Mozambique,9.43,455.9,0.358
2023-02-10,Panamax,Mozambique,9.42,482.3,0.524
2023-02-11,Panamax,Mozambique,9.7,461.1,0.519
2023-02-12,Panamax,Mozambique,9.77,477.6,0.489
2023-02-13,Panamax,Mozambique,9.87,455.8,0.345
2023-02-14,Panamax,Mozambique,9.96,472.6,0.304
2023-02-15,Panamax,Mozambique,10.0,469.5,0.418
2023-02-16,Panamax,Mozambique,10.06,476.9,0.803
2023-02-17,Panamax,Mozambique,10.1,471.8,0.487
2023-02-18,Panamax,Mozambique,10.14,442.2,0.4
2023-02-19,Panamax,Mozambique,10.45,459.5,0.366
2023-02-20,Panamax,Mozambique,10.59,468.1,0.651
2023-02-21,Panamax,Mozambique,10.63,449.1,0.453
2023-02-22,Panamax,Mozambique,10.62,465.4,0.425
2023-02-23,Panamax,Mozambique,10.67,459.3,0.528
2023-02-24,Panamax,Mozambique,10.64,464.4,0.488
2023-02-25,Panamax,Mozambique,10.82,467.9,0.698
2023-02-26,Panamax,Mozambique,10.39,461.2,0.496
2023-02-27,Panamax,Mozambique,10.57,475.8,0.592
2023-02-28,Panamax,Mozambique,10.5,455.2,0.402
2023-03-01,Panamax,Mozambique,10.61,459.0,0.596
2023-03-02,Panamax,Mozambique,10.55,479.8,0.303
2023-03-03,Panamax,Mozambique,10.9,441.7,0.342
2023-03-04,Panamax,Mozambique,11.12,452.5,0.578
2023-03-05,Panamax,Mozambique,10.93,462.1,0.166
2023-03-06,Panamax,Mozambique,10.79,475.5,0.462
2023-03-07,Panamax,Mozambique,10.64,445.0,0.46
2023-03-08,Panamax,Mozambique,10.45,457.0,0.363
2023-03-09,Panamax,Mozambique,10.2,475.4,0.623
2023-03-10,Panamax,Mozambique,10.31,525.4,0.697
2023-03-11,Panamax,Mozambique,10.08,483.0,0.35
2023-03-12,Panamax,Mozambique,10.02,491.9,0.444
2023-03-13,Panamax,Mozambique,10.01,483.6,0.347
2023-03-14,Panamax,Mozambique,10.04,488.7,0.588
2023-03-15,Panamax,Mozambique,10.19,469.6,0.447
2023-03-16,Panamax,Mozambique,10.55,480.3,0.596
2023-03-17,Panamax,Mozambique,10.73,460.4,0.653
2023-03-18,Panamax,Mozambique,10.72,458.2,0.754
2023-03-19,Panamax,Mozambique,10.5,460.3,0.663
2023-03-20,Panamax,Mozambique,10.5,484.8,0.402
2023-03-21,Panamax,Mozambique,10.41,500.2,0.686
2023-03-22,Panamax,Mozambique,10.04,462.7,0.399
2023-03-23,Panamax,Mozambique,10.22,491.3,0.467
2023-03-24,Panamax,Mozambique,10.09,469.8,0.758
2023-03-25,Panamax,Mozambique,9.85,467.1,0.405
2023-03-26,Panamax,Mozambique,9.58,462.6,0.474
2023-03-27,Panamax,Mozambique,9.94,461.1,0.48
2023-03-28,Panamax,Mozambique,10.05,438.4,0.421
2023-03-29,Panamax,Mozambique,10.32,466.8,0.422
2023-03-30,Panamax,Mozambique,10.51,511.7,0.464
2023-03-31,Panamax,Mozambique,10.32,466.9,0.603
2023-04-01,Panamax,Mozambique,10.39,435.2,0.547
2023-04-02,Panamax,Mozambique,9.79,494.2,0.205
2023-04-03,Panamax,Mozambique,9.82,486.6,0.562
2023-04-04,Panamax,Mozambique,9.64,470.5,0.438
2023-04-05,Panamax,Mozambique,9.79,497.1,0.463
2023-04-06,Panamax,Mozambique,9.77,479.4,0.701
2023-04-07,Panamax,Mozambique,9.44,477.4,0.818
2023-04-08,Panamax,Mozambique,9.52,503.7,0.558
2023-04-09,Panamax,Mozambique,9.73,502.8,0.347
2023-04-10,Panamax,Mozambique,9.86,495.5,0.46
2023-04-11,Panamax,Mozambique,10.03,500.6,0.745
2023-04-12,Panamax,Mozambique,10.01,470.8,0.39
2023-04-13,Panamax,Mozambique,10.02,492.5,0.766
2023-04-14,Panamax,Mozambique,9.76,487.0,0.583
2023-04-15,Panamax,Mozambique,9.66,490.8,0.434
2023-04-16,Panamax,Mozambique,9.63,484.0,0.596
2023-04-17,Panamax,Mozambique,9.87,452.6,0.736
2023-04-18,Panamax,Mozambique,9.68,485.7,0.562
2023-04-19,Panamax,Mozambique,9.8,489.5,0.598
2023-04-20,Panamax,Mozambique,9.75,495.0,0.775
2023-04-21,Panamax,Mozambique,9.79,500.2,0.767
2023-04-22,Panamax,Mozambique,10.07,484.0,0.31
2023-04-23,Panamax,Mozambique,9.88,485.4,0.443
2023-04-24,Panamax,Mozambique,10.06,487.5,0.465
2023-04-25,Panamax,Mozambique,9.91,487.5,0.154
2023-04-26,Panamax,Mozambique,9.79,471.7,0.487
2023-04-27,Panamax,Mozambique,9.72,483.3,0.703
2023-04-28,Panamax,Mozambique,9.72,453.3,0.378
2023-04-29,Panamax,Mozambique,9.79,494.5,0.652
2023-04-30,Panamax,Mozambique,9.77,482.4,0.434
2023-05-01,Panamax,Mozambique,9.83,458.1,0.382
2023-05-02,Panamax,Mozambique,9.8,485.6,0.827
2023-05-03,Panamax,Mozambique,9.77,473.2,0.509
2023-05-04,Panamax,Mozambique,9.61,504.4,0.654
2023-05-05,Panamax,Mozambique,9.56,479.2,0.774
2023-05-06,Panamax,Mozambique,9.62,499.5,0.511
2023-05-07,Panamax,Mozambique,9.22,469.7,0.752
2023-05-08,Panamax,Mozambique,9.07,467.0,0.426
2023-05-09,Panamax,Mozambique,9.06,496.0,0.559
2023-05-10,Panamax,Mozambique,9.1,472.4,0.446
2023-05-11,Panamax,Mozambique,9.02,518.2,0.603
2023-05-12,Panamax,Mozambique,9.15,492.3,0.301
2023-05-13,Panamax,Mozambique,9.1,485.9,0.703
2023-05-14,Panamax,Mozambique,8.9,484.5,0.624
2023-05-15,Panamax,Mozambique,8.95,494.6,0.587
2023-05-16,Panamax,Mozambique,9.22,495.5,0.546
2023-05-17,Panamax,Mozambique,9.41,479.8,0.526
2023-05-18,Panamax,Mozambique,9.17,490.4,0.641
2023-05-19,Panamax,Mozambique,9.08,497.1,0.766
2023-05-20,Panamax,Mozambique,9.19,495.0,0.776
2023-05-21,Panamax,Mozambique,9.57,482.2,0.477
2023-05-22,Panamax,Mozambique,9.21,497.0,0.162
2023-05-23,Panamax,Mozambique,9.25,500.9,0.277
2023-05-24,Panamax,Mozambique,9.46,503.4,0.48
2023-05-25,Panamax,Mozambique,9.53,498.9,0.523
2023-05-26,Panamax,Mozambique,9.43,498.6,0.612
2023-05-27,Panamax,Mozambique,9.39,499.6,0.378
2023-05-28,Panamax,Mozambique,9.31,487.4,0.521
2023-05-29,Panamax,Mozambique,9.48,484.4,0.622
2023-05-30,Panamax,Mozambique,9.34,520.1,0.545
2023-05-31,Panamax,Mozambique,9.13,503.1,0.789
2023-06-01,Panamax,Mozambique,8.97,489.9,0.531
2023-06-02,Panamax,Mozambique,8.91,476.6,0.462
2023-06-03,Panamax,Mozambique,9.29,482.3,0.38
2023-06-04,Panamax,Mozambique,9.32,485.5,0.561
2023-06-05,Panamax,Mozambique,9.17,487.1,0.58
2023-06-06,Panamax,Mozambique,9.31,523.5,0.604
2023-06-07,Panamax,Mozambique,8.8,500.2,0.441
2023-06-08,Panamax,Mozambique,8.73,472.7,0.433
2023-06-09,Panamax,Mozambique,8.72,489.2,0.829
2023-06-10,Panamax,Mozambique,8.56,478.0,0.471
2023-06-11,Panamax,Mozambique,8.48,473.8,0.67
2023-06-12,Panamax,Mozambique,8.41,502.6,0.476
2023-06-13,Panamax,Mozambique,8.6,504.4,0.603
2023-06-14,Panamax,Mozambique,8.89,467.5,0.776
2023-06-15,Panamax,Mozambique,9.13,493.9,0.658
2023-06-16,Panamax,Mozambique,9.36,495.4,0.238
2023-06-17,Panamax,Mozambique,9.48,528.7,0.737
2023-06-18,Panamax,Mozambique,9.39,501.9,0.733
2023-06-19,Panamax,Mozambique,9.48,496.0,0.276
2023-06-20,Panamax,Mozambique,9.1,500.1,0.664
2023-06-21,Panamax,Mozambique,9.06,498.7,0.579
2023-06-22,Panamax,Mozambique,9.09,512.7,0.439
2023-06-23,Panamax,Mozambique,9.17,505.9,0.287
2023-06-24,Panamax,Mozambique,9.38,528.3,0.426
2023-06-25,Panamax,Mozambique,9.57,491.7,0.526
2023-06-26,Panamax,Mozambique,9.65,519.9,0.399
2023-06-27,Panamax,Mozambique,9.78,516.3,0.593
2023-06-28,Panamax,Mozambique,10.01,504.4,0.572
2023-06-29,Panamax,Mozambique,9.97,515.4,0.629
2023-06-30,Panamax,Mozambique,9.81,490.8,0.353
2023-07-01,Panamax,Mozambique,10.13,485.9,0.352
2023-07-02,Panamax,Mozambique,9.87,488.1,0.547
2023-07-03,Panamax,Mozambique,9.88,515.3,0.543
2023-07-04,Panamax,Mozambique,10.04,511.6,0.584
2023-07-05,Panamax,Mozambique,9.93,481.0,0.576
2023-07-06,Panamax,Mozambique,9.53,517.7,0.514
2023-07-07,Panamax,Mozambique,9.21,512.0,0.451
2023-07-08,Panamax,Mozambique,9.0,514.4,0.428
2023-07-09,Panamax,Mozambique,8.83,480.2,0.289
2023-07-10,Panamax,Mozambique,8.83,525.4,0.933
2023-07-11,Panamax,Mozambique,8.66,518.2,0.699
2023-07-12,Panamax,Mozambique,8.76,502.1,0.247
2023-07-13,Panamax,Mozambique,8.65,498.2,0.529
2023-07-14,Panamax,Mozambique,8.23,478.1,0.706
2023-07-15,Panamax,Mozambique,8.17,498.8,0.403
2023-07-16,Panamax,Mozambique,7.94,495.5,0.721
2023-07-17,Panamax,Mozambique,8.25,518.9,0.548
2023-07-18,Panamax,Mozambique,8.14,502.1,0.523
2023-07-19,Panamax,Mozambique,7.93,486.8,0.607
2023-07-20,Panamax,Mozambique,7.83,496.9,0.563
2023-07-21,Panamax,Mozambique,7.89,510.3,0.66
2023-07-22,Panamax,Mozambique,7.79,505.6,0.49
2023-07-23,Panamax,Mozambique,7.91,497.5,0.241
2023-07-24,Panamax,Mozambique,7.83,493.7,0.613
2023-07-25,Panamax,Mozambique,7.92,516.7,0.537
2023-07-26,Panamax,Mozambique,7.74,513.9,0.327
2023-07-27,Panamax,Mozambique,8.1,524.4,0.491
2023-07-28,Panamax,Mozambique,8.38,512.3,0.377
2023-07-29,Panamax,Mozambique,8.23,504.0,0.599
2023-07-30,Panamax,Mozambique,8.32,505.4,0.573
2023-07-31,Panamax,Mozambique,8.38,509.1,0.66
2023-08-01,Panamax,Mozambique,8.57,504.5,0.635
2023-08-02,Panamax,Mozambique,8.7,480.0,0.162
2023-08-03,Panamax,Mozambique,8.7,488.6,0.511
2023-08-04,Panamax,Mozambique,8.77,477.0,0.419
2023-08-05,Panamax,Mozambique,8.61,511.8,0.336
2023-08-06,Panamax,Mozambique,8.62,512.9,0.751
2023-08-07,Panamax,Mozambique,8.23,501.6,0.499
2023-08-08,Panamax,Mozambique,8.37,493.2,0.405
2023-08-09,Panamax,Mozambique,8.48,507.5,0.63
2023-08-10,Panamax,Mozambique,8.25,504.6,0.361
2023-08-11,Panamax,Mozambique,8.45,459.5,0.846
2023-08-12,Panamax,Mozambique,8.56,488.9,0.555
2023-08-13,Panamax,Mozambique,8.57,507.4,0.424
2023-08-14,Panamax,Mozambique,8.61,512.4,0.366
2023-08-15,Panamax,Mozambique,8.62,541.4,0.573
2023-08-16,Panamax,Mozambique,8.64,502.6,0.395
2023-08-17,Panamax,Mozambique,8.5,506.9,0.475
2023-08-18,Panamax,Mozambique,8.69,503.9,0.398
2023-08-19,Panamax,Mozambique,8.82,500.1,0.529
2023-08-20,Panamax,Mozambique,8.78,530.2,0.529
2023-08-21,Panamax,Mozambique,8.74,472.6,0.375
2023-08-22,Panamax,Mozambique,8.91,516.7,0.341
2023-08-23,Panamax,Mozambique,8.65,481.5,0.376
2023-08-24,Panamax,Mozambique,8.68,528.8,0.813
2023-08-25,Panamax,Mozambique,8.57,505.6,0.563
2023-08-26,Panamax,Mozambique,8.81,528.4,0.294
2023-08-27,Panamax,Mozambique,8.92,540.2,0.921
2023-08-28,Panamax,Mozambique,8.89,500.8,0.299
2023-08-29,Panamax,Mozambique,8.9,504.9,0.479
2023-08-30,Panamax,Mozambique,8.9,502.5,0.71
2023-08-31,Panamax,Mozambique,8.9,485.9,0.55
2023-09-01,Panamax,Mozambique,8.8,515.1,0.353
2023-09-02,Panamax,Mozambique,8.75,515.5,0.363
2023-09-03,Panamax,Mozambique,8.46,505.5,0.441
2023-09-04,Panamax,Mozambique,8.3,499.3,0.367
2023-09-05,Panamax,Mozambique,8.13,508.6,0.521
2023-09-06,Panamax,Mozambique,8.06,523.0,0.417
2023-09-07,Panamax,Mozambique,7.83,525.1,0.652
2023-09-08,Panamax,Mozambique,8.25,500.6,0.452
2023-09-09,Panamax,Mozambique,8.11,510.0,0.354
2023-09-10,Panamax,Mozambique,8.18,547.8,0.497
2023-09-11,Panamax,Mozambique,7.87,506.1,0.552
2023-09-12,Panamax,Mozambique,8.07,514.6,0.791
2023-09-13,Panamax,Mozambique,7.98,513.7,0.551
2023-09-14,Panamax,Mozambique,7.79,497.6,0.572
2023-09-15,Panamax,Mozambique,7.75,519.7,0.28
2023-09-16,Panamax,Mozambique,7.71,495.3,0.353
2023-09-17,Panamax,Mozambique,7.44,502.1,0.563
2023-09-18,Panamax,Mozambique,7.35,511.4,0.41
2023-09-19,Panamax,Mozambique,7.17,514.8,0.477
2023-09-20,Panamax,Mozambique,7.46,489.3,0.585
2023-09-21,Panamax,Mozambique,7.49,511.2,0.338
2023-09-22,Panamax,Mozambique,7.38,518.7,0.593
2023-09-23,Panamax,Mozambique,7.57,515.1,0.422
2023-09-24,Panamax,Mozambique,7.62,524.0,0.554
2023-09-25,Panamax,Mozambique,7.55,509.6,0.326
2023-09-26,Panamax,Mozambique,7.59,512.3,0.49
2023-09-27,Panamax,Mozambique,7.68,501.5,0.605
2023-09-28,Panamax,Mozambique,7.42,529.0,0.294
2023-09-29,Panamax,Mozambique,7.59,494.8,0.671
2023-09-30,Panamax,Mozambique,7.75,519.7,0.283
2023-10-01,Panamax,Mozambique,7.78,505.6,0.345
2023-10-02,Panamax,Mozambique,7.77,526.4,0.203
2023-10-03,Panamax,Mozambique,7.84,509.4,0.563
2023-10-04,Panamax,Mozambique,7.87,507.4,0.531
2023-10-05,Panamax,Mozambique,7.89,504.6,0.347
2023-10-06,Panamax,Mozambique,7.75,500.0,0.321
2023-10-07,Panamax,Mozambique,7.78,503.6,0.507
2023-10-08,Panamax,Mozambique,7.82,509.0,0.449
2023-10-09,Panamax,Mozambique,8.23,506.9,0.125
2023-10-10,Panamax,Mozambique,8.17,509.9,0.479
2023-10-11,Panamax,Mozambique,8.3,521.9,0.195
2023-10-12,Panamax,Mozambique,8.34,501.1,0.665
2023-10-13,Panamax,Mozambique,8.29,510.3,0.054
2023-10-14,Panamax,Mozambique,8.14,512.8,0.839
2023-10-15,Panamax,Mozambique,8.19,532.1,0.725
2023-10-16,Panamax,Mozambique,8.23,501.7,0.474
2023-10-17,Panamax,Mozambique,8.35,510.5,0.21
2023-10-18,Panamax,Mozambique,8.64,533.7,0.441
2023-10-19,Panamax,Mozambique,8.49,537.1,0.281
2023-10-20,Panamax,Mozambique,8.35,501.1,0.274
2023-10-21,Panamax,Mozambique,8.13,499.2,0.526
2023-10-22,Panamax,Mozambique,8.4,506.1,0.496
2023-10-23,Panamax,Mozambique,8.37,506.9,0.62
2023-10-24,Panamax,Mozambique,8.5,503.3,0.347
2023-10-25,Panamax,Mozambique,8.53,507.3,0.405
2023-10-26,Panamax,Mozambique,8.56,529.5,0.268
2023-10-27,Panamax,Mozambique,8.51,509.6,0.243
2023-10-28,Panamax,Mozambique,8.27,492.1,0.563
2023-10-29,Panamax,Mozambique,8.05,530.8,0.334
2023-10-30,Panamax,Mozambique,8.07,513.8,0.417
2023-10-31,Panamax,Mozambique,8.06,519.9,0.275
2023-11-01,Panamax,Mozambique,7.99,481.1,0.493
2023-11-02,Panamax,Mozambique,8.1,508.6,0.023
2023-11-03,Panamax,Mozambique,8.24,536.2,0.409
2023-11-04,Panamax,Mozambique,8.38,490.4,0.192
2023-11-05,Panamax,Mozambique,8.26,515.1,0.415
2023-11-06,Panamax,Mozambique,8.12,528.3,0.493
2023-11-07,Panamax,Mozambique,8.21,484.8,0.496
2023-11-08,Panamax,Mozambique,8.2,502.7,0.371
2023-11-09,Panamax,Mozambique,7.93,515.8,0.537
2023-11-10,Panamax,Mozambique,8.03,502.5,0.562
2023-11-11,Panamax,Mozambique,8.22,471.2,0.401
2023-11-12,Panamax,Mozambique,8.03,497.8,0.513
2023-11-13,Panamax,Mozambique,8.08,499.6,0.619
2023-11-14,Panamax,Mozambique,8.07,487.6,0.236
2023-11-15,Panamax,Mozambique,8.09,504.8,0.016
2023-11-16,Panamax,Mozambique,8.05,490.2,0.044
2023-11-17,Panamax,Mozambique,8.03,503.3,0.497
2023-11-18,Panamax,Mozambique,8.04,504.7,0.349
2023-11-19,Panamax,Mozambique,8.02,499.5,0.25
2023-11-20,Panamax,Mozambique,8.15,521.0,0.367
2023-11-21,Panamax,Mozambique,8.35,533.3,0.398
2023-11-22,Panamax,Mozambique,8.38,492.4,0.409
2023-11-23,Panamax,Mozambique,8.54,502.8,0.294
2023-11-24,Panamax,Mozambique,8.57,516.8,0.469
2023-11-25,Panamax,Mozambique,8.6,506.4,0.51
2023-11-26,Panamax,Mozambique,8.6,478.5,0.241
2023-11-27,Panamax,Mozambique,8.81,504.6,0.169
2023-11-28,Panamax,Mozambique,8.91,525.0,0.345
2023-11-29,Panamax,Mozambique,8.93,499.1,0.334
2023-11-30,Panamax,Mozambique,8.93,511.8,0.359
2023-12-01,Panamax,Mozambique,8.83,515.5,0.146
2023-12-02,Panamax,Mozambique,8.62,504.9,0.503
2023-12-03,Panamax,Mozambique,8.62,542.9,0.0
2023-12-04,Panamax,Mozambique,8.75,497.5,0.264
2023-12-05,Panamax,Mozambique,8.88,528.7,0.486
2023-12-06,Panamax,Mozambique,9.2,512.6,0.252
2023-12-07,Panamax,Mozambique,9.12,525.3,0.282
2023-12-08,Panamax,Mozambique,9.18,513.8,0.168
2023-12-09,Panamax,Mozambique,9.15,505.8,0.147
2023-12-10,Panamax,Mozambique,8.96,493.7,0.175
2023-12-11,Panamax,Mozambique,9.06,499.7,0.393
2023-12-12,Panamax,Mozambique,9.01,514.5,0.332
2023-12-13,Panamax,Mozambique,8.93,524.8,0.312
2023-12-14,Panamax,Mozambique,8.79,502.3,0.162
2023-12-15,Panamax,Mozambique,8.66,516.1,0.266
2023-12-16,Panamax,Mozambique,8.72,488.8,0.327
2023-12-17,Panamax,Mozambique,8.64,496.9,0.321
2023-12-18,Panamax,Mozambique,8.52,508.3,0.333
2023-12-19,Panamax,Mozambique,8.26,513.6,0.266
2023-12-20,Panamax,Mozambique,8.35,510.8,0.369
2023-12-21,Panamax,Mozambique,8.36,508.0,0.354
2023-12-22,Panamax,Mozambique,8.4,493.3,0.426
2023-12-23,Panamax,Mozambique,8.56,481.9,0.169
2023-12-24,Panamax,Mozambique,8.37,513.6,0.256
2023-12-25,Panamax,Mozambique,8.44,514.0,0.195
2023-12-26,Panamax,Mozambique,8.71,487.8,0.284
2023-12-27,Panamax,Mozambique,8.76,485.3,0.092
2023-12-28,Panamax,Mozambique,8.93,496.9,0.313
2023-12-29,Panamax,Mozambique,9.11,493.4,0.68
2023-12-30,Panamax,Mozambique,9.09,509.9,0.007
2023-12-31,Panamax,Mozambique,9.36,498.8,0.282
2024-01-01,Panamax,Mozambique,9.39,501.7,0.469
2024-01-02,Panamax,Mozambique,9.49,495.3,0.31
2024-01-03,Panamax,Mozambique,9.57,520.8,0.279
2024-01-04,Panamax,Mozambique,9.51,534.7,0.3
2024-01-05,Panamax,Mozambique,9.53,502.2,0.379
2024-01-06,Panamax,Mozambique,9.59,519.2,0.528
2024-01-07,Panamax,Mozambique,9.64,505.8,0.267
2024-01-08,Panamax,Mozambique,9.69,510.4,0.292
2024-01-09,Panamax,Mozambique,9.65,494.8,0.249
2024-01-10,Panamax,Mozambique,9.6,481.8,0.0
2024-01-11,Panamax,Mozambique,9.61,492.2,0.29
2024-01-12,Panamax,Mozambique,9.67,506.4,0.17
2024-01-13,Panamax,Mozambique,9.65,503.2,0.319
2024-01-14,Panamax,Mozambique,9.4,499.0,0.458
2024-01-15,Panamax,Mozambique,9.4,484.5,0.0
2024-01-16,Panamax,Mozambique,9.56,495.3,0.294
2024-01-17,Panamax,Mozambique,9.54,493.0,0.041
2024-01-18,Panamax,Mozambique,9.52,527.0,0.335
2024-01-19,Panamax,Mozambique,9.63,508.3,0.256
2024-01-20,Panamax,Mozambique,10.02,480.8,0.172
2024-01-21,Panamax,Mozambique,9.78,517.8,0.217
2024-01-22,Panamax,Mozambique,10.24,483.9,0.439
2024-01-23,Panamax,Mozambique,10.16,488.8,0.406
2024-01-24,Panamax,Mozambique,10.09,506.2,0.178
2024-01-25,Panamax,Mozambique,10.25,483.7,0.381
2024-01-26,Panamax,Mozambique,10.6,496.7,0.504
2024-01-27,Panamax,Mozambique,10.76,470.8,0.329
2024-01-28,Panamax,Mozambique,10.55,496.3,0.301
2024-01-29,Panamax,Mozambique,10.71,519.4,0.234
2024-01-30,Panamax,Mozambique,10.81,510.4,0.655
2024-01-31,Panamax,Mozambique,10.7,493.6,0.348
2024-02-01,Panamax,Mozambique,10.87,496.5,0.003
2024-02-02,Panamax,Mozambique,10.71,494.3,0.51
2024-02-03,Panamax,Mozambique,10.41,470.2,0.247
2024-02-04,Panamax,Mozambique,10.69,489.3,0.129
2024-02-05,Panamax,Mozambique,11.2,510.4,0.282
2024-02-06,Panamax,Mozambique,10.98,485.1,0.077
2024-02-07,Panamax,Mozambique,10.92,498.1,0.75
2024-02-08,Panamax,Mozambique,10.73,484.2,0.464
2024-02-09,Panamax,Mozambique,10.53,532.0,0.34
2024-02-10,Panamax,Mozambique,10.87,491.9,0.316
2024-02-11,Panamax,Mozambique,11.0,511.7,0.403
2024-02-12,Panamax,Mozambique,10.9,507.4,0.308
2024-02-13,Panamax,Mozambique,11.05,500.2,0.148
2024-02-14,Panamax,Mozambique,10.73,489.7,0.17
2024-02-15,Panamax,Mozambique,10.9,510.1,0.567
2024-02-16,Panamax,Mozambique,10.69,506.4,0.258
2024-02-17,Panamax,Mozambique,10.93,500.8,0.36
2024-02-18,Panamax,Mozambique,10.72,516.9,0.292
2024-02-19,Panamax,Mozambique,11.56,516.9,0.0
2024-02-20,Panamax,Mozambique,11.24,481.8,0.394
2024-02-21,Panamax,Mozambique,10.95,464.8,0.111
2024-02-22,Panamax,Mozambique,10.85,486.5,0.438
2024-02-23,Panamax,Mozambique,10.84,497.5,0.189
2024-02-24,Panamax,Mozambique,10.71,495.2,0.311
2024-02-25,Panamax,Mozambique,10.58,498.6,0.0
2024-02-26,Panamax,Mozambique,10.48,485.3,0.071
2024-02-27,Panamax,Mozambique,10.4,484.0,0.052
2024-02-28,Panamax,Mozambique,10.48,462.1,0.22
2024-02-29,Panamax,Mozambique,10.17,474.9,0.198
2024-03-01,Panamax,Mozambique,10.03,483.2,0.457
2024-03-02,Panamax,Mozambique,9.58,481.5,0.418
2024-03-03,Panamax,Mozambique,9.69,494.3,0.234
2024-03-04,Panamax,Mozambique,9.95,499.9,0.099
2024-03-05,Panamax,Mozambique,10.43,472.0,0.123
2024-03-06,Panamax,Mozambique,10.51,485.3,0.194
2024-03-07,Panamax,Mozambique,11.26,537.4,0.338
2024-03-08,Panamax,Mozambique,10.74,480.9,0.371
2024-03-09,Panamax,Mozambique,10.64,501.0,0.364
2024-03-10,Panamax,Mozambique,10.82,475.9,0.374
2024-03-11,Panamax,Mozambique,11.03,496.5,0.247
2024-03-12,Panamax,Mozambique,10.99,491.6,0.074
2024-03-13,Panamax,Mozambique,11.22,521.8,0.131
2024-03-14,Panamax,Mozambique,11.52,489.0,0.334
2024-03-15,Panamax,Mozambique,11.1,511.2,0.249
2024-03-16,Panamax,Mozambique,11.37,474.4,0.132
2024-03-17,Panamax,Mozambique,11.44,488.9,0.214
2024-03-18,Panamax,Mozambique,11.08,485.4,0.35
2024-03-19,Panamax,Mozambique,10.96,497.5,0.113
2024-03-20,Panamax,Mozambique,10.9,468.9,0.438
2024-03-21,Panamax,Mozambique,10.73,497.5,0.523
2024-03-22,Panamax,Mozambique,10.68,489.4,0.26
2024-03-23,Panamax,Mozambique,11.32,493.0,0.165
2024-03-24,Panamax,Mozambique,11.07,483.6,0.255
2024-03-25,Panamax,Mozambique,11.22,501.5,0.413
2024-03-26,Panamax,Mozambique,10.46,498.7,0.215
2024-03-27,Panamax,Mozambique,10.62,470.2,0.164
2024-03-28,Panamax,Mozambique,10.25,478.3,0.261
2024-03-29,Panamax,Mozambique,10.62,482.3,0.155
2024-03-30,Panamax,Mozambique,10.21,485.2,0.326
2024-03-31,Panamax,Mozambique,10.03,491.1,0.248
2024-04-01,Panamax,Mozambique,10.05,484.4,0.252
2024-04-02,Panamax,Mozambique,10.44,485.4,0.396
2024-04-03,Panamax,Mozambique,9.79,476.5,0.005
2024-04-04,Panamax,Mozambique,9.89,512.2,0.078
2024-04-05,Panamax,Mozambique,10.37,508.1,0.048
2024-04-06,Panamax,Mozambique,10.13,463.3,0.101
2024-04-07,Panamax,Mozambique,10.35,474.7,0.496
2024-04-08,Panamax,Mozambique,10.44,488.4,0.311
2024-04-09,Panamax,Mozambique,10.07,450.7,0.509
2024-04-10,Panamax,Mozambique,10.25,520.6,0.03
2024-04-11,Panamax,Mozambique,10.61,488.1,0.169
2024-04-12,Panamax,Mozambique,10.36,479.4,0.114
2024-04-13,Panamax,Mozambique,10.58,481.0,0.36
2024-04-14,Panamax,Mozambique,10.64,471.7,0.409
2024-04-15,Panamax,Mozambique,11.18,466.0,0.23
2024-04-16,Panamax,Mozambique,11.1,462.8,0.166
2024-04-17,Panamax,Mozambique,11.14,477.2,0.35
2024-04-18,Panamax,Mozambique,11.7,475.9,0.0
2024-04-19,Panamax,Mozambique,12.23,509.8,0.221
2024-04-20,Panamax,Mozambique,12.52,484.2,0.397
2024-04-21,Panamax,Mozambique,12.73,463.0,0.466
2024-04-22,Panamax,Mozambique,12.92,479.7,0.539
2024-04-23,Panamax,Mozambique,12.76,495.1,0.088
2024-04-24,Panamax,Mozambique,13.44,450.7,0.645
2024-04-25,Panamax,Mozambique,13.92,465.3,0.08
2024-04-26,Panamax,Mozambique,13.79,482.6,0.344
2024-04-27,Panamax,Mozambique,13.55,485.6,0.081
2024-04-28,Panamax,Mozambique,13.02,465.8,0.484
2024-04-29,Panamax,Mozambique,13.07,484.9,0.215
2024-04-30,Panamax,Mozambique,12.94,443.2,0.355
2024-05-01,Panamax,Mozambique,12.51,477.8,0.482
2024-05-02,Panamax,Mozambique,12.37,465.8,0.26
2024-05-03,Panamax,Mozambique,11.8,471.4,0.242
2024-05-04,Panamax,Mozambique,11.64,473.1,0.061
2024-05-05,Panamax,Mozambique,11.46,478.5,0.327
2024-05-06,Panamax,Mozambique,11.16,469.1,0.506
2024-05-07,Panamax,Mozambique,11.15,470.3,0.397
2024-05-08,Panamax,Mozambique,11.04,483.1,0.119
2024-05-09,Panamax,Mozambique,10.46,466.3,0.17
2024-05-10,Panamax,Mozambique,10.58,468.5,0.509
2024-05-11,Panamax,Mozambique,10.84,478.1,0.0
2024-05-12,Panamax,Mozambique,11.37,464.5,0.303
2024-05-13,Panamax,Mozambique,10.71,465.0,0.369
2024-05-14,Panamax,Mozambique,10.58,476.6,0.331
2024-05-15,Panamax,Mozambique,10.46,465.0,0.39
2024-05-16,Panamax,Mozambique,10.38,454.7,0.225
2024-05-17,Panamax,Mozambique,10.97,460.5,0.342
2024-05-18,Panamax,Mozambique,10.81,472.5,0.359
2024-05-19,Panamax,Mozambique,10.91,481.9,0.061
2024-05-20,Panamax,Mozambique,11.24,461.9,0.503
2024-05-21,Panamax,Mozambique,11.85,465.3,0.202
2024-05-22,Panamax,Mozambique,11.52,460.1,0.011
2024-05-23,Panamax,Mozambique,11.91,466.1,0.215
2024-05-24,Panamax,Mozambique,11.31,458.9,0.186
2024-05-25,Panamax,Mozambique,10.62,464.4,0.158
2024-05-26,Panamax,Mozambique,10.59,480.9,0.4
2024-05-27,Panamax,Mozambique,10.58,474.6,0.203
2024-05-28,Panamax,Mozambique,10.95,476.6,0.353
2024-05-29,Panamax,Mozambique,11.46,433.2,0.485
2024-05-30,Panamax,Mozambique,10.98,506.5,0.389
2024-05-31,Panamax,Mozambique,10.27,462.0,0.537
2024-06-01,Panamax,Mozambique,10.14,458.7,0.372
2024-06-02,Panamax,Mozambique,9.66,443.4,0.422
2024-06-03,Panamax,Mozambique,9.76,464.8,0.665
2024-06-04,Panamax,Mozambique,9.64,459.1,0.398
2024-06-05,Panamax,Mozambique,9.56,488.9,0.007
2024-06-06,Panamax,Mozambique,9.24,455.8,0.611
2024-06-07,Panamax,Mozambique,8.43,483.3,0.316
2024-06-08,Panamax,Mozambique,8.23,469.1,0.505
2024-06-09,Panamax,Mozambique,8.19,472.0,0.431
2024-06-10,Panamax,Mozambique,8.56,452.0,0.297
2024-06-11,Panamax,Mozambique,8.17,451.0,0.193
2024-06-12,Panamax,Mozambique,8.1,473.8,0.408
2024-06-13,Panamax,Mozambique,8.37,450.4,0.496
2024-06-14,Panamax,Mozambique,8.64,430.8,0.072
2024-06-15,Panamax,Mozambique,8.53,494.1,0.134
2024-06-16,Panamax,Mozambique,8.3,439.3,0.0
2024-06-17,Panamax,Mozambique,8.58,487.1,0.295
2024-06-18,Panamax,Mozambique,8.61,460.2,0.284
2024-06-19,Panamax,Mozambique,8.77,466.8,0.079
2024-06-20,Panamax,Mozambique,9.03,460.4,0.316
2024-06-21,Panamax,Mozambique,8.52,452.4,0.377
2024-06-22,Panamax,Mozambique,8.21,476.7,0.633
2024-06-23,Panamax,Mozambique,8.19,476.7,0.234
2024-06-24,Panamax,Mozambique,8.63,461.2,0.692
2024-06-25,Panamax,Mozambique,8.83,424.4,0.0
2024-06-26,Panamax,Mozambique,8.71,461.5,0.249
2024-06-27,Panamax,Mozambique,9.02,450.8,0.418
2024-06-28,Panamax,Mozambique,9.18,483.4,0.196
2024-06-29,Panamax,Mozambique,8.77,421.7,0.417
2024-06-30,Panamax,Mozambique,8.55,454.2,0.514
2024-07-01,Panamax,Mozambique,8.1,471.9,0.087
2024-07-02,Panamax,Mozambique,8.25,453.9,0.431
2024-07-03,Panamax,Mozambique,7.89,466.4,0.482
2024-07-04,Panamax,Mozambique,8.1,423.6,0.481
2024-07-05,Panamax,Mozambique,8.25,442.0,0.442
2024-07-06,Panamax,Mozambique,7.68,455.9,0.1
2024-07-07,Panamax,Mozambique,7.6,434.9,0.31
2024-07-08,Panamax,Mozambique,7.33,479.0,0.295
2024-07-09,Panamax,Mozambique,7.21,440.7,0.536
2024-07-10,Panamax,Mozambique,7.48,458.1,0.359
2024-07-11,Panamax,Mozambique,7.5,462.0,0.515
2024-07-12,Panamax,Mozambique,7.26,458.6,0.478
2024-07-13,Panamax,Mozambique,7.69,436.2,0.363
2024-07-14,Panamax,Mozambique,7.52,431.8,0.269
2024-07-15,Panamax,Mozambique,7.48,447.9,0.299
2024-07-16,Panamax,Mozambique,7.67,455.3,0.517
2024-07-17,Panamax,Mozambique,7.87,449.4,0.404
2024-07-18,Panamax,Mozambique,7.6,463.2,0.509
2024-07-19,Panamax,Mozambique,7.7,440.9,0.273
2024-07-20,Panamax,Mozambique,7.67,468.0,0.421
2024-07-21,Panamax,Mozambique,7.88,454.3,0.57
2024-07-22,Panamax,Mozambique,7.58,466.1,0.462
2024-07-23,Panamax,Mozambique,7.86,449.0,0.374
2024-07-24,Panamax,Mozambique,7.96,455.0,0.241
2024-07-25,Panamax,Mozambique,8.03,443.3,0.419
2024-07-26,Panamax,Mozambique,8.16,456.8,0.412
2024-07-27,Panamax,Mozambique,7.83,439.3,0.601
2024-07-28,Panamax,Mozambique,7.99,444.6,0.614
2024-07-29,Panamax,Mozambique,7.84,452.1,0.57
2024-07-30,Panamax,Mozambique,7.39,432.0,0.07
2024-07-31,Panamax,Mozambique,7.58,426.0,0.373
2024-08-01,Panamax,Mozambique,7.52,464.2,0.282
2024-08-02,Panamax,Mozambique,7.41,431.3,0.441
2024-08-03,Panamax,Mozambique,7.58,455.8,0.574
2024-08-04,Panamax,Mozambique,7.33,462.7,0.715
2024-08-05,Panamax,Mozambique,7.02,461.9,0.553
2024-08-06,Panamax,Mozambique,7.62,436.7,0.368
2024-08-07,Panamax,Mozambique,8.0,439.5,0.439
2024-08-08,Panamax,Mozambique,8.15,455.5,0.269
2024-08-09,Panamax,Mozambique,8.16,437.6,0.645
2024-08-10,Panamax,Mozambique,8.51,428.4,0.378
2024-08-11,Panamax,Mozambique,8.32,425.1,0.584
2024-08-12,Panamax,Mozambique,8.13,428.6,0.217
2024-08-13,Panamax,Mozambique,8.33,456.8,0.286
2024-08-14,Panamax,Mozambique,8.59,433.1,0.532
2024-08-15,Panamax,Mozambique,8.64,424.0,0.355
2024-08-16,Panamax,Mozambique,8.55,439.7,0.428
2024-08-17,Panamax,Mozambique,8.65,444.8,0.581
2024-08-18,Panamax,Mozambique,8.83,442.0,0.114
2024-08-19,Panamax,Mozambique,9.18,440.1,0.4
2024-08-20,Panamax,Mozambique,8.87,456.9,0.567
2024-08-21,Panamax,Mozambique,8.62,427.0,0.453
2024-08-22,Panamax,Mozambique,8.49,443.5,0.285
2024-08-23,Panamax,Mozambique,8.84,424.6,0.552
2024-08-24,Panamax,Mozambique,9.2,442.7,0.405
2024-08-25,Panamax,Mozambique,8.77,446.7,0.458
2024-08-26,Panamax,Mozambique,8.34,442.9,0.369
2024-08-27,Panamax,Mozambique,7.99,418.5,0.496
2024-08-28,Panamax,Mozambique,7.58,451.5,0.41
2024-08-29,Panamax,Mozambique,7.56,449.9,0.442
2024-08-30,Panamax,Mozambique,7.79,461.2,0.261
2024-08-31,Panamax,Mozambique,7.39,449.2,0.24
2024-09-01,Panamax,Mozambique,7.64,423.8,0.426
2024-09-02,Panamax,Mozambique,7.84,429.2,0.459
2024-09-03,Panamax,Mozambique,7.79,449.0,0.317
2024-09-04,Panamax,Mozambique,7.53,406.9,0.582
2024-09-05,Panamax,Mozambique,7.42,433.9,0.242
2024-09-06,Panamax,Mozambique,7.25,434.9,0.529
2024-09-07,Panamax,Mozambique,7.21,436.7,0.692
2024-09-08,Panamax,Mozambique,7.33,408.0,0.614
2024-09-09,Panamax,Mozambique,7.78,429.7,0.604
2024-09-10,Panamax,Mozambique,7.68,431.2,0.531
2024-09-11,Panamax,Mozambique,7.75,452.9,0.512
2024-09-12,Panamax,Mozambique,7.61,407.8,0.785
2024-09-13,Panamax,Mozambique,8.12,426.5,0.535
2024-09-14,Panamax,Mozambique,8.26,418.7,0.424
2024-09-15,Panamax,Mozambique,8.05,432.5,0.319
2024-09-16,Panamax,Mozambique,8.01,446.2,0.672
2024-09-17,Panamax,Mozambique,8.11,425.8,0.593
2024-09-18,Panamax,Mozambique,8.2,430.8,0.481
2024-09-19,Panamax,Mozambique,8.04,422.2,0.56
2024-09-20,Panamax,Mozambique,8.34,433.2,0.668
2024-09-21,Panamax,Mozambique,8.51,391.9,0.321
2024-09-22,Panamax,Mozambique,8.08,438.7,0.803
2024-09-23,Panamax,Mozambique,8.31,438.8,0.543
2024-09-24,Panamax,Mozambique,7.89,442.7,0.557
2024-09-25,Panamax,Mozambique,7.63,419.6,0.429
2024-09-26,Panamax,Mozambique,7.78,428.6,0.67
2024-09-27,Panamax,Mozambique,8.29,451.7,0.536
2024-09-28,Panamax,Mozambique,8.51,449.7,0.686
2024-09-29,Panamax,Mozambique,8.6,428.1,0.502
2024-09-30,Panamax,Mozambique,8.83,453.0,0.714
2024-10-01,Panamax,Mozambique,9.17,428.5,0.602
2024-10-02,Panamax,Mozambique,8.67,412.0,0.555
2024-10-03,Panamax,Mozambique,8.6,450.6,0.112
2024-10-04,Panamax,Mozambique,9.04,430.8,0.549
2024-10-05,Panamax,Mozambique,9.28,415.9,0.708
2024-10-06,Panamax,Mozambique,9.16,418.3,0.494
2024-10-07,Panamax,Mozambique,9.07,407.7,0.4
2024-10-08,Panamax,Mozambique,9.28,417.9,0.623
2024-10-09,Panamax,Mozambique,9.63,399.4,0.464
2024-10-10,Panamax,Mozambique,9.56,434.3,0.841
2024-10-11,Panamax,Mozambique,9.75,423.5,0.468
2024-10-12,Panamax,Mozambique,9.58,421.9,0.241
2024-10-13,Panamax,Mozambique,9.45,448.7,0.07
2024-10-14,Panamax,Mozambique,9.13,421.3,0.472
2024-10-15,Panamax,Mozambique,8.96,430.4,0.627
2024-10-16,Panamax,Mozambique,8.9,400.8,0.538
2024-10-17,Panamax,Mozambique,9.13,404.8,0.301
2024-10-18,Panamax,Mozambique,9.45,438.2,0.621
2024-10-19,Panamax,Mozambique,9.97,425.5,0.616
2024-10-20,Panamax,Mozambique,9.94,407.6,0.429
2024-10-21,Panamax,Mozambique,9.91,416.0,0.634
2024-10-22,Panamax,Mozambique,9.65,411.6,0.403
2024-10-23,Panamax,Mozambique,9.8,445.7,0.45
2024-10-24,Panamax,Mozambique,9.95,410.9,0.574
2024-10-25,Panamax,Mozambique,9.75,420.0,0.674
2024-10-26,Panamax,Mozambique,9.79,396.8,0.255
2024-10-27,Panamax,Mozambique,9.84,394.7,0.411
2024-10-28,Panamax,Mozambique,9.71,431.8,0.552
2024-10-29,Panamax,Mozambique,9.33,425.0,0.551
2024-10-30,Panamax,Mozambique,9.35,431.0,0.422
2024-10-31,Panamax,Mozambique,9.59,415.8,0.508
2024-11-01,Panamax,Mozambique,9.33,410.7,0.56
2024-11-02,Panamax,Mozambique,9.14,401.5,0.573
2024-11-03,Panamax,Mozambique,8.83,383.7,0.821
2024-11-04,Panamax,Mozambique,8.97,421.9,0.468
2024-11-05,Panamax,Mozambique,9.51,402.7,0.651
2024-11-06,Panamax,Mozambique,9.52,419.1,0.403
2024-11-07,Panamax,Mozambique,9.61,424.7,0.572
2024-11-08,Panamax,Mozambique,9.36,409.1,0.613
2024-11-09,Panamax,Mozambique,9.35,400.3,0.688
2024-11-10,Panamax,Mozambique,9.18,431.0,0.622
2024-11-11,Panamax,Mozambique,8.87,385.0,0.392
2024-11-12,Panamax,Mozambique,8.94,412.8,0.57
2024-11-13,Panamax,Mozambique,9.37,405.6,0.679
2024-11-14,Panamax,Mozambique,9.3,399.4,0.45
2024-11-15,Panamax,Mozambique,9.09,402.1,0.642
2024-11-16,Panamax,Mozambique,9.48,411.9,0.615
2024-11-17,Panamax,Mozambique,9.23,411.0,0.604
2024-11-18,Panamax,Mozambique,9.23,402.2,0.515
2024-11-19,Panamax,Mozambique,8.87,390.9,0.816
2024-11-20,Panamax,Mozambique,8.56,422.2,0.361
2024-11-21,Panamax,Mozambique,8.7,403.8,0.538
2024-11-22,Panamax,Mozambique,8.92,407.0,0.74
2024-11-23,Panamax,Mozambique,8.87,414.0,0.601
2024-11-24,Panamax,Mozambique,8.73,403.1,0.624
2024-11-25,Panamax,Mozambique,8.62,405.0,0.701
2024-11-26,Panamax,Mozambique,8.51,418.6,0.515
2024-11-27,Panamax,Mozambique,8.05,403.8,0.165
2024-11-28,Panamax,Mozambique,7.91,406.5,0.79
2024-11-29,Panamax,Mozambique,8.15,412.8,0.764
2024-11-30,Panamax,Mozambique,8.01,393.6,0.586
2024-12-01,Panamax,Mozambique,7.91,388.6,0.376
2024-12-02,Panamax,Mozambique,8.01,392.1,0.621
2024-12-03,Panamax,Mozambique,7.95,431.4,0.77
2024-12-04,Panamax,Mozambique,7.9,418.6,0.583
2024-12-05,Panamax,Mozambique,8.14,428.6,0.856
2024-12-06,Panamax,Mozambique,8.25,372.1,0.768
2024-12-07,Panamax,Mozambique,8.42,404.8,0.392
2024-12-08,Panamax,Mozambique,8.62,374.3,0.471
2024-12-09,Panamax,Mozambique,8.56,405.5,0.59
2024-12-10,Panamax,Mozambique,8.65,437.2,0.442
2024-12-11,Panamax,Mozambique,8.82,385.3,0.246
2024-12-12,Panamax,Mozambique,8.74,428.3,0.768
2024-12-13,Panamax,Mozambique,8.9,399.8,0.471
2024-12-14,Panamax,Mozambique,9.04,398.4,0.45
2024-12-15,Panamax,Mozambique,9.03,402.7,0.49
2024-12-16,Panamax,Mozambique,8.7,389.7,0.559
2024-12-17,Panamax,Mozambique,8.83,399.7,0.446
2024-12-18,Panamax,Mozambique,8.99,406.6,0.422
2024-12-19,Panamax,Mozambique,8.97,412.1,0.195
2024-12-20,Panamax,Mozambique,9.11,389.8,0.574
2024-12-21,Panamax,Mozambique,9.06,392.7,0.489
2024-12-22,Panamax,Mozambique,8.89,376.2,0.374
2024-12-23,Panamax,Mozambique,9.01,383.9,0.542
2024-12-24,Panamax,Mozambique,9.12,404.8,0.813
2024-12-25,Panamax,Mozambique,9.17,440.4,0.887
2024-12-26,Panamax,Mozambique,9.29,400.9,0.481
2024-12-27,Panamax,Mozambique,9.46,416.5,0.629
2024-12-28,Panamax,Mozambique,9.42,389.7,0.388
2024-12-29,Panamax,Mozambique,9.52,438.9,0.53
2024-12-30,Panamax,Mozambique,9.56,394.0,0.325
2024-12-31,Panamax,Mozambique,9.44,411.1,0.798
2025-01-01,Panamax,Mozambique,9.53,385.0,0.458
2025-01-02,Panamax,Mozambique,9.45,413.9,0.345
2025-01-03,Panamax,Mozambique,9.39,414.4,0.743
2025-01-04,Panamax,Mozambique,9.54,408.5,0.66
2025-01-05,Panamax,Mozambique,9.59,403.1,0.695
2025-01-06,Panamax,Mozambique,9.56,415.8,0.512
2025-01-07,Panamax,Mozambique,9.58,411.7,0.534
2025-01-08,Panamax,Mozambique,9.28,399.2,0.568
2025-01-09,Panamax,Mozambique,9.49,398.5,0.621
2025-01-10,Panamax,Mozambique,9.44,401.7,0.229
2025-01-11,Panamax,Mozambique,9.51,420.7,0.678
2025-01-12,Panamax,Mozambique,9.52,386.1,0.475
2025-01-13,Panamax,Mozambique,9.55,392.1,0.169
2025-01-14,Panamax,Mozambique,9.71,399.5,0.615
2025-01-15,Panamax,Mozambique,9.89,398.9,0.681
2025-01-16,Panamax,Mozambique,9.95,408.1,0.269
2025-01-17,Panamax,Mozambique,9.89,404.6,0.422
2025-01-18,Panamax,Mozambique,10.05,403.6,0.528
2025-01-19,Panamax,Mozambique,9.77,384.3,0.391
2025-01-20,Panamax,Mozambique,9.87,392.5,0.367
2025-01-21,Panamax,Mozambique,9.91,388.0,0.626
2025-01-22,Panamax,Mozambique,9.86,360.9,0.582
2025-01-23,Panamax,Mozambique,9.67,394.4,0.497
2025-01-24,Panamax,Mozambique,9.83,389.7,0.705
2025-01-25,Panamax,Mozambique,9.65,391.5,0.558
2025-01-26,Panamax,Mozambique,9.66,413.8,0.478
2025-01-27,Panamax,Mozambique,9.69,424.6,0.427
2025-01-28,Panamax,Mozambique,9.81,415.1,0.174
2025-01-29,Panamax,Mozambique,9.85,433.6,0.692
2025-01-30,Panamax,Mozambique,9.96,391.7,0.689
2025-01-31,Panamax,Mozambique,9.82,377.5,0.736
2025-02-01,Panamax,Mozambique,9.83,414.4,0.77
2025-02-02,Panamax,Mozambique,10.05,396.7,0.435
2025-02-03,Panamax,Mozambique,10.13,414.3,0.383
2025-02-04,Panamax,Mozambique,10.27,410.7,0.342
2025-02-05,Panamax,Mozambique,10.3,418.3,0.296
2025-02-06,Panamax,Mozambique,10.24,394.4,0.431
2025-02-07,Panamax,Mozambique,10.23,393.2,0.897
2025-02-08,Panamax,Mozambique,10.17,427.2,0.489
2025-02-09,Panamax,Mozambique,10.36,380.7,0.697
2025-02-10,Panamax,Mozambique,10.54,407.6,0.6
2025-02-11,Panamax,Mozambique,10.37,406.7,0.586
2025-02-12,Panamax,Mozambique,10.41,378.5,0.507
2025-02-13,Panamax,Mozambique,10.48,408.9,0.527
2025-02-14,Panamax,Mozambique,10.63,390.2,0.556
2025-02-15,Panamax,Mozambique,10.56,385.8,0.168
2025-02-16,Panamax,Mozambique,10.55,393.0,0.533
2025-02-17,Panamax,Mozambique,10.34,396.0,0.43
2025-02-18,Panamax,Mozambique,10.49,404.5,0.574
2025-02-19,Panamax,Mozambique,10.47,376.3,0.386
2025-02-20,Panamax,Mozambique,10.5,378.3,0.392
2025-02-21,Panamax,Mozambique,10.45,389.5,0.432
2025-02-22,Panamax,Mozambique,10.35,390.6,0.848
2025-02-23,Panamax,Mozambique,10.35,419.8,0.632
2025-02-24,Panamax,Mozambique,10.25,382.9,0.547
2025-02-25,Panamax,Mozambique,10.21,398.7,0.461
2025-02-26,Panamax,Mozambique,10.11,389.7,0.341
2025-02-27,Panamax,Mozambique,10.12,402.4,0.521
2025-02-28,Panamax,Mozambique,10.11,369.0,0.507
2025-03-01,Panamax,Mozambique,10.34,382.3,0.416
2025-03-02,Panamax,Mozambique,10.42,377.0,0.399
2025-03-03,Panamax,Mozambique,10.69,389.7,0.306
2025-03-04,Panamax,Mozambique,11.11,420.8,0.588
2025-03-05,Panamax,Mozambique,11.12,421.8,0.453
2025-03-06,Panamax,Mozambique,11.26,408.3,0.506
2025-03-07,Panamax,Mozambique,11.28,388.1,0.288
2025-03-08,Panamax,Mozambique,11.38,385.8,0.353
2025-03-09,Panamax,Mozambique,11.58,373.8,0.492
2025-03-10,Panamax,Mozambique,11.35,398.5,0.406
2025-03-11,Panamax,Mozambique,11.5,372.4,0.401
2025-03-12,Panamax,Mozambique,11.43,366.3,0.573
2025-03-13,Panamax,Mozambique,11.02,405.9,0.347
2025-03-14,Panamax,Mozambique,11.21,385.5,0.324
2025-03-15,Panamax,Mozambique,11.27,364.4,0.506
2025-03-16,Panamax,Mozambique,11.32,385.9,0.595
2025-03-17,Panamax,Mozambique,10.98,382.7,0.456
2025-03-18,Panamax,Mozambique,11.0,360.3,0.231
2025-03-19,Panamax,Mozambique,10.99,378.2,0.384
2025-03-20,Panamax,Mozambique,10.88,396.9,0.406
2025-03-21,Panamax,Mozambique,10.8,390.0,0.628
2025-03-22,Panamax,Mozambique,10.58,361.6,0.369
2025-03-23,Panamax,Mozambique,10.68,380.4,0.51
2025-03-24,Panamax,Mozambique,10.65,409.2,0.659
2025-03-25,Panamax,Mozambique,10.75,384.7,0.299
2025-03-26,Panamax,Mozambique,10.38,408.0,0.419
2025-03-27,Panamax,Mozambique,10.3,393.6,0.491
2025-03-28,Panamax,Mozambique,10.54,402.7,0.415
2025-03-29,Panamax,Mozambique,10.66,382.6,0.669
2025-03-30,Panamax,Mozambique,10.95,377.2,0.47
2025-03-31,Panamax,Mozambique,11.04,395.4,0.532
2025-04-01,Panamax,Mozambique,10.89,391.0,0.37
2025-04-02,Panamax,Mozambique,10.64,393.3,0.53
2025-04-03,Panamax,Mozambique,10.44,388.4,0.497
2025-04-04,Panamax,Mozambique,10.43,391.3,0.172
2025-04-05,Panamax,Mozambique,10.48,371.0,0.513
2025-04-06,Panamax,Mozambique,10.54,386.1,0.445
2025-04-07,Panamax,Mozambique,10.94,385.5,0.362
2025-04-08,Panamax,Mozambique,10.83,387.4,0.314
2025-04-09,Panamax,Mozambique,11.24,378.1,0.421
2025-04-10,Panamax,Mozambique,11.34,376.1,0.405
2025-04-11,Panamax,Mozambique,10.98,395.1,0.493
2025-04-12,Panamax,Mozambique,11.03,401.3,0.384
2025-04-13,Panamax,Mozambique,11.12,373.2,0.508
2025-04-14,Panamax,Mozambique,11.12,376.0,0.425
2025-04-15,Panamax,Mozambique,10.89,387.9,0.276
2025-04-16,Panamax,Mozambique,10.66,424.6,0.34
2025-04-17,Panamax,Mozambique,10.59,367.3,0.153
2025-04-18,Panamax,Mozambique,10.63,390.5,0.292
2025-04-19,Panamax,Mozambique,10.39,389.0,0.581
2025-04-20,Panamax,Mozambique,10.44,399.6,0.479
2025-04-21,Panamax,Mozambique,10.26,378.6,0.531
2025-04-22,Panamax,Mozambique,10.27,398.7,0.349
2025-04-23,Panamax,Mozambique,10.28,392.8,0.332
2025-04-24,Panamax,Mozambique,10.42,388.4,0.426
2025-04-25,Panamax,Mozambique,10.29,397.1,0.283
2025-04-26,Panamax,Mozambique,10.34,425.7,0.063
2025-04-27,Panamax,Mozambique,10.26,361.8,0.37
2025-04-28,Panamax,Mozambique,10.36,401.9,0.264
2025-04-29,Panamax,Mozambique,10.25,402.7,0.422
2025-04-30,Panamax,Mozambique,10.14,390.0,0.302
2025-05-01,Panamax,Mozambique,10.04,405.3,0.597
2025-05-02,Panamax,Mozambique,10.03,401.5,0.578
2025-05-03,Panamax,Mozambique,10.05,396.3,0.19
2025-05-04,Panamax,Mozambique,10.28,387.4,0.425
2025-05-05,Panamax,Mozambique,10.22,374.0,0.283
2025-05-06,Panamax,Mozambique,10.24,370.1,0.0
2025-05-07,Panamax,Mozambique,10.24,381.0,0.432
2025-05-08,Panamax,Mozambique,10.19,384.4,0.378
2025-05-09,Panamax,Mozambique,9.95,403.6,0.05
2025-05-10,Panamax,Mozambique,9.96,390.8,0.44
2025-05-11,Panamax,Mozambique,9.64,381.3,0.526
2025-05-12,Panamax,Mozambique,9.55,416.4,0.49
2025-05-13,Panamax,Mozambique,9.27,380.2,0.553
2025-05-14,Panamax,Mozambique,9.28,392.0,0.244
2025-05-15,Panamax,Mozambique,9.23,385.1,0.291
2025-05-16,Panamax,Mozambique,8.99,380.6,0.449
2025-05-17,Panamax,Mozambique,8.77,385.1,0.39
2025-05-18,Panamax,Mozambique,8.59,383.8,0.281
2025-05-19,Panamax,Mozambique,8.44,390.2,0.0
2025-05-20,Panamax,Mozambique,8.74,389.8,0.423
2025-05-21,Panamax,Mozambique,8.99,374.8,0.228
2025-05-22,Panamax,Mozambique,8.88,395.7,0.434
2025-05-23,Panamax,Mozambique,8.94,374.7,0.13
2025-05-24,Panamax,Mozambique,8.69,379.8,0.196
2025-05-25,Panamax,Mozambique,8.75,416.3,0.31
2025-05-26,Panamax,Mozambique,9.04,385.6,0.521
2025-05-27,Panamax,Mozambique,9.04,380.8,0.386
2025-05-28,Panamax,Mozambique,9.09,396.4,0.56
2025-05-29,Panamax,Mozambique,8.88,396.0,0.454
2025-05-30,Panamax,Mozambique,8.92,398.2,0.486
2025-05-31,Panamax,Mozambique,8.94,385.0,0.549
2025-06-01,Panamax,Mozambique,8.72,376.0,0.355
2025-06-02,Panamax,Mozambique,8.81,387.4,0.467
2025-06-03,Panamax,Mozambique,8.44,413.7,0.036
2025-06-04,Panamax,Mozambique,8.49,395.9,0.415
2025-06-05,Panamax,Mozambique,8.83,378.7,0.269
2025-06-06,Panamax,Mozambique,8.45,368.4,0.395
2025-06-07,Panamax,Mozambique,8.5,416.9,0.22
2025-06-08,Panamax,Mozambique,8.73,391.9,0.3
2025-06-09,Panamax,Mozambique,8.78,386.7,0.443
2025-06-10,Panamax,Mozambique,8.81,385.1,0.367
2025-06-11,Panamax,Mozambique,8.72,406.1,0.185
2025-06-12,Panamax,Mozambique,8.6,394.6,0.115
2025-06-13,Panamax,Mozambique,8.36,413.2,0.171
2025-06-14,Panamax,Mozambique,8.51,363.8,0.212
2025-06-15,Panamax,Mozambique,8.44,404.8,0.294
2025-06-16,Panamax,Mozambique,8.32,390.1,0.241
2025-06-17,Panamax,Mozambique,8.56,386.6,0.594
2025-06-18,Panamax,Mozambique,8.36,383.9,0.357
2025-06-19,Panamax,Mozambique,8.1,397.1,0.119
2025-06-20,Panamax,Mozambique,8.43,403.0,0.322
2025-06-21,Panamax,Mozambique,8.3,414.4,0.341
2025-06-22,Panamax,Mozambique,8.52,388.2,0.092
2025-06-23,Panamax,Mozambique,8.5,402.7,0.296
2025-06-24,Panamax,Mozambique,8.62,374.2,0.406
2025-06-25,Panamax,Mozambique,8.53,379.6,0.536
2025-06-26,Panamax,Mozambique,8.68,384.9,0.526
2025-06-27,Panamax,Mozambique,8.88,420.2,0.319
2025-06-28,Panamax,Mozambique,8.71,419.8,0.225
2025-06-29,Panamax,Mozambique,8.53,394.6,0.354
2025-06-30,Panamax,Mozambique,8.44,399.7,0.021
2025-07-01,Panamax,Mozambique,8.38,392.3,0.46
2025-07-02,Panamax,Mozambique,8.46,398.3,0.372
2025-07-03,Panamax,Mozambique,8.32,377.1,0.0
2025-07-04,Panamax,Mozambique,8.4,400.2,0.478
2025-07-05,Panamax,Mozambique,8.27,382.4,0.0
2025-07-06,Panamax,Mozambique,8.13,413.1,0.127
2025-07-07,Panamax,Mozambique,7.99,374.2,0.102
2025-07-08,Panamax,Mozambique,7.8,406.4,0.612
2025-07-09,Panamax,Mozambique,7.72,400.0,0.3
2025-07-10,Panamax,Mozambique,7.48,402.8,0.154
2025-07-11,Panamax,Mozambique,7.37,382.6,0.151
2025-07-12,Panamax,Mozambique,7.59,401.9,0.179
2025-07-13,Panamax,Mozambique,7.65,419.1,0.299
2025-07-14,Panamax,Mozambique,7.62,367.6,0.363
2025-07-15,Panamax,Mozambique,7.67,403.6,0.299
2025-07-16,Panamax,Mozambique,7.63,418.1,0.622
2025-07-17,Panamax,Mozambique,7.4,406.9,0.109
2025-07-18,Panamax,Mozambique,7.27,389.1,0.205
2025-07-19,Panamax,Mozambique,7.4,377.9,0.344
2025-07-20,Panamax,Mozambique,7.32,386.3,0.502
2025-07-21,Panamax,Mozambique,7.1,371.0,0.187
2025-07-22,Panamax,Mozambique,7.23,416.3,0.431
2025-07-23,Panamax,Mozambique,7.46,424.3,0.309
2025-07-24,Panamax,Mozambique,7.56,387.1,0.243
2025-07-25,Panamax,Mozambique,7.7,380.4,0.282
2025-07-26,Panamax,Mozambique,8.01,371.6,0.264
2025-07-27,Panamax,Mozambique,8.34,389.9,0.19
2025-07-28,Panamax,Mozambique,8.53,436.4,0.24
2025-07-29,Panamax,Mozambique,8.58,396.4,0.474
2025-07-30,Panamax,Mozambique,8.57,402.2,0.409
2025-07-31,Panamax,Mozambique,8.53,403.3,0.13
2025-08-01,Panamax,Mozambique,8.35,384.2,0.269
2025-08-02,Panamax,Mozambique,8.58,397.5,0.073
2025-08-03,Panamax,Mozambique,8.45,397.9,0.195
2025-08-04,Panamax,Mozambique,8.82,418.0,0.289
2025-08-05,Panamax,Mozambique,8.47,404.6,0.285
2025-08-06,Panamax,Mozambique,8.02,398.5,0.126
2025-08-07,Panamax,Mozambique,7.82,375.5,0.484
2025-08-08,Panamax,Mozambique,7.96,400.1,0.11
2025-08-09,Panamax,Mozambique,8.2,390.0,0.264
2025-08-10,Panamax,Mozambique,8.05,378.1,0.477
2025-08-11,Panamax,Mozambique,8.01,418.7,0.071
2025-08-12,Panamax,Mozambique,7.87,408.0,0.052
2025-08-13,Panamax,Mozambique,7.93,372.1,0.096
2025-08-14,Panamax,Mozambique,7.77,392.4,0.358
2025-08-15,Panamax,Mozambique,7.77,418.1,0.522
2025-08-16,Panamax,Mozambique,8.01,408.1,0.428
2025-08-17,Panamax,Mozambique,8.23,392.2,0.264
2025-08-18,Panamax,Mozambique,8.34,409.9,0.026
2025-08-19,Panamax,Mozambique,8.0,379.0,0.218
2025-08-20,Panamax,Mozambique,8.04,407.0,0.366
2025-08-21,Panamax,Mozambique,7.53,363.8,0.421
2025-08-22,Panamax,Mozambique,7.51,411.3,0.297
2025-08-23,Panamax,Mozambique,7.28,405.2,0.46
2025-08-24,Panamax,Mozambique,7.08,418.3,0.465
2025-08-25,Panamax,Mozambique,6.97,369.8,0.376
2025-08-26,Panamax,Mozambique,6.6,416.3,0.117
2025-08-27,Panamax,Mozambique,6.5,371.4,0.596
2025-08-28,Panamax,Mozambique,6.77,395.1,0.337
2025-08-29,Panamax,Mozambique,6.66,399.1,0.187
2025-08-30,Panamax,Mozambique,6.26,418.0,0.146
2025-08-31,Panamax,Mozambique,6.36,413.4,0.0
2025-09-01,Panamax,Mozambique,6.16,425.5,0.022
2025-09-02,Panamax,Mozambique,6.25,404.9,0.321
2025-09-03,Panamax,Mozambique,5.99,413.9,0.169
2025-09-04,Panamax,Mozambique,6.22,407.8,0.098
2025-09-05,Panamax,Mozambique,6.02,388.4,0.484
2025-09-06,Panamax,Mozambique,6.25,390.6,0.369
2025-09-07,Panamax,Mozambique,6.36,400.3,0.0
2025-09-08,Panamax,Mozambique,6.31,397.6,0.376
2025-09-09,Panamax,Mozambique,6.46,424.6,0.282
2025-09-10,Panamax,Mozambique,6.77,422.5,0.238
2025-09-11,Panamax,Mozambique,6.93,409.8,0.0
2025-09-12,Panamax,Mozambique,7.17,401.0,0.308
2025-09-13,Panamax,Mozambique,7.02,365.1,0.143
2025-09-14,Panamax,Mozambique,7.02,417.0,0.586
2025-09-15,Panamax,Mozambique,7.23,419.8,0.27
2025-09-16,Panamax,Mozambique,7.31,433.0,0.376
2025-09-17,Panamax,Mozambique,7.34,370.4,0.181
2025-09-18,Panamax,Mozambique,7.19,401.7,0.31
2025-09-19,Panamax,Mozambique,6.89,396.2,0.308
2025-09-20,Panamax,Mozambique,7.01,398.7,0.164
2025-09-21,Panamax,Mozambique,6.95,373.0,0.209
2025-09-22,Panamax,Mozambique,6.69,395.1,0.117
2025-09-23,Panamax,Mozambique,7.12,397.0,0.174
2025-09-24,Panamax,Mozambique,7.18,410.6,0.0
2025-09-25,Panamax,Mozambique,7.07,420.4,0.236
2025-09-26,Panamax,Mozambique,7.17,429.5,0.366
2025-09-27,Panamax,Mozambique,6.98,403.8,0.143
2025-09-28,Panamax,Mozambique,7.01,404.2,0.61
2025-09-29,Panamax,Mozambique,7.22,400.8,0.309
2025-09-30,Panamax,Mozambique,7.0,425.4,0.102
2025-10-01,Panamax,Mozambique,6.78,409.8,0.383
2025-10-02,Panamax,Mozambique,6.71,411.4,0.357
2025-10-03,Panamax,Mozambique,6.49,401.8,0.108
2025-10-04,Panamax,Mozambique,6.49,413.2,0.293
2025-10-05,Panamax,Mozambique,6.75,419.0,0.272
2025-10-06,Panamax,Mozambique,7.02,428.6,0.189
2025-10-07,Panamax,Mozambique,6.95,400.0,0.257
2025-10-08,Panamax,Mozambique,6.77,408.8,0.213
2025-10-09,Panamax,Mozambique,6.53,420.4,0.282
2025-10-10,Panamax,Mozambique,6.36,420.1,0.373
2025-10-11,Panamax,Mozambique,6.42,433.8,0.145
2025-10-12,Panamax,Mozambique,6.55,404.1,0.433
2025-10-13,Panamax,Mozambique,6.85,434.2,0.178
2025-10-14,Panamax,Mozambique,6.75,406.2,0.49
2025-10-15,Panamax,Mozambique,7.08,417.9,0.19
2025-10-16,Panamax,Mozambique,7.18,387.5,0.376
2025-10-17,Panamax,Mozambique,6.96,408.6,0.193
2025-10-18,Panamax,Mozambique,6.86,418.3,0.129
2025-10-19,Panamax,Mozambique,6.98,409.4,0.259
2025-10-20,Panamax,Mozambique,7.01,400.7,0.499
2025-10-21,Panamax,Mozambique,7.1,409.6,0.306
2025-10-22,Panamax,Mozambique,7.16,393.9,0.047
2025-10-23,Panamax,Mozambique,7.14,431.7,0.284
2025-10-24,Panamax,Mozambique,7.04,421.2,0.418
2025-10-25,Panamax,Mozambique,7.0,389.7,0.068
2025-10-26,Panamax,Mozambique,7.15,429.1,0.38
2025-10-27,Panamax,Mozambique,7.08,382.9,0.18
2025-10-28,Panamax,Mozambique,7.55,423.0,0.321
2025-10-29,Panamax,Mozambique,7.37,428.4,0.052
2025-10-30,Panamax,Mozambique,7.6,449.1,0.213
2025-10-31,Panamax,Mozambique,7.67,427.8,0.438
2025-11-01,Panamax,Mozambique,8.02,436.0,0.389
2025-11-02,Panamax,Mozambique,8.11,438.4,0.404
2025-11-03,Panamax,Mozambique,7.81,413.7,0.027
2025-11-04,Panamax,Mozambique,7.95,413.2,0.293
2025-11-05,Panamax,Mozambique,7.84,447.2,0.329
2025-11-06,Panamax,Mozambique,8.0,411.3,0.171
2025-11-07,Panamax,Mozambique,7.81,419.8,0.305
2025-11-08,Panamax,Mozambique,7.84,415.0,0.166
2025-11-09,Panamax,Mozambique,8.09,407.0,0.432
2025-11-10,Panamax,Mozambique,8.08,438.3,0.06
2025-11-11,Panamax,Mozambique,8.16,450.4,0.469
2025-11-12,Panamax,Mozambique,8.22,440.0,0.334
2025-11-13,Panamax,Mozambique,8.07,433.0,0.477
2025-11-14,Panamax,Mozambique,8.12,434.3,0.214
2025-11-15,Panamax,Mozambique,7.98,444.8,0.261
2025-11-16,Panamax,Mozambique,8.04,404.5,0.139
2025-11-17,Panamax,Mozambique,8.36,421.9,0.0
2025-11-18,Panamax,Mozambique,8.47,423.3,0.383
2025-11-19,Panamax,Mozambique,8.58,418.9,0.297
2025-11-20,Panamax,Mozambique,8.46,428.0,0.279
2025-11-21,Panamax,Mozambique,8.29,437.6,0.303
2025-11-22,Panamax,Mozambique,8.05,441.0,0.351
2025-11-23,Panamax,Mozambique,8.24,403.7,0.291
2025-11-24,Panamax,Mozambique,8.34,429.6,0.305
2025-11-25,Panamax,Mozambique,8.22,438.0,0.2
2025-11-26,Panamax,Mozambique,8.44,421.4,0.092
2025-11-27,Panamax,Mozambique,8.6,442.6,0.213
2025-11-28,Panamax,Mozambique,8.49,422.9,0.226
2025-11-29,Panamax,Mozambique,8.71,420.8,0.046
2025-11-30,Panamax,Mozambique,9.04,436.3,0.0
2025-12-01,Panamax,Mozambique,9.12,421.7,0.173
2025-12-02,Panamax,Mozambique,9.31,428.8,0.269
2025-12-03,Panamax,Mozambique,9.09,415.1,0.165
2025-12-04,Panamax,Mozambique,9.1,436.5,0.573
2025-12-05,Panamax,Mozambique,9.22,449.3,0.661
2025-12-06,Panamax,Mozambique,9.66,457.4,0.487
2025-12-07,Panamax,Mozambique,9.37,430.6,0.266
2025-12-08,Panamax,Mozambique,9.32,430.2,0.256
2025-12-09,Panamax,Mozambique,8.98,433.6,0.39
2025-12-10,Panamax,Mozambique,9.24,433.6,0.422
2025-12-11,Panamax,Mozambique,9.2,457.7,0.554
2025-12-12,Panamax,Mozambique,9.17,448.5,0.4
2025-12-13,Panamax,Mozambique,9.28,396.0,0.321
2025-12-14,Panamax,Mozambique,9.47,443.2,0.701
2025-12-15,Panamax,Mozambique,9.26,442.5,0.564
2025-12-16,Panamax,Mozambique,9.0,431.6,0.529
2025-12-17,Panamax,Mozambique,9.02,424.9,0.36
2025-12-18,Panamax,Mozambique,8.95,457.3,0.376
2025-12-19,Panamax,Mozambique,9.2,422.9,0.241
2025-12-20,Panamax,Mozambique,8.81,421.0,0.218
2025-12-21,Panamax,Mozambique,8.82,444.5,0.438
2025-12-22,Panamax,Mozambique,9.01,431.3,0.254
2025-12-23,Panamax,Mozambique,8.83,425.5,0.347
2025-12-24,Panamax,Mozambique,8.77,437.7,0.391
2025-12-25,Panamax,Mozambique,8.68,422.9,0.062
2025-12-26,Panamax,Mozambique,8.91,439.2,0.623
2025-12-27,Panamax,Mozambique,8.7,451.7,0.288
2025-12-28,Panamax,Mozambique,8.71,412.0,0.376
2025-12-29,Panamax,Mozambique,8.73,447.3,0.327
2025-12-30,Panamax,Mozambique,9.17,435.2,0.489
2023-01-01,Panamax,Russia,9.37,471.3,0.187
2023-01-02,Panamax,Russia,9.6,457.9,0.417
2023-01-03,Panamax,Russia,9.54,461.2,0.553
2023-01-04,Panamax,Russia,9.08,451.8,0.445
2023-01-05,Panamax,Russia,9.53,437.8,0.115
2023-01-06,Panamax,Russia,9.22,423.4,0.384
2023-01-07,Panamax,Russia,9.34,449.9,0.624
2023-01-08,Panamax,Russia,9.48,462.5,0.346
2023-01-09,Panamax,Russia,9.65,467.4,0.375
2023-01-10,Panamax,Russia,9.5,441.5,0.434
2023-01-11,Panamax,Russia,9.74,467.9,0.184
2023-01-12,Panamax,Russia,10.0,445.8,0.644
2023-01-13,Panamax,Russia,10.31,456.9,0.462
2023-01-14,Panamax,Russia,10.59,464.0,0.233
2023-01-15,Panamax,Russia,10.73,447.7,0.427
2023-01-16,Panamax,Russia,10.82,461.1,0.327
2023-01-17,Panamax,Russia,10.45,465.0,0.301
2023-01-18,Panamax,Russia,10.46,457.7,0.388
2023-01-19,Panamax,Russia,10.42,449.1,0.691
2023-01-20,Panamax,Russia,10.37,447.8,0.532
2023-01-21,Panamax,Russia,10.36,452.4,0.5
2023-01-22,Panamax,Russia,10.37,472.6,0.665
2023-01-23,Panamax,Russia,10.74,482.5,0.551
2023-01-24,Panamax,Russia,10.6,464.6,0.588
2023-01-25,Panamax,Russia,10.51,461.3,0.537
2023-01-26,Panamax,Russia,10.61,467.7,0.65
2023-01-27,Panamax,Russia,10.8,478.1,0.308
2023-01-28,Panamax,Russia,10.91,464.8,0.339
2023-01-29,Panamax,Russia,10.68,423.5,0.146
2023-01-30,Panamax,Russia,10.89,446.4,0.372
2023-01-31,Panamax,Russia,11.14,454.5,0.372
2023-02-01,Panamax,Russia,11.33,442.4,0.393
2023-02-02,Panamax,Russia,11.17,450.7,0.168
2023-02-03,Panamax,Russia,11.27,467.7,0.379
2023-02-04,Panamax,Russia,11.04,448.7,0.455
2023-02-05,Panamax,Russia,10.95,440.1,0.647
2023-02-06,Panamax,Russia,10.75,471.4,0.254
2023-02-07,Panamax,Russia,10.7,455.3,0.369
2023-02-08,Panamax,Russia,10.59,487.0,0.277
2023-02-09,Panamax,Russia,10.82,495.5,0.213
2023-02-10,Panamax,Russia,10.73,469.0,0.248
2023-02-11,Panamax,Russia,10.89,472.2,0.309
2023-02-12,Panamax,Russia,10.76,481.1,0.459
2023-02-13,Panamax,Russia,11.02,468.7,0.067
2023-02-14,Panamax,Russia,11.02,482.7,0.528
2023-02-15,Panamax,Russia,11.0,481.0,0.46
2023-02-16,Panamax,Russia,10.95,466.1,0.24
2023-02-17,Panamax,Russia,10.91,461.1,0.181
2023-02-18,Panamax,Russia,11.01,478.7,0.461
2023-02-19,Panamax,Russia,10.85,448.5,0.376
2023-02-20,Panamax,Russia,10.5,461.8,0.518
2023-02-21,Panamax,Russia,10.39,506.4,0.56
2023-02-22,Panamax,Russia,10.45,455.3,0.273
2023-02-23,Panamax,Russia,10.51,459.5,0.896
2023-02-24,Panamax,Russia,10.8,462.7,0.653
2023-02-25,Panamax,Russia,10.94,459.5,0.557
2023-02-26,Panamax,Russia,10.9,473.2,0.332
2023-02-27,Panamax,Russia,11.15,464.1,0.329
2023-02-28,Panamax,Russia,11.1,467.8,0.636
2023-03-01,Panamax,Russia,11.09,454.0,0.16
2023-03-02,Panamax,Russia,11.49,475.7,0.502
2023-03-03,Panamax,Russia,11.49,482.6,0.649
2023-03-04,Panamax,Russia,11.3,451.9,0.538
2023-03-05,Panamax,Russia,11.11,450.2,0.497
2023-03-06,Panamax,Russia,11.29,478.9,0.661
2023-03-07,Panamax,Russia,11.15,445.5,0.541
2023-03-08,Panamax,Russia,11.08,479.7,0.616
2023-03-09,Panamax,Russia,11.02,460.8,0.651
2023-03-10,Panamax,Russia,11.08,459.3,0.495
2023-03-11,Panamax,Russia,10.9,474.3,0.581
2023-03-12,Panamax,Russia,11.0,480.6,0.726
2023-03-13,Panamax,Russia,11.33,458.5,0.549
2023-03-14,Panamax,Russia,11.17,468.6,0.399
2023-03-15,Panamax,Russia,11.62,482.7,0.313
2023-03-16,Panamax,Russia,11.71,475.5,0.293
2023-03-17,Panamax,Russia,11.63,478.5,0.331
2023-03-18,Panamax,Russia,11.61,494.4,0.552
2023-03-19,Panamax,Russia,11.56,435.7,0.44
2023-03-20,Panamax,Russia,11.66,473.0,0.409
2023-03-21,Panamax,Russia,11.4,484.4,0.622
2023-03-22,Panamax,Russia,11.28,465.2,0.405
2023-03-23,Panamax,Russia,11.29,479.8,0.372
2023-03-24,Panamax,Russia,11.28,477.0,0.062
2023-03-25,Panamax,Russia,11.36,471.9,0.624
2023-03-26,Panamax,Russia,11.53,520.0,0.511
2023-03-27,Panamax,Russia,11.38,488.2,0.475
2023-03-28,Panamax,Russia,11.25,475.7,0.596
2023-03-29,Panamax,Russia,10.98,502.6,0.544
2023-03-30,Panamax,Russia,10.81,480.4,0.635
2023-03-31,Panamax,Russia,10.66,464.6,0.68
2023-04-01,Panamax,Russia,10.61,481.6,0.508
2023-04-02,Panamax,Russia,10.62,466.9,0.596
2023-04-03,Panamax,Russia,10.64,479.8,0.386
2023-04-04,Panamax,Russia,10.44,475.1,0.447
2023-04-05,Panamax,Russia,10.0,458.5,0.588
2023-04-06,Panamax,Russia,9.69,494.2,0.472
2023-04-07,Panamax,Russia,9.66,464.5,0.674
2023-04-08,Panamax,Russia,10.02,480.2,0.415
2023-04-09,Panamax,Russia,10.1,473.4,0.536
2023-04-10,Panamax,Russia,9.66,480.1,0.449
2023-04-11,Panamax,Russia,9.7,474.0,0.538
2023-04-12,Panamax,Russia,9.77,483.4,0.562
2023-04-13,Panamax,Russia,9.73,487.8,0.739
2023-04-14,Panamax,Russia,9.9,478.8,0.374
2023-04-15,Panamax,Russia,9.72,486.4,0.391
2023-04-16,Panamax,Russia,9.6,466.6,0.654
2023-04-17,Panamax,Russia,9.54,503.5,0.33
2023-04-18,Panamax,Russia,9.89,474.6,0.329
2023-04-19,Panamax,Russia,9.82,463.6,0.609
2023-04-20,Panamax,Russia,9.96,478.7,0.499
2023-04-21,Panamax,Russia,10.03,488.0,0.603
2023-04-22,Panamax,Russia,9.98,495.2,0.415
2023-04-23,Panamax,Russia,9.99,479.6,0.636
2023-04-24,Panamax,Russia,10.23,482.2,0.544
2023-04-25,Panamax,Russia,10.1,473.2,0.442
2023-04-26,Panamax,Russia,10.22,467.8,0.334
2023-04-27,Panamax,Russia,10.11,479.3,0.671
2023-04-28,Panamax,Russia,10.32,488.2,0.364
2023-04-29,Panamax,Russia,10.27,496.9,0.648
2023-04-30,Panamax,Russia,10.08,481.2,0.599
2023-05-01,Panamax,Russia,10.04,487.5,0.341
2023-05-02,Panamax,Russia,10.1,472.0,0.432
2023-05-03,Panamax,Russia,10.41,514.6,0.619
2023-05-04,Panamax,Russia,10.54,483.0,0.535
2023-05-05,Panamax,Russia,10.5,492.3,0.447
2023-05-06,Panamax,Russia,10.47,500.7,0.732
2023-05-07,Panamax,Russia,10.31,495.0,0.86
2023-05-08,Panamax,Russia,10.46,464.0,0.425
2023-05-09,Panamax,Russia,10.19,505.0,0.83
2023-05-10,Panamax,Russia,10.51,465.6,0.543
2023-05-11,Panamax,Russia,10.31,485.3,0.542
2023-05-12,Panamax,Russia,10.07,487.6,0.623
2023-05-13,Panamax,Russia,9.91,505.2,0.377
2023-05-14,Panamax,Russia,9.97,499.3,0.097
2023-05-15,Panamax,Russia,10.05,515.5,0.528
2023-05-16,Panamax,Russia,9.85,468.9,0.47
2023-05-17,Panamax,Russia,9.77,487.6,0.704
2023-05-18,Panamax,Russia,9.84,504.8,0.247
2023-05-19,Panamax,Russia,9.85,476.9,0.188
2023-05-20,Panamax,Russia,9.69,490.4,0.36
2023-05-21,Panamax,Russia,10.02,502.7,0.439
2023-05-22,Panamax,Russia,9.96,503.3,0.717
2023-05-23,Panamax,Russia,9.89,501.1,0.555
2023-05-24,Panamax,Russia,10.04,476.0,0.333
2023-05-25,Panamax,Russia,10.05,496.6,0.539
2023-05-26,Panamax,Russia,9.66,488.3,0.527
2023-05-27,Panamax,Russia,9.77,475.4,0.538
2023-05-28,Panamax,Russia,9.9,516.5,0.55
2023-05-29,Panamax,Russia,9.84,476.0,0.931
2023-05-30,Panamax,Russia,9.69,495.2,0.611
2023-05-31,Panamax,Russia,9.77,495.1,0.606
2023-06-01,Panamax,Russia,9.3,482.0,0.573
2023-06-02,Panamax,Russia,9.04,495.2,0.355
2023-06-03,Panamax,Russia,8.76,495.8,0.665
2023-06-04,Panamax,Russia,8.85,484.4,0.605
2023-06-05,Panamax,Russia,8.84,490.4,0.591
2023-06-06,Panamax,Russia,9.13,491.1,0.598
2023-06-07,Panamax,Russia,9.25,499.1,0.624
2023-06-08,Panamax,Russia,9.1,525.2,0.682
2023-06-09,Panamax,Russia,9.33,480.4,0.527
2023-06-10,Panamax,Russia,9.29,489.7,0.467
2023-06-11,Panamax,Russia,9.1,492.0,0.597
2023-06-12,Panamax,Russia,9.39,475.1,0.597
2023-06-13,Panamax,Russia,9.47,497.0,0.483
2023-06-14,Panamax,Russia,9.16,483.4,0.505
2023-06-15,Panamax,Russia,9.04,509.4,0.795
2023-06-16,Panamax,Russia,8.98,504.4,0.386
2023-06-17,Panamax,Russia,9.2,498.8,0.601
2023-06-18,Panamax,Russia,9.34,496.0,0.309
2023-06-19,Panamax,Russia,9.25,520.1,0.835
2023-06-20,Panamax,Russia,9.34,510.1,0.645
2023-06-21,Panamax,Russia,9.27,496.6,0.623
2023-06-22,Panamax,Russia,9.19,495.3,0.302
2023-06-23,Panamax,Russia,8.96,501.9,0.584
2023-06-24,Panamax,Russia,8.95,478.7,0.532
2023-06-25,Panamax,Russia,9.11,501.9,0.537
2023-06-26,Panamax,Russia,9.24,502.7,0.798
2023-06-27,Panamax,Russia,9.37,516.8,0.5
2023-06-28,Panamax,Russia,9.49,476.7,0.58
2023-06-29,Panamax,Russia,9.69,482.4,0.305
2023-06-30,Panamax,Russia,9.85,495.9,0.748
2023-07-01,Panamax,Russia,9.34,487.9,0.881
2023-07-02,Panamax,Russia,9.38,499.7,0.588
2023-07-03,Panamax,Russia,9.58,507.2,0.172
2023-07-04,Panamax,Russia,9.89,487.0,0.514
2023-07-05,Panamax,Russia,9.72,509.7,0.409
2023-07-06,Panamax,Russia,9.53,518.8,0.638
2023-07-07,Panamax,Russia,9.54,475.1,0.719
2023-07-08,Panamax,Russia,9.71,504.6,0.563
2023-07-09,Panamax,Russia,9.33,507.9,0.612
2023-07-10,Panamax,Russia,8.9,538.4,0.79
2023-07-11,Panamax,Russia,9.25,498.4,0.876
2023-07-12,Panamax,Russia,9.27,504.8,0.539
2023-07-13,Panamax,Russia,8.87,491.6,0.586
2023-07-14,Panamax,Russia,8.91,505.3,0.462
2023-07-15,Panamax,Russia,9.12,493.1,0.241
2023-07-16,Panamax,Russia,9.24,499.2,0.559
2023-07-17,Panamax,Russia,9.01,523.6,0.293
2023-07-18,Panamax,Russia,8.86,496.5,0.359
2023-07-19,Panamax,Russia,8.45,495.8,0.587
2023-07-20,Panamax,Russia,8.52,478.1,0.424
2023-07-21,Panamax,Russia,8.47,484.0,0.684
2023-07-22,Panamax,Russia,8.74,505.1,0.458
2023-07-23,Panamax,Russia,8.86,491.1,0.352
2023-07-24,Panamax,Russia,8.82,493.2,0.582
2023-07-25,Panamax,Russia,9.13,493.0,0.286
2023-07-26,Panamax,Russia,8.83,545.6,0.726
2023-07-27,Panamax,Russia,9.07,491.1,0.367
2023-07-28,Panamax,Russia,9.59,524.1,0.433
2023-07-29,Panamax,Russia,9.53,528.1,0.483
2023-07-30,Panamax,Russia,9.57,524.6,0.544
2023-07-31,Panamax,Russia,9.16,508.8,0.33
2023-08-01,Panamax,Russia,9.28,492.0,0.732
2023-08-02,Panamax,Russia,8.73,514.1,0.508
2023-08-03,Panamax,Russia,8.51,486.4,0.459
2023-08-04,Panamax,Russia,8.55,525.2,0.453
2023-08-05,Panamax,Russia,9.27,525.0,0.421
2023-08-06,Panamax,Russia,9.7,527.2,0.705
2023-08-07,Panamax,Russia,10.15,500.0,0.543
2023-08-08,Panamax,Russia,9.6,504.3,0.352
2023-08-09,Panamax,Russia,9.53,513.7,0.487
2023-08-10,Panamax,Russia,9.62,511.5,0.424
2023-08-11,Panamax,Russia,9.17,517.1,0.532
2023-08-12,Panamax,Russia,9.0,524.2,0.704
2023-08-13,Panamax,Russia,9.12,526.8,0.545
2023-08-14,Panamax,Russia,9.08,497.9,0.494
2023-08-15,Panamax,Russia,9.29,505.7,0.534
2023-08-16,Panamax,Russia,9.56,513.6,0.54
2023-08-17,Panamax,Russia,9.77,510.2,0.465
2023-08-18,Panamax,Russia,9.68,511.4,0.61
2023-08-19,Panamax,Russia,9.81,503.0,0.357
2023-08-20,Panamax,Russia,10.12,523.1,0.608
2023-08-21,Panamax,Russia,9.73,506.4,0.417
2023-08-22,Panamax,Russia,9.71,503.5,0.431
2023-08-23,Panamax,Russia,10.0,509.3,0.299
2023-08-24,Panamax,Russia,10.24,518.3,0.382
2023-08-25,Panamax,Russia,10.29,507.7,0.541
2023-08-26,Panamax,Russia,10.17,509.6,0.998
2023-08-27,Panamax,Russia,9.98,507.6,0.366
2023-08-28,Panamax,Russia,9.54,497.1,0.348
2023-08-29,Panamax,Russia,9.21,510.5,0.434
2023-08-30,Panamax,Russia,9.37,504.3,0.36
2023-08-31,Panamax,Russia,9.42,514.7,0.452
2023-09-01,Panamax,Russia,9.85,478.9,0.668
2023-09-02,Panamax,Russia,9.56,507.0,0.362
2023-09-03,Panamax,Russia,9.37,540.7,0.595
2023-09-04,Panamax,Russia,9.68,509.5,0.363
2023-09-05,Panamax,Russia,9.8,512.3,0.658
2023-09-06,Panamax,Russia,9.66,495.1,0.319
2023-09-07,Panamax,Russia,9.41,482.8,0.212
2023-09-08,Panamax,Russia,9.64,512.6,0.178
2023-09-09,Panamax,Russia,9.72,513.9,0.28
2023-09-10,Panamax,Russia,9.94,482.6,0.533
2023-09-11,Panamax,Russia,10.07,507.6,0.709
2023-09-12,Panamax,Russia,10.1,505.8,0.462
2023-09-13,Panamax,Russia,10.03,521.8,0.65
2023-09-14,Panamax,Russia,9.94,509.7,0.683
2023-09-15,Panamax,Russia,9.54,523.8,0.554
2023-09-16,Panamax,Russia,10.01,531.0,0.523
2023-09-17,Panamax,Russia,10.62,497.7,0.308
2023-09-18,Panamax,Russia,10.62,509.4,0.311
2023-09-19,Panamax,Russia,10.42,506.5,0.528
2023-09-20,Panamax,Russia,10.49,501.4,0.49
2023-09-21,Panamax,Russia,10.57,507.7,0.389
2023-09-22,Panamax,Russia,10.7,504.8,0.477
2023-09-23,Panamax,Russia,10.35,523.0,0.524
2023-09-24,Panamax,Russia,10.5,503.5,0.595
2023-09-25,Panamax,Russia,10.83,494.8,0.35
2023-09-26,Panamax,Russia,10.65,499.8,0.183
2023-09-27,Panamax,Russia,10.64,499.7,0.322
2023-09-28,Panamax,Russia,9.9,520.7,0.223
2023-09-29,Panamax,Russia,9.67,522.0,0.301
2023-09-30,Panamax,Russia,9.74,509.8,0.36
2023-10-01,Panamax,Russia,9.59,511.1,0.268
2023-10-02,Panamax,Russia,9.62,510.7,0.083
2023-10-03,Panamax,Russia,9.76,509.3,0.546
2023-10-04,Panamax,Russia,9.48,519.1,0.288
2023-10-05,Panamax,Russia,9.52,482.2,0.584
2023-10-06,Panamax,Russia,9.6,532.8,0.437
2023-10-07,Panamax,Russia,9.04,502.6,0.554
2023-10-08,Panamax,Russia,9.03,507.9,0.36
2023-10-09,Panamax,Russia,9.16,513.2,0.552
2023-10-10,Panamax,Russia,8.82,514.5,0.375
2023-10-11,Panamax,Russia,8.93,502.3,0.392
2023-10-12,Panamax,Russia,8.56,521.7,0.227
2023-10-13,Panamax,Russia,8.77,523.6,0.757
2023-10-14,Panamax,Russia,8.38,508.4,0.39
2023-10-15,Panamax,Russia,8.35,517.2,0.213
2023-10-16,Panamax,Russia,8.45,521.3,0.505
2023-10-17,Panamax,Russia,8.69,496.7,0.144
2023-10-18,Panamax,Russia,8.81,518.5,0.218
2023-10-19,Panamax,Russia,8.85,498.9,0.364
2023-10-20,Panamax,Russia,8.85,515.3,0.139
2023-10-21,Panamax,Russia,8.42,509.8,0.141
2023-10-22,Panamax,Russia,8.25,514.0,0.225
2023-10-23,Panamax,Russia,8.22,515.5,0.62
2023-10-24,Panamax,Russia,7.87,486.8,0.259
2023-10-25,Panamax,Russia,7.76,506.0,0.525
2023-10-26,Panamax,Russia,7.31,517.6,0.485
2023-10-27,Panamax,Russia,7.13,526.7,0.442
2023-10-28,Panamax,Russia,7.08,496.3,0.501
2023-10-29,Panamax,Russia,6.82,503.0,0.266
2023-10-30,Panamax,Russia,7.04,511.7,0.312
2023-10-31,Panamax,Russia,7.36,509.0,0.43
2023-11-01,Panamax,Russia,7.56,532.3,0.195
2023-11-02,Panamax,Russia,7.35,524.7,0.586
2023-11-03,Panamax,Russia,7.23,519.9,0.502
2023-11-04,Panamax,Russia,7.53,507.4,0.482
2023-11-05,Panamax,Russia,7.99,491.0,0.213
2023-11-06,Panamax,Russia,8.12,509.6,0.345
2023-11-07,Panamax,Russia,8.37,505.4,0.351
2023-11-08,Panamax,Russia,8.59,510.5,0.319
2023-11-09,Panamax,Russia,8.62,507.5,0.441
2023-11-10,Panamax,Russia,8.35,515.8,0.145
2023-11-11,Panamax,Russia,7.98,526.6,0.326
2023-11-12,Panamax,Russia,8.06,543.5,0.38
2023-11-13,Panamax,Russia,8.77,519.5,0.348
2023-11-14,Panamax,Russia,8.62,517.0,0.157
2023-11-15,Panamax,Russia,8.62,514.3,0.202
2023-11-16,Panamax,Russia,8.14,522.0,0.343
2023-11-17,Panamax,Russia,8.42,503.2,0.344
2023-11-18,Panamax,Russia,8.83,520.8,0.354
2023-11-19,Panamax,Russia,8.55,507.5,0.491
2023-11-20,Panamax,Russia,8.08,480.8,0.167
2023-11-21,Panamax,Russia,8.14,520.3,0.091
2023-11-22,Panamax,Russia,8.17,505.8,0.273
2023-11-23,Panamax,Russia,8.4,508.5,0.478
2023-11-24,Panamax,Russia,8.69,528.3,0.693
2023-11-25,Panamax,Russia,8.86,511.5,0.392
2023-11-26,Panamax,Russia,8.77,478.0,0.555
2023-11-27,Panamax,Russia,8.76,484.5,0.541
2023-11-28,Panamax,Russia,8.82,517.2,0.315
2023-11-29,Panamax,Russia,8.7,512.1,0.867
2023-11-30,Panamax,Russia,8.89,480.5,0.418
2023-12-01,Panamax,Russia,9.05,508.3,0.512
2023-12-02,Panamax,Russia,9.23,505.6,0.214
2023-12-03,Panamax,Russia,9.23,509.9,0.382
2023-12-04,Panamax,Russia,9.04,513.0,0.419
2023-12-05,Panamax,Russia,9.14,481.7,0.188
2023-12-06,Panamax,Russia,9.22,550.1,0.337
2023-12-07,Panamax,Russia,9.05,520.2,0.181
2023-12-08,Panamax,Russia,9.3,470.7,0.26
2023-12-09,Panamax,Russia,9.49,517.5,0.392
2023-12-10,Panamax,Russia,9.51,516.5,0.497
2023-12-11,Panamax,Russia,9.51,531.5,0.34
2023-12-12,Panamax,Russia,9.65,532.8,0.218
2023-12-13,Panamax,Russia,9.7,533.6,0.277
2023-12-14,Panamax,Russia,9.8,520.9,0.274
2023-12-15,Panamax,Russia,9.83,501.7,0.412
2023-12-16,Panamax,Russia,9.84,499.1,0.378
2023-12-17,Panamax,Russia,10.07,504.1,0.528
2023-12-18,Panamax,Russia,9.95,485.5,0.525
2023-12-19,Panamax,Russia,10.11,512.8,0.462
2023-12-20,Panamax,Russia,10.17,484.9,0.361
2023-12-21,Panamax,Russia,10.19,514.6,0.294
2023-12-22,Panamax,Russia,10.55,487.9,0.153
2023-12-23,Panamax,Russia,10.35,517.4,0.352
2023-12-24,Panamax,Russia,10.06,491.2,0.177
2023-12-25,Panamax,Russia,10.2,487.0,0.085
2023-12-26,Panamax,Russia,10.37,545.0,0.479
2023-12-27,Panamax,Russia,10.63,522.7,0.284
2023-12-28,Panamax,Russia,10.44,520.9,0.228
2023-12-29,Panamax,Russia,10.51,527.7,0.47
2023-12-30,Panamax,Russia,10.52,497.3,0.292
2023-12-31,Panamax,Russia,10.4,483.3,0.196
2024-01-01,Panamax,Russia,10.47,505.2,0.102
2024-01-02,Panamax,Russia,10.25,491.6,0.313
2024-01-03,Panamax,Russia,10.28,511.7,0.117
2024-01-04,Panamax,Russia,10.09,492.4,0.088
2024-01-05,Panamax,Russia,10.23,501.8,0.363
2024-01-06,Panamax,Russia,10.22,495.6,0.083
2024-01-07,Panamax,Russia,10.18,490.0,0.315
2024-01-08,Panamax,Russia,10.13,522.1,0.234
2024-01-09,Panamax,Russia,10.11,511.1,0.118
2024-01-10,Panamax,Russia,10.04,502.3,0.332
2024-01-11,Panamax,Russia,9.89,499.9,0.0
2024-01-12,Panamax,Russia,9.93,519.2,0.031
2024-01-13,Panamax,Russia,10.09,530.4,0.466
2024-01-14,Panamax,Russia,10.02,481.0,0.336
2024-01-15,Panamax,Russia,10.12,509.4,0.356
2024-01-16,Panamax,Russia,10.16,547.9,0.177
2024-01-17,Panamax,Russia,10.3,526.9,0.35
2024-01-18,Panamax,Russia,10.18,495.1,0.209
2024-01-19,Panamax,Russia,10.19,498.2,0.223
2024-01-20,Panamax,Russia,10.21,479.4,0.814
2024-01-21,Panamax,Russia,10.2,473.1,0.37
2024-01-22,Panamax,Russia,10.32,515.3,0.07
2024-01-23,Panamax,Russia,10.34,503.8,0.0
2024-01-24,Panamax,Russia,10.11,517.9,0.412
2024-01-25,Panamax,Russia,10.03,494.7,0.237
2024-01-26,Panamax,Russia,10.06,505.8,0.24
2024-01-27,Panamax,Russia,10.1,503.7,0.259
2024-01-28,Panamax,Russia,10.19,508.2,0.318
2024-01-29,Panamax,Russia,10.3,497.9,0.34
2024-01-30,Panamax,Russia,10.45,471.6,0.096
2024-01-31,Panamax,Russia,10.61,501.1,0.324
2024-02-01,Panamax,Russia,10.57,519.8,0.332
2024-02-02,Panamax,Russia,10.64,494.7,0.296
2024-02-03,Panamax,Russia,10.5,511.5,0.0
2024-02-04,Panamax,Russia,10.44,520.1,0.034
2024-02-05,Panamax,Russia,10.38,520.6,0.467
2024-02-06,Panamax,Russia,10.32,482.4,0.237
2024-02-07,Panamax,Russia,10.56,502.7,0.265
2024-02-08,Panamax,Russia,10.74,525.1,0.257
2024-02-09,Panamax,Russia,10.98,503.7,0.502
2024-02-10,Panamax,Russia,11.19,477.5,0.26
2024-02-11,Panamax,Russia,11.16,510.2,0.177
2024-02-12,Panamax,Russia,11.24,491.6,0.0
2024-02-13,Panamax,Russia,11.23,484.1,0.326
2024-02-14,Panamax,Russia,11.42,495.2,0.409
2024-02-15,Panamax,Russia,11.54,495.7,0.345
2024-02-16,Panamax,Russia,11.33,497.4,0.332
2024-02-17,Panamax,Russia,11.24,515.0,0.195
2024-02-18,Panamax,Russia,11.24,495.9,0.436
2024-02-19,Panamax,Russia,11.19,469.3,0.023
2024-02-20,Panamax,Russia,11.28,474.9,0.233
2024-02-21,Panamax,Russia,11.31,500.7,0.196
2024-02-22,Panamax,Russia,11.41,492.2,0.111
2024-02-23,Panamax,Russia,11.3,477.5,0.238
2024-02-24,Panamax,Russia,11.08,480.8,0.123
2024-02-25,Panamax,Russia,11.26,486.9,0.261
2024-02-26,Panamax,Russia,11.18,502.3,0.184
2024-02-27,Panamax,Russia,11.23,488.2,0.273
2024-02-28,Panamax,Russia,11.13,492.0,0.58
2024-02-29,Panamax,Russia,11.1,491.6,0.261
2024-03-01,Panamax,Russia,11.1,500.7,0.0
2024-03-02,Panamax,Russia,11.11,465.6,0.398
2024-03-03,Panamax,Russia,10.94,482.9,0.315
2024-03-04,Panamax,Russia,10.87,493.8,0.303
2024-03-05,Panamax,Russia,10.97,496.9,0.248
2024-03-06,Panamax,Russia,10.92,494.8,0.272
2024-03-07,Panamax,Russia,10.96,471.2,0.333
2024-03-08,Panamax,Russia,10.94,492.5,0.17
2024-03-09,Panamax,Russia,10.77,485.6,0.0
2024-03-10,Panamax,Russia,10.84,503.4,0.262
2024-03-11,Panamax,Russia,10.78,497.5,0.363
2024-03-12,Panamax,Russia,10.79,482.4,0.309
2024-03-13,Panamax,Russia,10.65,499.5,0.144
2024-03-14,Panamax,Russia,10.54,490.6,0.516
2024-03-15,Panamax,Russia,10.2,491.9,0.173
2024-03-16,Panamax,Russia,9.91,490.0,0.083
2024-03-17,Panamax,Russia,9.94,492.4,0.241
2024-03-18,Panamax,Russia,9.78,488.4,0.302
2024-03-19,Panamax,Russia,9.59,476.2,0.388
2024-03-20,Panamax,Russia,9.42,467.4,0.288
2024-03-21,Panamax,Russia,9.53,481.1,0.177
2024-03-22,Panamax,Russia,9.62,470.3,0.423
2024-03-23,Panamax,Russia,9.58,486.3,0.03
2024-03-24,Panamax,Russia,9.54,471.5,0.089
2024-03-25,Panamax,Russia,9.76,519.2,0.107
2024-03-26,Panamax,Russia,9.82,489.9,0.209
2024-03-27,Panamax,Russia,9.58,475.9,0.236
2024-03-28,Panamax,Russia,9.33,461.1,0.303
2024-03-29,Panamax,Russia,9.45,473.6,0.175
2024-03-30,Panamax,Russia,9.47,488.9,0.089
2024-03-31,Panamax,Russia,9.29,472.5,0.215
2024-04-01,Panamax,Russia,9.11,506.8,0.284
2024-04-02,Panamax,Russia,8.99,485.2,0.227
2024-04-03,Panamax,Russia,8.98,498.3,0.177
2024-04-04,Panamax,Russia,8.96,482.3,0.151
2024-04-05,Panamax,Russia,8.9,496.5,0.128
2024-04-06,Panamax,Russia,9.0,486.0,0.117
2024-04-07,Panamax,Russia,8.88,472.6,0.23
2024-04-08,Panamax,Russia,8.91,490.9,0.071
2024-04-09,Panamax,Russia,8.98,494.8,0.214
2024-04-10,Panamax,Russia,9.3,492.5,0.0
2024-04-11,Panamax,Russia,9.35,506.1,0.242
2024-04-12,Panamax,Russia,9.36,478.8,0.275
2024-04-13,Panamax,Russia,9.7,464.9,0.133
2024-04-14,Panamax,Russia,9.49,461.4,0.131
2024-04-15,Panamax,Russia,9.92,481.9,0.119
2024-04-16,Panamax,Russia,10.11,501.5,0.177
2024-04-17,Panamax,Russia,10.04,451.6,0.189
2024-04-18,Panamax,Russia,9.96,463.5,0.366
2024-04-19,Panamax,Russia,9.68,465.3,0.162
2024-04-20,Panamax,Russia,9.75,470.7,0.137
2024-04-21,Panamax,Russia,9.61,475.7,0.183
2024-04-22,Panamax,Russia,9.58,470.0,0.0
2024-04-23,Panamax,Russia,9.47,494.8,0.31
2024-04-24,Panamax,Russia,9.18,457.4,0.184
2024-04-25,Panamax,Russia,9.1,477.4,0.169
2024-04-26,Panamax,Russia,9.29,465.2,0.248
2024-04-27,Panamax,Russia,9.35,462.2,0.0
2024-04-28,Panamax,Russia,9.49,475.9,0.405
2024-04-29,Panamax,Russia,9.45,502.5,0.201
2024-04-30,Panamax,Russia,9.49,466.2,0.111
2024-05-01,Panamax,Russia,9.46,477.1,0.485
2024-05-02,Panamax,Russia,9.88,476.3,0.301
2024-05-03,Panamax,Russia,9.86,475.8,0.328
2024-05-04,Panamax,Russia,9.71,473.0,0.167
2024-05-05,Panamax,Russia,10.01,464.2,0.296
2024-05-06,Panamax,Russia,10.09,466.7,0.299
2024-05-07,Panamax,Russia,9.58,459.6,0.238
2024-05-08,Panamax,Russia,9.22,474.2,0.136
2024-05-09,Panamax,Russia,8.96,441.1,0.332
2024-05-10,Panamax,Russia,8.83,469.9,0.531
2024-05-11,Panamax,Russia,8.98,455.1,0.363
2024-05-12,Panamax,Russia,9.42,465.5,0.46
2024-05-13,Panamax,Russia,9.31,460.0,0.518
2024-05-14,Panamax,Russia,9.41,484.5,0.108
2024-05-15,Panamax,Russia,10.05,462.3,0.094
2024-05-16,Panamax,Russia,10.24,457.0,0.383
2024-05-17,Panamax,Russia,9.98,501.0,0.18
2024-05-18,Panamax,Russia,9.91,481.5,0.046
2024-05-19,Panamax,Russia,9.89,468.0,0.073
2024-05-20,Panamax,Russia,9.33,447.9,0.02
2024-05-21,Panamax,Russia,8.76,481.0,0.27
2024-05-22,Panamax,Russia,8.46,452.9,0.198
2024-05-23,Panamax,Russia,8.38,476.4,0.184
2024-05-24,Panamax,Russia,7.71,470.1,0.096
2024-05-25,Panamax,Russia,7.23,461.6,0.487
2024-05-26,Panamax,Russia,7.01,448.0,0.287
2024-05-27,Panamax,Russia,7.4,477.7,0.268
2024-05-28,Panamax,Russia,7.33,477.8,0.318
2024-05-29,Panamax,Russia,7.53,493.6,0.207
2024-05-30,Panamax,Russia,7.64,450.9,0.018
2024-05-31,Panamax,Russia,7.82,449.9,0.16
2024-06-01,Panamax,Russia,7.84,455.3,0.263
2024-06-02,Panamax,Russia,7.18,475.0,0.387
2024-06-03,Panamax,Russia,7.11,492.9,0.13
2024-06-04,Panamax,Russia,7.87,466.5,0.361
2024-06-05,Panamax,Russia,8.48,471.6,0.106
2024-06-06,Panamax,Russia,8.52,434.3,0.479
2024-06-07,Panamax,Russia,8.73,472.4,0.473
2024-06-08,Panamax,Russia,8.46,470.7,0.206
2024-06-09,Panamax,Russia,8.34,467.5,0.205
2024-06-10,Panamax,Russia,8.24,462.7,0.361
2024-06-11,Panamax,Russia,8.3,463.3,0.391
2024-06-12,Panamax,Russia,8.33,472.2,0.312
2024-06-13,Panamax,Russia,8.22,433.4,0.346
2024-06-14,Panamax,Russia,8.07,489.2,0.25
2024-06-15,Panamax,Russia,8.1,469.8,0.271
2024-06-16,Panamax,Russia,8.29,465.8,0.252
2024-06-17,Panamax,Russia,8.21,486.2,0.45
2024-06-18,Panamax,Russia,8.05,433.9,0.015
2024-06-19,Panamax,Russia,7.92,447.1,0.355
2024-06-20,Panamax,Russia,8.13,478.0,0.386
2024-06-21,Panamax,Russia,8.41,453.2,0.244
2024-06-22,Panamax,Russia,8.65,477.0,0.149
2024-06-23,Panamax,Russia,8.41,470.7,0.452
2024-06-24,Panamax,Russia,8.39,469.2,0.389
2024-06-25,Panamax,Russia,8.61,470.7,0.031
2024-06-26,Panamax,Russia,8.77,442.8,0.382
2024-06-27,Panamax,Russia,8.76,429.0,0.357
2024-06-28,Panamax,Russia,8.48,470.8,0.762
2024-06-29,Panamax,Russia,8.09,477.1,0.718
2024-06-30,Panamax,Russia,7.97,452.9,0.271
2024-07-01,Panamax,Russia,7.57,463.2,0.264
2024-07-02,Panamax,Russia,7.45,462.0,0.44
2024-07-03,Panamax,Russia,7.42,447.6,0.216
2024-07-04,Panamax,Russia,7.54,462.4,0.296
2024-07-05,Panamax,Russia,7.77,433.6,0.111
2024-07-06,Panamax,Russia,7.68,466.8,0.112
2024-07-07,Panamax,Russia,7.72,447.5,0.284
2024-07-08,Panamax,Russia,8.14,449.9,0.498
2024-07-09,Panamax,Russia,8.3,469.3,0.451
2024-07-10,Panamax,Russia,7.78,413.1,0.279
2024-07-11,Panamax,Russia,7.89,456.8,0.515
2024-07-12,Panamax,Russia,8.31,415.1,0.216
2024-07-13,Panamax,Russia,8.49,446.3,0.376
2024-07-14,Panamax,Russia,8.09,470.9,0.26
2024-07-15,Panamax,Russia,8.52,452.7,0.452
2024-07-16,Panamax,Russia,8.62,444.7,0.302
2024-07-17,Panamax,Russia,8.46,466.0,0.323
2024-07-18,Panamax,Russia,8.6,441.8,0.413
2024-07-19,Panamax,Russia,8.93,457.0,0.518
2024-07-20,Panamax,Russia,8.88,446.6,0.283
2024-07-21,Panamax,Russia,8.5,445.8,0.531
2024-07-22,Panamax,Russia,8.43,442.6,0.198
2024-07-23,Panamax,Russia,8.51,465.6,0.376
2024-07-24,Panamax,Russia,8.01,417.7,0.428
2024-07-25,Panamax,Russia,7.95,456.6,0.487
2024-07-26,Panamax,Russia,7.51,437.2,0.416
2024-07-27,Panamax,Russia,8.01,447.8,0.522
2024-07-28,Panamax,Russia,8.25,428.8,0.701
2024-07-29,Panamax,Russia,8.13,462.8,0.501
2024-07-30,Panamax,Russia,7.9,439.3,0.15
2024-07-31,Panamax,Russia,8.17,425.7,0.597
2024-08-01,Panamax,Russia,8.24,433.8,0.521
2024-08-02,Panamax,Russia,8.27,437.6,0.519
2024-08-03,Panamax,Russia,7.71,453.0,0.513
2024-08-04,Panamax,Russia,7.82,456.1,0.482
2024-08-05,Panamax,Russia,7.74,446.6,0.352
2024-08-06,Panamax,Russia,7.9,397.7,0.186
2024-08-07,Panamax,Russia,8.01,436.6,0.439
2024-08-08,Panamax,Russia,7.72,436.5,0.452
2024-08-09,Panamax,Russia,8.21,451.8,0.22
2024-08-10,Panamax,Russia,8.38,452.4,0.367
2024-08-11,Panamax,Russia,8.41,449.2,0.293
2024-08-12,Panamax,Russia,8.3,432.7,0.492
2024-08-13,Panamax,Russia,8.74,442.1,0.347
2024-08-14,Panamax,Russia,8.57,398.6,0.598
2024-08-15,Panamax,Russia,8.22,459.2,0.306
2024-08-16,Panamax,Russia,7.84,452.1,0.322
2024-08-17,Panamax,Russia,7.69,433.7,0.556
2024-08-18,Panamax,Russia,8.34,439.3,0.256
2024-08-19,Panamax,Russia,8.73,432.8,0.287
2024-08-20,Panamax,Russia,8.9,442.1,0.353
2024-08-21,Panamax,Russia,8.81,451.0,0.468
2024-08-22,Panamax,Russia,8.58,408.4,0.272
2024-08-23,Panamax,Russia,8.34,460.6,0.232
2024-08-24,Panamax,Russia,8.45,424.8,0.452
2024-08-25,Panamax,Russia,8.57,461.5,0.666
2024-08-26,Panamax,Russia,8.84,454.5,0.583
2024-08-27,Panamax,Russia,8.99,440.2,0.41
2024-08-28,Panamax,Russia,8.85,428.7,0.469
2024-08-29,Panamax,Russia,8.87,406.6,0.574
2024-08-30,Panamax,Russia,8.8,432.9,0.465
2024-08-31,Panamax,Russia,8.84,444.8,0.608
2024-09-01,Panamax,Russia,8.91,425.8,0.539
2024-09-02,Panamax,Russia,8.8,396.7,0.589
2024-09-03,Panamax,Russia,8.88,443.0,0.595
2024-09-04,Panamax,Russia,9.16,433.3,0.571
2024-09-05,Panamax,Russia,9.37,437.7,0.507
2024-09-06,Panamax,Russia,9.14,447.9,0.377
2024-09-07,Panamax,Russia,9.34,410.4,0.588
2024-09-08,Panamax,Russia,9.13,433.7,0.498
2024-09-09,Panamax,Russia,9.19,433.7,0.667
2024-09-10,Panamax,Russia,8.96,431.3,0.492
2024-09-11,Panamax,Russia,9.35,417.8,0.242
2024-09-12,Panamax,Russia,9.32,432.2,0.431
2024-09-13,Panamax,Russia,8.92,466.1,0.325
2024-09-14,Panamax,Russia,9.06,418.1,0.362
2024-09-15,Panamax,Russia,8.79,452.6,0.449
2024-09-16,Panamax,Russia,8.63,431.9,0.462
2024-09-17,Panamax,Russia,8.2,452.8,0.734
2024-09-18,Panamax,Russia,8.19,408.7,0.375
2024-09-19,Panamax,Russia,7.71,447.1,0.58
2024-09-20,Panamax,Russia,7.44,395.6,0.627
2024-09-21,Panamax,Russia,7.26,424.0,0.483
2024-09-22,Panamax,Russia,7.1,442.0,0.749
2024-09-23,Panamax,Russia,7.05,428.2,0.475
2024-09-24,Panamax,Russia,7.21,435.7,0.759
2024-09-25,Panamax,Russia,7.56,406.9,0.443
2024-09-26,Panamax,Russia,6.95,437.8,0.433
2024-09-27,Panamax,Russia,6.65,457.1,0.607
2024-09-28,Panamax,Russia,6.38,413.0,0.73
2024-09-29,Panamax,Russia,6.45,402.7,0.468
2024-09-30,Panamax,Russia,6.66,425.8,0.704
2024-10-01,Panamax,Russia,6.83,429.8,0.499
2024-10-02,Panamax,Russia,6.88,452.0,0.328
2024-10-03,Panamax,Russia,6.79,422.5,0.523
2024-10-04,Panamax,Russia,7.07,422.3,0.812
2024-10-05,Panamax,Russia,6.89,431.0,0.65
2024-10-06,Panamax,Russia,6.68,427.3,0.476
2024-10-07,Panamax,Russia,6.32,421.6,0.492
2024-10-08,Panamax,Russia,6.36,432.7,0.371
2024-10-09,Panamax,Russia,5.99,404.8,0.463
2024-10-10,Panamax,Russia,6.26,441.4,0.602
2024-10-11,Panamax,Russia,6.15,430.0,0.558
2024-10-12,Panamax,Russia,6.27,410.7,0.419
2024-10-13,Panamax,Russia,6.03,421.9,0.516
2024-10-14,Panamax,Russia,6.11,445.5,0.358
2024-10-15,Panamax,Russia,5.95,432.2,0.452
2024-10-16,Panamax,Russia,5.73,443.9,0.511
2024-10-17,Panamax,Russia,5.32,429.0,0.38
2024-10-18,Panamax,Russia,5.5,426.7,0.529
2024-10-19,Panamax,Russia,5.28,439.5,0.593
2024-10-20,Panamax,Russia,5.25,415.8,0.623
2024-10-21,Panamax,Russia,5.41,416.1,0.801
2024-10-22,Panamax,Russia,5.64,415.5,0.271
2024-10-23,Panamax,Russia,5.74,406.9,0.249
2024-10-24,Panamax,Russia,6.01,438.4,0.705
2024-10-25,Panamax,Russia,5.9,405.8,0.426
2024-10-26,Panamax,Russia,6.06,386.2,0.501
2024-10-27,Panamax,Russia,6.2,434.4,0.564
2024-10-28,Panamax,Russia,5.99,420.2,0.63
2024-10-29,Panamax,Russia,6.12,402.3,0.298
2024-10-30,Panamax,Russia,6.81,419.8,0.55
2024-10-31,Panamax,Russia,6.81,418.1,0.613
2024-11-01,Panamax,Russia,6.76,420.0,0.329
2024-11-02,Panamax,Russia,6.64,420.2,0.534
2024-11-03,Panamax,Russia,6.97,413.2,0.369
2024-11-04,Panamax,Russia,7.58,409.0,0.466
2024-11-05,Panamax,Russia,7.67,401.2,0.37
2024-11-06,Panamax,Russia,7.64,441.8,0.369
2024-11-07,Panamax,Russia,7.61,388.6,0.692
2024-11-08,Panamax,Russia,7.76,425.5,0.45
2024-11-09,Panamax,Russia,7.91,410.1,0.77
2024-11-10,Panamax,Russia,7.98,423.0,0.572
2024-11-11,Panamax,Russia,8.04,436.3,0.631
2024-11-12,Panamax,Russia,8.04,426.4,0.478
2024-11-13,Panamax,Russia,8.07,399.9,0.696
2024-11-14,Panamax,Russia,8.28,432.3,0.685
2024-11-15,Panamax,Russia,8.36,403.2,0.67
2024-11-16,Panamax,Russia,8.37,406.5,0.706
2024-11-17,Panamax,Russia,8.43,400.0,0.669
2024-11-18,Panamax,Russia,8.55,425.1,0.716
2024-11-19,Panamax,Russia,8.56,467.5,0.319
2024-11-20,Panamax,Russia,8.58,410.4,0.249
2024-11-21,Panamax,Russia,8.68,406.3,0.48
2024-11-22,Panamax,Russia,8.8,410.3,0.678
2024-11-23,Panamax,Russia,8.84,415.0,0.51
2024-11-24,Panamax,Russia,8.62,422.6,0.756
2024-11-25,Panamax,Russia,8.62,413.6,0.75
2024-11-26,Panamax,Russia,8.17,409.6,0.662
2024-11-27,Panamax,Russia,8.39,447.1,0.44
2024-11-28,Panamax,Russia,8.43,426.4,0.451
2024-11-29,Panamax,Russia,8.56,437.2,0.472
2024-11-30,Panamax,Russia,8.76,391.5,0.447
2024-12-01,Panamax,Russia,8.75,391.2,0.465
2024-12-02,Panamax,Russia,9.0,414.6,0.558
2024-12-03,Panamax,Russia,8.98,405.1,0.466
2024-12-04,Panamax,Russia,9.07,402.5,0.14
2024-12-05,Panamax,Russia,9.2,421.9,0.531
2024-12-06,Panamax,Russia,9.4,408.3,0.527
2024-12-07,Panamax,Russia,9.46,426.5,0.639
2024-12-08,Panamax,Russia,9.86,447.7,0.543
2024-12-09,Panamax,Russia,9.8,436.0,0.537
2024-12-10,Panamax,Russia,9.95,414.1,0.507
2024-12-11,Panamax,Russia,10.12,394.4,0.611
2024-12-12,Panamax,Russia,10.18,428.1,0.413
2024-12-13,Panamax,Russia,10.26,407.7,0.472
2024-12-14,Panamax,Russia,10.24,394.2,0.794
2024-12-15,Panamax,Russia,10.18,410.0,0.911
2024-12-16,Panamax,Russia,10.27,429.7,0.644
2024-12-17,Panamax,Russia,10.3,398.2,0.358
2024-12-18,Panamax,Russia,9.9,428.6,0.39
2024-12-19,Panamax,Russia,9.61,434.0,0.171
2024-12-20,Panamax,Russia,9.65,413.1,0.686
2024-12-21,Panamax,Russia,9.72,392.7,0.862
2024-12-22,Panamax,Russia,9.71,403.4,0.598
2024-12-23,Panamax,Russia,9.98,405.5,0.506
2024-12-24,Panamax,Russia,9.86,420.2,0.597
2024-12-25,Panamax,Russia,9.74,417.4,0.455
2024-12-26,Panamax,Russia,9.59,367.3,0.584
2024-12-27,Panamax,Russia,9.31,403.5,0.651
2024-12-28,Panamax,Russia,9.1,411.4,0.56
2024-12-29,Panamax,Russia,9.11,408.5,0.66
2024-12-30,Panamax,Russia,9.47,402.0,0.517
2024-12-31,Panamax,Russia,9.26,398.9,0.492
2025-01-01,Panamax,Russia,9.27,412.4,0.964
2025-01-02,Panamax,Russia,9.33,386.8,0.645
2025-01-03,Panamax,Russia,9.37,380.1,0.481
2025-01-04,Panamax,Russia,9.12,394.4,0.629
2025-01-05,Panamax,Russia,9.1,406.6,0.418
2025-01-06,Panamax,Russia,9.19,403.2,0.604
2025-01-07,Panamax,Russia,9.36,417.4,0.589
2025-01-08,Panamax,Russia,9.24,394.2,0.751
2025-01-09,Panamax,Russia,9.41,397.1,0.451
2025-01-10,Panamax,Russia,9.62,393.0,0.777
2025-01-11,Panamax,Russia,9.72,395.4,0.729
2025-01-12,Panamax,Russia,9.8,427.3,0.432
2025-01-13,Panamax,Russia,9.49,372.3,0.392
2025-01-14,Panamax,Russia,9.5,388.4,0.706
2025-01-15,Panamax,Russia,9.85,408.8,0.53
2025-01-16,Panamax,Russia,10.07,405.1,0.463
2025-01-17,Panamax,Russia,9.83,399.6,0.676
2025-01-18,Panamax,Russia,9.9,380.7,0.61
2025-01-19,Panamax,Russia,9.68,421.5,0.48
2025-01-20,Panamax,Russia,9.62,388.1,0.527
2025-01-21,Panamax,Russia,9.55,382.9,0.256
2025-01-22,Panamax,Russia,9.6,404.9,0.461
2025-01-23,Panamax,Russia,9.1,422.2,0.569
2025-01-24,Panamax,Russia,9.24,387.8,0.59
2025-01-25,Panamax,Russia,9.42,402.0,0.466
2025-01-26,Panamax,Russia,9.21,399.6,0.57
2025-01-27,Panamax,Russia,9.0,373.7,0.824
2025-01-28,Panamax,Russia,9.07,408.6,0.406
2025-01-29,Panamax,Russia,9.41,403.0,0.624
2025-01-30,Panamax,Russia,9.42,412.4,0.647
2025-01-31,Panamax,Russia,9.52,394.5,0.421
2025-02-01,Panamax,Russia,9.51,388.5,0.646
2025-02-02,Panamax,Russia,9.52,395.8,0.57
2025-02-03,Panamax,Russia,9.49,410.5,0.691
2025-02-04,Panamax,Russia,9.36,370.3,0.606
2025-02-05,Panamax,Russia,9.43,402.7,0.661
2025-02-06,Panamax,Russia,10.08,390.0,0.472
2025-02-07,Panamax,Russia,9.97,390.7,0.398
2025-02-08,Panamax,Russia,10.03,416.0,0.255
2025-02-09,Panamax,Russia,10.14,415.3,0.484
2025-02-10,Panamax,Russia,10.31,368.0,0.516
2025-02-11,Panamax,Russia,10.57,394.4,0.64
2025-02-12,Panamax,Russia,10.52,403.1,0.615
2025-02-13,Panamax,Russia,10.4,375.9,0.631
2025-02-14,Panamax,Russia,10.22,365.2,0.563
2025-02-15,Panamax,Russia,10.05,395.9,0.346
2025-02-16,Panamax,Russia,9.88,383.5,0.375
2025-02-17,Panamax,Russia,9.6,397.3,0.516
2025-02-18,Panamax,Russia,9.68,397.4,0.221
2025-02-19,Panamax,Russia,9.37,385.5,0.552
2025-02-20,Panamax,Russia,9.73,418.3,0.347
2025-02-21,Panamax,Russia,9.79,409.0,0.675
2025-02-22,Panamax,Russia,9.85,392.5,0.107
2025-02-23,Panamax,Russia,9.78,406.7,0.417
2025-02-24,Panamax,Russia,9.53,413.8,0.4
2025-02-25,Panamax,Russia,9.45,378.4,0.478
2025-02-26,Panamax,Russia,9.52,436.1,0.343
2025-02-27,Panamax,Russia,9.46,390.9,0.637
2025-02-28,Panamax,Russia,9.7,369.6,0.312
2025-03-01,Panamax,Russia,9.78,414.5,0.0
2025-03-02,Panamax,Russia,9.71,370.9,0.508
2025-03-03,Panamax,Russia,9.89,387.2,0.317
2025-03-04,Panamax,Russia,9.88,391.9,0.829
2025-03-05,Panamax,Russia,10.05,389.3,0.529
2025-03-06,Panamax,Russia,10.01,373.8,0.438
2025-03-07,Panamax,Russia,10.41,416.4,0.378
2025-03-08,Panamax,Russia,10.81,418.3,0.614
2025-03-09,Panamax,Russia,10.82,395.7,0.63
2025-03-10,Panamax,Russia,10.67,421.6,0.444
2025-03-11,Panamax,Russia,10.46,399.2,0.501
2025-03-12,Panamax,Russia,10.79,389.1,0.592
2025-03-13,Panamax,Russia,11.01,394.7,0.382
2025-03-14,Panamax,Russia,10.9,387.9,0.0
2025-03-15,Panamax,Russia,11.1,422.2,0.649
2025-03-16,Panamax,Russia,11.21,400.4,0.443
2025-03-17,Panamax,Russia,10.93,392.0,0.263
2025-03-18,Panamax,Russia,11.06,378.3,0.512
2025-03-19,Panamax,Russia,11.15,391.7,0.725
2025-03-20,Panamax,Russia,10.9,385.0,0.236
2025-03-21,Panamax,Russia,10.81,393.5,0.679
2025-03-22,Panamax,Russia,11.04,371.7,0.289
2025-03-23,Panamax,Russia,11.1,402.1,0.64
2025-03-24,Panamax,Russia,10.67,415.7,0.258
2025-03-25,Panamax,Russia,10.97,374.5,0.448
2025-03-26,Panamax,Russia,10.97,372.8,0.361
2025-03-27,Panamax,Russia,11.46,401.6,0.504
2025-03-28,Panamax,Russia,11.58,399.4,0.293
2025-03-29,Panamax,Russia,11.33,388.3,0.647
2025-03-30,Panamax,Russia,11.55,398.4,0.292
2025-03-31,Panamax,Russia,11.61,386.0,0.233
2025-04-01,Panamax,Russia,11.5,377.4,0.603
2025-04-02,Panamax,Russia,11.49,390.3,0.031
2025-04-03,Panamax,Russia,11.46,406.4,0.44
2025-04-04,Panamax,Russia,11.14,410.8,0.522
2025-04-05,Panamax,Russia,11.35,415.9,0.737
2025-04-06,Panamax,Russia,11.25,388.7,0.467
2025-04-07,Panamax,Russia,11.07,364.9,0.66
2025-04-08,Panamax,Russia,11.04,410.4,0.477
2025-04-09,Panamax,Russia,11.25,418.7,0.328
2025-04-10,Panamax,Russia,11.41,374.8,0.361
2025-04-11,Panamax,Russia,11.29,385.1,0.511
2025-04-12,Panamax,Russia,11.51,373.0,0.623
2025-04-13,Panamax,Russia,11.62,381.5,0.599
2025-04-14,Panamax,Russia,11.65,373.2,0.529
2025-04-15,Panamax,Russia,11.49,367.6,0.332
2025-04-16,Panamax,Russia,11.29,391.5,0.538
2025-04-17,Panamax,Russia,11.53,382.3,0.424
2025-04-18,Panamax,Russia,11.41,391.8,0.4
2025-04-19,Panamax,Russia,11.38,354.1,0.288
2025-04-20,Panamax,Russia,11.23,375.5,0.248
2025-04-21,Panamax,Russia,11.34,391.3,0.548
2025-04-22,Panamax,Russia,11.02,377.5,0.602
2025-04-23,Panamax,Russia,11.19,390.1,0.458
2025-04-24,Panamax,Russia,11.18,403.6,0.175
2025-04-25,Panamax,Russia,11.1,410.0,0.492
2025-04-26,Panamax,Russia,11.24,384.1,0.386
2025-04-27,Panamax,Russia,11.34,405.8,0.532
2025-04-28,Panamax,Russia,11.53,367.5,0.24
2025-04-29,Panamax,Russia,11.38,388.2,0.361
2025-04-30,Panamax,Russia,11.16,366.9,0.343
2025-05-01,Panamax,Russia,11.37,365.1,0.412
2025-05-02,Panamax,Russia,11.63,397.3,0.373
2025-05-03,Panamax,Russia,11.25,363.1,0.389
2025-05-04,Panamax,Russia,11.02,392.8,0.54
2025-05-05,Panamax,Russia,10.94,397.8,0.372
2025-05-06,Panamax,Russia,10.63,398.2,0.509
2025-05-07,Panamax,Russia,10.46,417.4,0.369
2025-05-08,Panamax,Russia,10.11,375.8,0.679
2025-05-09,Panamax,Russia,9.67,405.5,0.543
2025-05-10,Panamax,Russia,9.38,388.9,0.425
2025-05-11,Panamax,Russia,9.74,377.1,0.118
2025-05-12,Panamax,Russia,9.63,400.1,0.365
2025-05-13,Panamax,Russia,9.3,374.0,0.413
2025-05-14,Panamax,Russia,9.01,400.7,0.345
2025-05-15,Panamax,Russia,9.14,390.6,0.519
2025-05-16,Panamax,Russia,9.26,398.5,0.186
2025-05-17,Panamax,Russia,8.95,348.9,0.565
2025-05-18,Panamax,Russia,8.93,395.6,0.438
2025-05-19,Panamax,Russia,8.66,396.8,0.469
2025-05-20,Panamax,Russia,8.79,401.0,0.25
2025-05-21,Panamax,Russia,9.14,399.5,0.251
2025-05-22,Panamax,Russia,9.33,392.2,0.641
2025-05-23,Panamax,Russia,9.21,368.0,0.188
2025-05-24,Panamax,Russia,8.97,402.2,0.161
2025-05-25,Panamax,Russia,8.64,395.5,0.306
2025-05-26,Panamax,Russia,8.74,383.9,0.186
2025-05-27,Panamax,Russia,8.44,390.1,0.228
2025-05-28,Panamax,Russia,8.53,398.8,0.12
2025-05-29,Panamax,Russia,8.37,391.5,0.283
2025-05-30,Panamax,Russia,8.46,406.8,0.188
2025-05-31,Panamax,Russia,8.45,418.0,0.618
2025-06-01,Panamax,Russia,8.5,401.9,0.271
2025-06-02,Panamax,Russia,8.42,377.7,0.18
2025-06-03,Panamax,Russia,8.65,394.4,0.321
2025-06-04,Panamax,Russia,8.7,373.8,0.266
2025-06-05,Panamax,Russia,8.55,385.3,0.569
2025-06-06,Panamax,Russia,8.59,369.5,0.491
2025-06-07,Panamax,Russia,8.64,355.5,0.234
2025-06-08,Panamax,Russia,8.81,377.9,0.334
2025-06-09,Panamax,Russia,9.09,391.6,0.283
2025-06-10,Panamax,Russia,8.95,399.6,0.294
2025-06-11,Panamax,Russia,9.13,387.5,0.473
2025-06-12,Panamax,Russia,9.01,394.6,0.269
2025-06-13,Panamax,Russia,8.77,410.3,0.199
2025-06-14,Panamax,Russia,8.45,407.9,0.492
2025-06-15,Panamax,Russia,8.42,391.1,0.166
2025-06-16,Panamax,Russia,8.35,396.1,0.428
2025-06-17,Panamax,Russia,8.57,393.3,0.0
2025-06-18,Panamax,Russia,8.64,388.9,0.006
2025-06-19,Panamax,Russia,8.4,397.2,0.39
2025-06-20,Panamax,Russia,8.22,399.2,0.376
2025-06-21,Panamax,Russia,8.35,364.8,0.157
2025-06-22,Panamax,Russia,8.59,376.3,0.546
2025-06-23,Panamax,Russia,8.7,374.5,0.343
2025-06-24,Panamax,Russia,8.94,415.4,0.362
2025-06-25,Panamax,Russia,9.03,391.3,0.363
2025-06-26,Panamax,Russia,9.09,391.8,0.365
2025-06-27,Panamax,Russia,8.83,400.6,0.453
2025-06-28,Panamax,Russia,8.65,397.8,0.247
2025-06-29,Panamax,Russia,8.82,411.6,0.447
2025-06-30,Panamax,Russia,8.73,430.4,0.331
2025-07-01,Panamax,Russia,8.81,389.0,0.034
2025-07-02,Panamax,Russia,8.96,419.1,0.475
2025-07-03,Panamax,Russia,8.97,418.3,0.398
2025-07-04,Panamax,Russia,8.8,391.1,0.363
2025-07-05,Panamax,Russia,9.01,389.2,0.29
2025-07-06,Panamax,Russia,8.65,389.7,0.509
2025-07-07,Panamax,Russia,8.53,375.9,0.402
2025-07-08,Panamax,Russia,8.46,411.3,0.086
2025-07-09,Panamax,Russia,8.58,399.7,0.243
2025-07-10,Panamax,Russia,8.58,384.7,0.409
2025-07-11,Panamax,Russia,8.59,404.4,0.473
2025-07-12,Panamax,Russia,8.54,377.2,0.494
2025-07-13,Panamax,Russia,8.34,424.0,0.249
2025-07-14,Panamax,Russia,8.39,409.8,0.0
2025-07-15,Panamax,Russia,8.29,413.0,0.0
2025-07-16,Panamax,Russia,7.91,402.3,0.32
2025-07-17,Panamax,Russia,7.86,401.6,0.445
2025-07-18,Panamax,Russia,7.71,393.9,0.157
2025-07-19,Panamax,Russia,7.96,414.8,0.268
2025-07-20,Panamax,Russia,7.51,400.5,0.177
2025-07-21,Panamax,Russia,7.54,412.4,0.301
2025-07-22,Panamax,Russia,7.67,407.4,0.176
2025-07-23,Panamax,Russia,7.59,389.4,0.41
2025-07-24,Panamax,Russia,7.84,389.1,0.345
2025-07-25,Panamax,Russia,8.02,383.4,0.399
2025-07-26,Panamax,Russia,7.9,424.7,0.513
2025-07-27,Panamax,Russia,7.9,390.2,0.368
2025-07-28,Panamax,Russia,7.87,371.8,0.225
2025-07-29,Panamax,Russia,7.61,372.8,0.264
2025-07-30,Panamax,Russia,7.79,400.9,0.532
2025-07-31,Panamax,Russia,7.46,392.4,0.331
2025-08-01,Panamax,Russia,7.61,411.0,0.18
2025-08-02,Panamax,Russia,7.71,386.4,0.516
2025-08-03,Panamax,Russia,7.73,422.7,0.028
2025-08-04,Panamax,Russia,7.95,380.0,0.333
2025-08-05,Panamax,Russia,8.1,384.7,0.754
2025-08-06,Panamax,Russia,8.08,412.8,0.394
2025-08-07,Panamax,Russia,8.01,404.9,0.076
2025-08-08,Panamax,Russia,8.13,389.6,0.344
2025-08-09,Panamax,Russia,7.97,407.5,0.21
2025-08-10,Panamax,Russia,7.78,396.8,0.175
2025-08-11,Panamax,Russia,7.7,397.5,0.325
2025-08-12,Panamax,Russia,7.73,386.1,0.326
2025-08-13,Panamax,Russia,7.46,405.7,0.523
2025-08-14,Panamax,Russia,7.64,402.6,0.443
2025-08-15,Panamax,Russia,7.84,414.0,0.21
2025-08-16,Panamax,Russia,7.78,395.0,0.054
2025-08-17,Panamax,Russia,7.64,398.5,0.492
2025-08-18,Panamax,Russia,7.72,392.1,0.273
2025-08-19,Panamax,Russia,7.95,410.8,0.364
2025-08-20,Panamax,Russia,7.91,385.5,0.328
2025-08-21,Panamax,Russia,7.7,396.4,0.407
2025-08-22,Panamax,Russia,7.77,389.3,0.281
2025-08-23,Panamax,Russia,7.81,425.2,0.524
2025-08-24,Panamax,Russia,7.73,388.2,0.318
2025-08-25,Panamax,Russia,7.87,397.5,0.251
2025-08-26,Panamax,Russia,8.11,381.4,0.469
2025-08-27,Panamax,Russia,7.79,421.0,0.13
2025-08-28,Panamax,Russia,7.7,394.4,0.358
2025-08-29,Panamax,Russia,7.66,412.9,0.13
2025-08-30,Panamax,Russia,7.6,396.7,0.284
2025-08-31,Panamax,Russia,7.53,378.5,0.174
2025-09-01,Panamax,Russia,7.67,401.7,0.283
2025-09-02,Panamax,Russia,8.23,418.0,0.436
2025-09-03,Panamax,Russia,8.33,398.1,0.499
2025-09-04,Panamax,Russia,8.19,385.1,0.19
2025-09-05,Panamax,Russia,8.21,385.0,0.284
2025-09-06,Panamax,Russia,8.24,407.0,0.299
2025-09-07,Panamax,Russia,8.23,404.5,0.091
2025-09-08,Panamax,Russia,8.11,402.6,0.268
2025-09-09,Panamax,Russia,8.14,427.8,0.306
2025-09-10,Panamax,Russia,7.94,406.1,0.304
2025-09-11,Panamax,Russia,8.0,395.1,0.712
2025-09-12,Panamax,Russia,7.99,418.2,0.021
2025-09-13,Panamax,Russia,7.96,396.1,0.226
2025-09-14,Panamax,Russia,7.98,406.6,0.11
2025-09-15,Panamax,Russia,7.97,412.8,0.454
2025-09-16,Panamax,Russia,8.03,379.3,0.359
2025-09-17,Panamax,Russia,7.78,398.1,0.331
2025-09-18,Panamax,Russia,7.55,415.4,0.0
2025-09-19,Panamax,Russia,7.5,407.2,0.005
2025-09-20,Panamax,Russia,7.42,390.1,0.34
2025-09-21,Panamax,Russia,7.65,400.4,0.195
2025-09-22,Panamax,Russia,7.7,416.9,0.419
2025-09-23,Panamax,Russia,7.74,388.9,0.303
2025-09-24,Panamax,Russia,7.91,414.5,0.046
2025-09-25,Panamax,Russia,7.86,397.4,0.357
2025-09-26,Panamax,Russia,7.72,408.7,0.244
2025-09-27,Panamax,Russia,8.15,383.6,0.24
2025-09-28,Panamax,Russia,8.19,400.9,0.53
2025-09-29,Panamax,Russia,8.19,429.7,0.189
2025-09-30,Panamax,Russia,8.23,392.0,0.309
2025-10-01,Panamax,Russia,8.34,393.1,0.124
2025-10-02,Panamax,Russia,8.38,446.5,0.267
2025-10-03,Panamax,Russia,8.68,407.6,0.176
2025-10-04,Panamax,Russia,8.56,401.4,0.154
2025-10-05,Panamax,Russia,8.67,400.5,0.178
2025-10-06,Panamax,Russia,8.62,434.1,0.402
2025-10-07,Panamax,Russia,8.12,408.6,0.235
2025-10-08,Panamax,Russia,7.82,425.1,0.305
2025-10-09,Panamax,Russia,7.45,413.5,0.106
2025-10-10,Panamax,Russia,7.66,412.3,0.535
2025-10-11,Panamax,Russia,7.77,398.9,0.048
2025-10-12,Panamax,Russia,7.56,425.6,0.395
2025-10-13,Panamax,Russia,7.71,414.0,0.263
2025-10-14,Panamax,Russia,8.04,371.5,0.268
2025-10-15,Panamax,Russia,7.94,426.9,0.163
2025-10-16,Panamax,Russia,7.98,415.3,0.178
2025-10-17,Panamax,Russia,7.86,436.4,0.422
2025-10-18,Panamax,Russia,7.92,415.1,0.321
2025-10-19,Panamax,Russia,8.06,387.9,0.369
2025-10-20,Panamax,Russia,7.91,412.1,0.061
2025-10-21,Panamax,Russia,7.85,435.1,0.184
2025-10-22,Panamax,Russia,7.79,433.6,0.406
2025-10-23,Panamax,Russia,7.63,398.7,0.273
2025-10-24,Panamax,Russia,8.01,395.4,0.127
2025-10-25,Panamax,Russia,8.07,390.6,0.367
2025-10-26,Panamax,Russia,7.91,408.9,0.247
2025-10-27,Panamax,Russia,7.85,421.2,0.123
2025-10-28,Panamax,Russia,7.85,396.5,0.095
2025-10-29,Panamax,Russia,7.37,399.3,0.44
2025-10-30,Panamax,Russia,7.31,433.9,0.342
2025-10-31,Panamax,Russia,7.26,411.3,0.283
2025-11-01,Panamax,Russia,7.45,408.7,0.124
2025-11-02,Panamax,Russia,7.85,397.0,0.301
2025-11-03,Panamax,Russia,8.01,434.5,0.053
2025-11-04,Panamax,Russia,8.21,426.9,0.18
2025-11-05,Panamax,Russia,8.25,418.6,0.134
2025-11-06,Panamax,Russia,8.21,418.5,0.32
2025-11-07,Panamax,Russia,8.37,442.5,0.423
2025-11-08,Panamax,Russia,8.01,438.4,0.093
2025-11-09,Panamax,Russia,7.87,422.5,0.459
2025-11-10,Panamax,Russia,8.24,433.5,0.105
2025-11-11,Panamax,Russia,8.35,405.2,0.0
2025-11-12,Panamax,Russia,8.32,437.4,0.389
2025-11-13,Panamax,Russia,8.47,416.8,0.351
2025-11-14,Panamax,Russia,8.6,411.3,0.411
2025-11-15,Panamax,Russia,8.7,442.4,0.443
2025-11-16,Panamax,Russia,8.52,402.0,0.327
2025-11-17,Panamax,Russia,8.89,441.9,0.27
2025-11-18,Panamax,Russia,8.89,449.5,0.314
2025-11-19,Panamax,Russia,8.86,442.4,0.265
2025-11-20,Panamax,Russia,8.99,419.2,0.516
2025-11-21,Panamax,Russia,9.19,413.4,0.461
2025-11-22,Panamax,Russia,9.08,423.6,0.272
2025-11-23,Panamax,Russia,9.13,420.5,0.499
2025-11-24,Panamax,Russia,9.52,423.6,0.235
2025-11-25,Panamax,Russia,9.73,425.8,0.304
2025-11-26,Panamax,Russia,9.79,404.0,0.137
2025-11-27,Panamax,Russia,10.04,431.8,0.293
2025-11-28,Panamax,Russia,9.76,422.0,0.262
2025-11-29,Panamax,Russia,9.6,419.8,0.194
2025-11-30,Panamax,Russia,9.56,420.4,0.67
2025-12-01,Panamax,Russia,9.97,423.4,0.296
2025-12-02,Panamax,Russia,9.8,425.4,0.527
2025-12-03,Panamax,Russia,9.75,433.5,0.678
2025-12-04,Panamax,Russia,9.52,428.2,0.483
2025-12-05,Panamax,Russia,9.55,430.6,0.506
2025-12-06,Panamax,Russia,9.41,426.7,0.193
2025-12-07,Panamax,Russia,9.63,445.0,0.309
2025-12-08,Panamax,Russia,9.5,436.9,0.308
2025-12-09,Panamax,Russia,9.16,437.8,0.419
2025-12-10,Panamax,Russia,9.08,444.6,0.243
2025-12-11,Panamax,Russia,8.86,433.1,0.397
2025-12-12,Panamax,Russia,8.92,445.2,0.152
2025-12-13,Panamax,Russia,8.69,418.9,0.313
2025-12-14,Panamax,Russia,8.83,427.1,0.207
2025-12-15,Panamax,Russia,8.96,406.3,0.364
2025-12-16,Panamax,Russia,9.07,446.8,0.506
2025-12-17,Panamax,Russia,9.28,438.5,0.304
2025-12-18,Panamax,Russia,9.55,450.0,0.023
2025-12-19,Panamax,Russia,9.42,429.3,0.342
2025-12-20,Panamax,Russia,9.3,438.3,0.298
2025-12-21,Panamax,Russia,9.44,434.0,0.238
2025-12-22,Panamax,Russia,9.26,441.4,0.352
2025-12-23,Panamax,Russia,9.39,420.7,0.115
2025-12-24,Panamax,Russia,9.6,412.1,0.162
2025-12-25,Panamax,Russia,9.27,465.3,0.598
2025-12-26,Panamax,Russia,9.37,449.5,0.274
2025-12-27,Panamax,Russia,9.38,425.0,0.485
2025-12-28,Panamax,Russia,9.29,443.7,0.24
2025-12-29,Panamax,Russia,9.51,432.9,0.588
2025-12-30,Panamax,Russia,9.33,425.7,0.453
2023-01-01,Panamax,USA,13.62,456.8,0.649
2023-01-02,Panamax,USA,13.93,459.3,0.06
2023-01-03,Panamax,USA,13.84,462.4,0.444
2023-01-04,Panamax,USA,14.07,469.7,0.593
2023-01-05,Panamax,USA,14.24,436.2,0.659
2023-01-06,Panamax,USA,14.41,452.5,0.291
2023-01-07,Panamax,USA,14.11,446.9,0.399
2023-01-08,Panamax,USA,14.67,482.7,0.514
2023-01-09,Panamax,USA,14.7,470.9,0.262
2023-01-10,Panamax,USA,14.67,439.7,0.335
2023-01-11,Panamax,USA,15.38,473.8,0.585
2023-01-12,Panamax,USA,15.2,437.8,0.392
2023-01-13,Panamax,USA,15.29,463.7,0.288
2023-01-14,Panamax,USA,15.42,426.6,0.407
2023-01-15,Panamax,USA,15.2,469.9,0.537
2023-01-16,Panamax,USA,15.26,469.5,0.465
2023-01-17,Panamax,USA,15.13,430.8,0.381
2023-01-18,Panamax,USA,14.65,456.8,0.469
2023-01-19,Panamax,USA,14.43,450.2,0.504
2023-01-20,Panamax,USA,14.63,459.2,0.434
2023-01-21,Panamax,USA,14.17,450.8,0.535
2023-01-22,Panamax,USA,14.11,434.2,0.532
2023-01-23,Panamax,USA,14.43,498.1,0.433
2023-01-24,Panamax,USA,14.28,451.7,0.484
2023-01-25,Panamax,USA,14.32,444.4,0.777
2023-01-26,Panamax,USA,14.17,438.4,0.417
2023-01-27,Panamax,USA,14.34,483.4,0.376
2023-01-28,Panamax,USA,14.02,448.0,0.535
2023-01-29,Panamax,USA,13.81,452.8,0.258
2023-01-30,Panamax,USA,13.41,459.8,0.355
2023-01-31,Panamax,USA,13.5,462.4,0.515
2023-02-01,Panamax,USA,13.56,454.6,0.443
2023-02-02,Panamax,USA,13.75,478.3,0.568
2023-02-03,Panamax,USA,13.68,451.8,0.454
2023-02-04,Panamax,USA,14.02,469.6,0.36
2023-02-05,Panamax,USA,14.2,464.0,0.722
2023-02-06,Panamax,USA,14.51,450.4,0.436
2023-02-07,Panamax,USA,14.48,457.0,0.278
2023-02-08,Panamax,USA,14.74,487.1,0.363
2023-02-09,Panamax,USA,15.01,453.2,0.175
2023-02-10,Panamax,USA,14.96,480.3,0.261
2023-02-11,Panamax,USA,15.3,453.3,0.401
2023-02-12,Panamax,USA,15.22,450.5,0.263
2023-02-13,Panamax,USA,15.34,451.5,0.398
2023-02-14,Panamax,USA,15.69,495.7,0.71
2023-02-15,Panamax,USA,15.83,479.9,0.374
2023-02-16,Panamax,USA,16.29,445.9,0.205
2023-02-17,Panamax,USA,16.21,491.0,0.592
2023-02-18,Panamax,USA,16.21,464.8,0.499
2023-02-19,Panamax,USA,15.89,465.2,0.546
2023-02-20,Panamax,USA,15.8,470.1,0.36
2023-02-21,Panamax,USA,15.74,490.7,0.586
2023-02-22,Panamax,USA,15.68,441.1,0.262
2023-02-23,Panamax,USA,15.82,491.7,0.383
2023-02-24,Panamax,USA,15.52,432.3,0.417
2023-02-25,Panamax,USA,15.21,480.8,0.317
2023-02-26,Panamax,USA,15.34,456.0,0.296
2023-02-27,Panamax,USA,15.07,472.0,0.643
2023-02-28,Panamax,USA,15.6,469.3,0.522
2023-03-01,Panamax,USA,15.22,425.4,0.781
2023-03-02,Panamax,USA,14.92,485.8,0.352
2023-03-03,Panamax,USA,14.82,469.1,0.401
2023-03-04,Panamax,USA,15.08,491.9,0.406
2023-03-05,Panamax,USA,15.03,467.1,0.395
2023-03-06,Panamax,USA,14.27,454.7,0.573
2023-03-07,Panamax,USA,14.55,462.9,0.516
2023-03-08,Panamax,USA,14.86,465.0,0.618
2023-03-09,Panamax,USA,14.56,487.9,0.46
2023-03-10,Panamax,USA,14.89,493.4,0.646
2023-03-11,Panamax,USA,14.78,479.2,0.484
2023-03-12,Panamax,USA,14.68,461.1,0.513
2023-03-13,Panamax,USA,15.24,488.3,0.613
2023-03-14,Panamax,USA,15.29,461.1,0.651
2023-03-15,Panamax,USA,15.23,466.9,0.529
2023-03-16,Panamax,USA,14.89,464.7,0.575
2023-03-17,Panamax,USA,14.77,485.4,0.474
2023-03-18,Panamax,USA,14.55,475.4,0.528
2023-03-19,Panamax,USA,14.65,451.1,0.744
2023-03-20,Panamax,USA,14.72,486.1,0.648
2023-03-21,Panamax,USA,14.91,453.5,0.603
2023-03-22,Panamax,USA,15.27,492.3,0.644
2023-03-23,Panamax,USA,15.21,461.4,0.618
2023-03-24,Panamax,USA,15.08,477.2,0.444
2023-03-25,Panamax,USA,15.25,491.4,0.688
2023-03-26,Panamax,USA,15.28,480.0,0.424
2023-03-27,Panamax,USA,15.86,474.8,0.45
2023-03-28,Panamax,USA,15.72,440.7,0.487
2023-03-29,Panamax,USA,15.74,475.0,0.435
2023-03-30,Panamax,USA,15.89,485.5,0.554
2023-03-31,Panamax,USA,16.08,458.1,0.497
2023-04-01,Panamax,USA,16.07,493.4,0.502
2023-04-02,Panamax,USA,15.85,461.9,0.564
2023-04-03,Panamax,USA,15.98,461.0,0.579
2023-04-04,Panamax,USA,16.28,466.5,0.499
2023-04-05,Panamax,USA,16.5,489.6,0.468
2023-04-06,Panamax,USA,16.74,465.3,0.592
2023-04-07,Panamax,USA,17.15,485.1,0.558
2023-04-08,Panamax,USA,17.09,488.2,0.608
2023-04-09,Panamax,USA,17.38,475.9,0.515
2023-04-10,Panamax,USA,16.99,491.0,0.611
2023-04-11,Panamax,USA,16.69,477.8,0.519
2023-04-12,Panamax,USA,16.6,467.4,0.464
2023-04-13,Panamax,USA,16.89,500.8,0.561
2023-04-14,Panamax,USA,16.8,458.1,0.406
2023-04-15,Panamax,USA,17.05,471.8,0.306
2023-04-16,Panamax,USA,16.65,468.0,0.499
2023-04-17,Panamax,USA,16.34,496.7,0.626
2023-04-18,Panamax,USA,16.37,492.8,0.408
2023-04-19,Panamax,USA,16.36,475.4,0.803
2023-04-20,Panamax,USA,16.54,463.8,0.724
2023-04-21,Panamax,USA,16.45,490.2,0.557
2023-04-22,Panamax,USA,15.9,484.4,0.353
2023-04-23,Panamax,USA,15.4,465.4,0.469
2023-04-24,Panamax,USA,15.41,494.1,0.484
2023-04-25,Panamax,USA,15.19,470.5,0.515
2023-04-26,Panamax,USA,15.37,505.0,0.72
2023-04-27,Panamax,USA,15.57,485.1,0.693
2023-04-28,Panamax,USA,15.99,485.2,0.456
2023-04-29,Panamax,USA,15.81,494.3,0.736
2023-04-30,Panamax,USA,16.14,492.3,0.637
2023-05-01,Panamax,USA,16.45,438.2,0.867
2023-05-02,Panamax,USA,15.97,487.1,0.72
2023-05-03,Panamax,USA,15.61,498.0,0.513
2023-05-04,Panamax,USA,15.45,481.9,0.661
2023-05-05,Panamax,USA,15.17,490.6,0.606
2023-05-06,Panamax,USA,15.12,504.0,0.47
2023-05-07,Panamax,USA,15.03,514.3,0.445
2023-05-08,Panamax,USA,15.57,507.5,0.495
2023-05-09,Panamax,USA,16.12,493.5,0.428
2023-05-10,Panamax,USA,15.63,512.8,0.372
2023-05-11,Panamax,USA,15.55,505.6,0.628
2023-05-12,Panamax,USA,15.28,462.0,0.487
2023-05-13,Panamax,USA,14.86,505.9,0.395
2023-05-14,Panamax,USA,14.88,486.1,0.584
2023-05-15,Panamax,USA,15.31,498.1,0.546
2023-05-16,Panamax,USA,15.22,493.9,0.476
2023-05-17,Panamax,USA,15.44,495.9,0.449
2023-05-18,Panamax,USA,15.54,456.7,0.429
2023-05-19,Panamax,USA,15.4,477.9,0.429
2023-05-20,Panamax,USA,15.09,475.2,0.817
2023-05-21,Panamax,USA,15.36,505.9,0.456
2023-05-22,Panamax,USA,15.55,496.1,0.585
2023-05-23,Panamax,USA,15.6,477.6,0.457
2023-05-24,Panamax,USA,15.68,483.2,0.686
2023-05-25,Panamax,USA,15.92,453.7,0.726
2023-05-26,Panamax,USA,15.89,475.2,0.513
2023-05-27,Panamax,USA,16.02,518.2,0.715
2023-05-28,Panamax,USA,16.26,481.3,0.474
2023-05-29,Panamax,USA,16.19,514.8,0.414
2023-05-30,Panamax,USA,16.03,508.5,0.519
2023-05-31,Panamax,USA,15.87,510.9,0.728
2023-06-01,Panamax,USA,15.86,459.1,0.664
2023-06-02,Panamax,USA,16.14,474.2,0.286
2023-06-03,Panamax,USA,15.83,489.6,0.534
2023-06-04,Panamax,USA,15.86,506.5,0.556
2023-06-05,Panamax,USA,15.79,493.0,0.305
2023-06-06,Panamax,USA,16.05,508.8,0.247
2023-06-07,Panamax,USA,16.09,450.4,0.522
2023-06-08,Panamax,USA,15.9,507.4,0.381
2023-06-09,Panamax,USA,16.28,499.1,0.608
2023-06-10,Panamax,USA,16.13,493.3,0.62
2023-06-11,Panamax,USA,15.72,463.4,0.248
2023-06-12,Panamax,USA,15.87,493.0,0.324
2023-06-13,Panamax,USA,16.23,482.6,0.844
2023-06-14,Panamax,USA,15.88,462.5,0.516
2023-06-15,Panamax,USA,15.15,496.4,0.66
2023-06-16,Panamax,USA,15.49,494.3,0.655
2023-06-17,Panamax,USA,15.42,485.3,0.536
2023-06-18,Panamax,USA,15.69,489.2,0.38
2023-06-19,Panamax,USA,15.28,507.2,0.444
2023-06-20,Panamax,USA,15.5,450.1,0.245
2023-06-21,Panamax,USA,15.69,496.6,0.253
2023-06-22,Panamax,USA,15.25,503.8,0.485
2023-06-23,Panamax,USA,14.77,511.3,0.331
2023-06-24,Panamax,USA,14.71,480.6,0.832
2023-06-25,Panamax,USA,14.64,488.5,0.608
2023-06-26,Panamax,USA,14.64,499.2,0.638
2023-06-27,Panamax,USA,14.54,489.8,0.738
2023-06-28,Panamax,USA,14.15,510.0,0.705
2023-06-29,Panamax,USA,13.99,503.3,0.727
2023-06-30,Panamax,USA,14.4,520.7,0.805
2023-07-01,Panamax,USA,14.5,492.2,0.631
2023-07-02,Panamax,USA,14.87,487.3,0.521
2023-07-03,Panamax,USA,14.7,500.6,0.951
2023-07-04,Panamax,USA,15.01,500.7,0.648
2023-07-05,Panamax,USA,14.41,477.9,0.425
2023-07-06,Panamax,USA,14.3,495.9,0.079
2023-07-07,Panamax,USA,14.46,491.9,0.573
2023-07-08,Panamax,USA,14.52,492.5,0.594
2023-07-09,Panamax,USA,14.9,516.9,0.491
2023-07-10,Panamax,USA,15.63,527.5,0.475
2023-07-11,Panamax,USA,16.01,468.1,0.625
2023-07-12,Panamax,USA,16.29,519.9,0.622
2023-07-13,Panamax,USA,16.29,514.0,0.701
2023-07-14,Panamax,USA,15.8,510.8,0.411
2023-07-15,Panamax,USA,16.21,515.1,0.441
2023-07-16,Panamax,USA,16.0,502.9,0.609
2023-07-17,Panamax,USA,15.77,492.3,0.501
2023-07-18,Panamax,USA,15.65,502.3,0.442
2023-07-19,Panamax,USA,15.49,522.0,0.595
2023-07-20,Panamax,USA,15.58,482.8,0.596
2023-07-21,Panamax,USA,15.62,496.3,0.709
2023-07-22,Panamax,USA,15.64,517.4,0.602
2023-07-23,Panamax,USA,15.8,516.9,0.668
2023-07-24,Panamax,USA,15.52,493.9,0.704
2023-07-25,Panamax,USA,14.74,507.5,0.295
2023-07-26,Panamax,USA,15.43,500.3,0.278
2023-07-27,Panamax,USA,14.79,506.0,0.556
2023-07-28,Panamax,USA,14.46,489.3,0.378
2023-07-29,Panamax,USA,14.43,497.2,0.489
2023-07-30,Panamax,USA,14.56,501.7,0.442
2023-07-31,Panamax,USA,14.65,504.3,0.762
2023-08-01,Panamax,USA,14.51,512.3,0.725
2023-08-02,Panamax,USA,14.07,514.0,0.47
2023-08-03,Panamax,USA,13.6,497.3,0.468
2023-08-04,Panamax,USA,14.26,505.2,0.491
2023-08-05,Panamax,USA,14.14,506.1,0.441
2023-08-06,Panamax,USA,14.08,488.2,0.58
2023-08-07,Panamax,USA,13.98,525.0,0.336
2023-08-08,Panamax,USA,14.27,523.1,0.464
2023-08-09,Panamax,USA,14.5,517.5,0.717
2023-08-10,Panamax,USA,14.43,520.6,0.494
2023-08-11,Panamax,USA,13.91,504.6,0.386
2023-08-12,Panamax,USA,13.48,508.6,0.79
2023-08-13,Panamax,USA,13.58,525.6,0.627
2023-08-14,Panamax,USA,13.86,515.7,0.317
2023-08-15,Panamax,USA,13.69,495.5,0.376
2023-08-16,Panamax,USA,12.83,539.4,0.647
2023-08-17,Panamax,USA,13.4,489.1,0.335
2023-08-18,Panamax,USA,13.7,494.3,0.38
2023-08-19,Panamax,USA,13.23,478.8,0.548
2023-08-20,Panamax,USA,12.97,529.8,0.306
2023-08-21,Panamax,USA,13.48,522.0,0.549
2023-08-22,Panamax,USA,13.16,506.2,0.554
2023-08-23,Panamax,USA,12.77,511.2,0.486
2023-08-24,Panamax,USA,12.86,532.8,0.557
2023-08-25,Panamax,USA,12.82,484.3,0.333
2023-08-26,Panamax,USA,12.2,503.0,0.347
2023-08-27,Panamax,USA,12.32,499.1,0.279
2023-08-28,Panamax,USA,12.6,499.0,0.468
2023-08-29,Panamax,USA,12.51,541.3,0.522
2023-08-30,Panamax,USA,12.54,509.6,0.531
2023-08-31,Panamax,USA,12.32,524.9,0.727
2023-09-01,Panamax,USA,12.17,504.2,0.607
2023-09-02,Panamax,USA,12.19,514.0,0.575
2023-09-03,Panamax,USA,12.15,539.5,0.443
2023-09-04,Panamax,USA,11.94,519.4,0.436
2023-09-05,Panamax,USA,11.89,537.2,0.4
2023-09-06,Panamax,USA,11.79,494.6,0.568
2023-09-07,Panamax,USA,11.73,505.4,0.586
2023-09-08,Panamax,USA,11.72,529.7,0.467
2023-09-09,Panamax,USA,11.58,516.3,0.61
2023-09-10,Panamax,USA,11.57,505.4,0.388
2023-09-11,Panamax,USA,11.65,504.6,0.568
2023-09-12,Panamax,USA,11.93,489.8,0.376
2023-09-13,Panamax,USA,12.32,514.2,0.499
2023-09-14,Panamax,USA,12.51,515.4,0.411
2023-09-15,Panamax,USA,12.45,537.8,0.083
2023-09-16,Panamax,USA,12.62,505.9,0.339
2023-09-17,Panamax,USA,12.45,519.5,0.391
2023-09-18,Panamax,USA,12.94,510.9,0.597
2023-09-19,Panamax,USA,12.62,505.2,0.421
2023-09-20,Panamax,USA,13.41,519.1,0.259
2023-09-21,Panamax,USA,13.52,520.8,0.411
2023-09-22,Panamax,USA,13.48,505.0,0.48
2023-09-23,Panamax,USA,13.49,509.4,0.475
2023-09-24,Panamax,USA,12.98,520.8,0.569
2023-09-25,Panamax,USA,12.3,519.8,0.518
2023-09-26,Panamax,USA,12.48,522.5,0.507
2023-09-27,Panamax,USA,13.07,518.9,0.315
2023-09-28,Panamax,USA,13.03,524.6,0.403
2023-09-29,Panamax,USA,13.09,493.8,0.57
2023-09-30,Panamax,USA,12.25,524.1,0.0
2023-10-01,Panamax,USA,12.05,505.5,0.307
2023-10-02,Panamax,USA,11.96,501.2,0.594
2023-10-03,Panamax,USA,11.93,507.3,0.239
2023-10-04,Panamax,USA,11.88,492.9,0.492
2023-10-05,Panamax,USA,11.89,502.5,0.584
2023-10-06,Panamax,USA,12.3,502.0,0.424
2023-10-07,Panamax,USA,12.5,514.0,0.323
2023-10-08,Panamax,USA,12.38,505.8,0.282
2023-10-09,Panamax,USA,12.2,498.3,0.306
2023-10-10,Panamax,USA,11.89,515.9,0.446
2023-10-11,Panamax,USA,11.6,516.7,0.351
2023-10-12,Panamax,USA,12.26,513.7,0.625
2023-10-13,Panamax,USA,12.15,511.6,0.419
2023-10-14,Panamax,USA,11.96,526.5,0.316
2023-10-15,Panamax,USA,11.57,520.4,0.169
2023-10-16,Panamax,USA,11.68,514.7,0.343
2023-10-17,Panamax,USA,11.95,511.0,0.432
2023-10-18,Panamax,USA,11.65,493.1,0.485
2023-10-19,Panamax,USA,11.32,507.3,0.612
2023-10-20,Panamax,USA,11.97,502.7,0.274
2023-10-21,Panamax,USA,11.96,517.8,0.483
2023-10-22,Panamax,USA,12.74,509.8,0.291
2023-10-23,Panamax,USA,12.65,500.8,0.3
2023-10-24,Panamax,USA,12.04,523.5,0.151
2023-10-25,Panamax,USA,11.99,503.4,0.605
2023-10-26,Panamax,USA,11.7,492.6,0.165
2023-10-27,Panamax,USA,11.34,527.1,0.295
2023-10-28,Panamax,USA,10.75,541.6,0.507
2023-10-29,Panamax,USA,11.5,528.4,0.206
2023-10-30,Panamax,USA,11.69,504.8,0.334
2023-10-31,Panamax,USA,12.06,491.1,0.308
2023-11-01,Panamax,USA,12.23,530.1,0.141
2023-11-02,Panamax,USA,12.27,511.9,0.0
2023-11-03,Panamax,USA,12.34,510.9,0.441
2023-11-04,Panamax,USA,12.98,505.3,0.242
2023-11-05,Panamax,USA,12.78,515.9,0.323
2023-11-06,Panamax,USA,13.31,499.5,0.356
2023-11-07,Panamax,USA,12.82,474.3,0.254
2023-11-08,Panamax,USA,13.12,497.6,0.281
2023-11-09,Panamax,USA,13.09,508.0,0.28
2023-11-10,Panamax,USA,13.32,525.8,0.334
2023-11-11,Panamax,USA,13.14,498.6,0.303
2023-11-12,Panamax,USA,13.47,499.6,0.491
2023-11-13,Panamax,USA,13.03,532.4,0.228
2023-11-14,Panamax,USA,12.74,509.0,0.159
2023-11-15,Panamax,USA,13.17,528.2,0.512
2023-11-16,Panamax,USA,12.99,511.4,0.339
2023-11-17,Panamax,USA,13.04,525.2,0.199
2023-11-18,Panamax,USA,13.22,527.8,0.302
2023-11-19,Panamax,USA,13.18,513.1,0.261
2023-11-20,Panamax,USA,13.33,506.6,0.21
2023-11-21,Panamax,USA,12.96,517.7,0.282
2023-11-22,Panamax,USA,12.11,492.3,0.334
2023-11-23,Panamax,USA,12.23,526.3,0.251
2023-11-24,Panamax,USA,11.9,509.6,0.365
2023-11-25,Panamax,USA,11.89,502.9,0.136
2023-11-26,Panamax,USA,11.81,489.2,0.392
2023-11-27,Panamax,USA,11.47,511.0,0.261
2023-11-28,Panamax,USA,11.67,529.8,0.235
2023-11-29,Panamax,USA,11.91,515.7,0.16
2023-11-30,Panamax,USA,11.6,508.3,0.32
2023-12-01,Panamax,USA,11.94,521.0,0.374
2023-12-02,Panamax,USA,11.84,503.7,0.432
2023-12-03,Panamax,USA,11.89,513.5,0.49
2023-12-04,Panamax,USA,11.49,516.0,0.367
2023-12-05,Panamax,USA,11.63,517.5,0.776
2023-12-06,Panamax,USA,12.23,512.0,0.311
2023-12-07,Panamax,USA,12.49,489.0,0.125
2023-12-08,Panamax,USA,12.53,513.6,0.437
2023-12-09,Panamax,USA,12.72,503.3,0.236
2023-12-10,Panamax,USA,12.66,536.6,0.354
2023-12-11,Panamax,USA,13.47,508.7,0.566
2023-12-12,Panamax,USA,13.39,491.9,0.17
2023-12-13,Panamax,USA,13.37,511.5,0.429
2023-12-14,Panamax,USA,13.02,518.3,0.266
2023-12-15,Panamax,USA,12.85,513.2,0.093
2023-12-16,Panamax,USA,12.56,506.9,0.262
2023-12-17,Panamax,USA,13.32,515.6,0.109
2023-12-18,Panamax,USA,13.66,508.1,0.218
2023-12-19,Panamax,USA,13.58,495.2,0.299
2023-12-20,Panamax,USA,13.14,542.3,0.199
2023-12-21,Panamax,USA,13.12,512.8,0.123
2023-12-22,Panamax,USA,13.06,497.9,0.545
2023-12-23,Panamax,USA,12.4,508.7,0.246
2023-12-24,Panamax,USA,13.22,484.5,0.183
2023-12-25,Panamax,USA,13.37,509.7,0.428
2023-12-26,Panamax,USA,12.73,499.8,0.458
2023-12-27,Panamax,USA,13.17,488.4,0.422
2023-12-28,Panamax,USA,13.86,509.4,0.154
2023-12-29,Panamax,USA,13.81,486.9,0.14
2023-12-30,Panamax,USA,13.81,507.2,0.09
2023-12-31,Panamax,USA,13.75,492.3,0.345
2024-01-01,Panamax,USA,13.2,512.8,0.127
2024-01-02,Panamax,USA,14.0,511.3,0.458
2024-01-03,Panamax,USA,14.35,501.0,0.519
2024-01-04,Panamax,USA,13.99,495.5,0.164
2024-01-05,Panamax,USA,14.2,484.6,0.422
2024-01-06,Panamax,USA,13.91,481.4,0.267
2024-01-07,Panamax,USA,14.23,494.1,0.573
2024-01-08,Panamax,USA,14.17,531.1,0.43
2024-01-09,Panamax,USA,13.51,480.0,0.246
2024-01-10,Panamax,USA,13.29,517.1,0.12
2024-01-11,Panamax,USA,12.96,495.8,0.371
2024-01-12,Panamax,USA,13.11,495.1,0.242
2024-01-13,Panamax,USA,13.08,489.3,0.189
2024-01-14,Panamax,USA,13.21,495.6,0.197
2024-01-15,Panamax,USA,13.5,501.1,0.168
2024-01-16,Panamax,USA,12.63,516.5,0.0
2024-01-17,Panamax,USA,12.25,501.7,0.202
2024-01-18,Panamax,USA,12.67,497.6,0.212
2024-01-19,Panamax,USA,13.18,497.4,0.401
2024-01-20,Panamax,USA,13.33,492.6,0.16
2024-01-21,Panamax,USA,13.99,499.0,0.226
2024-01-22,Panamax,USA,13.63,510.1,0.406
2024-01-23,Panamax,USA,13.91,513.2,0.352
2024-01-24,Panamax,USA,14.77,506.6,0.166
2024-01-25,Panamax,USA,13.94,514.1,0.518
2024-01-26,Panamax,USA,14.26,476.3,0.0
2024-01-27,Panamax,USA,14.09,511.2,0.228
2024-01-28,Panamax,USA,13.29,496.1,0.189
2024-01-29,Panamax,USA,13.4,498.2,0.419
2024-01-30,Panamax,USA,13.18,494.8,0.0
2024-01-31,Panamax,USA,13.65,471.4,0.081
2024-02-01,Panamax,USA,12.69,520.8,0.117
2024-02-02,Panamax,USA,12.75,504.9,0.023
2024-02-03,Panamax,USA,13.21,481.2,0.513
2024-02-04,Panamax,USA,13.13,497.5,0.296
2024-02-05,Panamax,USA,12.86,479.3,0.062
2024-02-06,Panamax,USA,13.4,512.0,0.138
2024-02-07,Panamax,USA,12.78,507.1,0.447
2024-02-08,Panamax,USA,13.23,485.6,0.383
2024-02-09,Panamax,USA,13.29,505.5,0.179
2024-02-10,Panamax,USA,13.3,498.4,0.407
2024-02-11,Panamax,USA,13.26,510.5,0.367
2024-02-12,Panamax,USA,13.24,513.3,0.483
2024-02-13,Panamax,USA,13.81,510.4,0.113
2024-02-14,Panamax,USA,13.09,482.3,0.075
2024-02-15,Panamax,USA,13.22,491.2,0.274
2024-02-16,Panamax,USA,13.44,490.3,0.219
2024-02-17,Panamax,USA,13.41,503.3,0.331
2024-02-18,Panamax,USA,13.05,496.0,0.223
2024-02-19,Panamax,USA,12.58,485.2,0.222
2024-02-20,Panamax,USA,12.66,478.7,0.0
2024-02-21,Panamax,USA,12.36,498.5,0.208
2024-02-22,Panamax,USA,12.26,487.9,0.334
2024-02-23,Panamax,USA,12.12,490.9,0.373
2024-02-24,Panamax,USA,12.44,490.3,0.471
2024-02-25,Panamax,USA,12.73,496.4,0.14
2024-02-26,Panamax,USA,12.66,477.5,0.583
2024-02-27,Panamax,USA,12.42,475.8,0.32
2024-02-28,Panamax,USA,13.03,486.0,0.134
2024-02-29,Panamax,USA,13.04,476.7,0.349
2024-03-01,Panamax,USA,12.65,490.1,0.427
2024-03-02,Panamax,USA,12.8,497.8,0.182
2024-03-03,Panamax,USA,13.65,495.7,0.095
2024-03-04,Panamax,USA,13.49,485.0,0.112
2024-03-05,Panamax,USA,13.71,469.5,0.284
2024-03-06,Panamax,USA,13.74,489.7,0.172
2024-03-07,Panamax,USA,13.64,509.4,0.359
2024-03-08,Panamax,USA,13.09,478.0,0.098
2024-03-09,Panamax,USA,12.69,476.9,0.214
2024-03-10,Panamax,USA,13.24,487.7,0.508
2024-03-11,Panamax,USA,13.57,486.7,0.235
2024-03-12,Panamax,USA,13.89,502.2,0.405
2024-03-13,Panamax,USA,14.31,480.8,0.402
2024-03-14,Panamax,USA,14.38,490.4,0.116
2024-03-15,Panamax,USA,14.43,499.3,0.154
2024-03-16,Panamax,USA,14.56,450.2,0.364
2024-03-17,Panamax,USA,14.36,480.4,0.201
2024-03-18,Panamax,USA,14.55,482.9,0.265
2024-03-19,Panamax,USA,14.46,498.6,0.465
2024-03-20,Panamax,USA,14.77,465.9,0.252
2024-03-21,Panamax,USA,15.08,478.0,0.618
2024-03-22,Panamax,USA,15.54,468.8,0.297
2024-03-23,Panamax,USA,15.71,481.8,0.0
2024-03-24,Panamax,USA,15.82,495.1,0.103
2024-03-25,Panamax,USA,16.16,447.9,0.24
2024-03-26,Panamax,USA,15.91,468.8,0.237
2024-03-27,Panamax,USA,16.23,489.7,0.086
2024-03-28,Panamax,USA,15.89,470.9,0.241
2024-03-29,Panamax,USA,15.98,471.9,0.237
2024-03-30,Panamax,USA,16.01,494.9,0.011
2024-03-31,Panamax,USA,15.96,492.0,0.246
2024-04-01,Panamax,USA,15.5,469.0,0.324
2024-04-02,Panamax,USA,15.31,506.5,0.576
2024-04-03,Panamax,USA,15.28,481.7,0.45
2024-04-04,Panamax,USA,15.37,492.3,0.204
2024-04-05,Panamax,USA,15.49,487.7,0.153
2024-04-06,Panamax,USA,15.33,501.7,0.192
2024-04-07,Panamax,USA,15.61,483.4,0.264
2024-04-08,Panamax,USA,15.43,489.2,0.337
2024-04-09,Panamax,USA,16.26,497.4,0.43
2024-04-10,Panamax,USA,15.87,487.6,0.405
2024-04-11,Panamax,USA,15.47,469.4,0.264
2024-04-12,Panamax,USA,15.83,463.6,0.183
2024-04-13,Panamax,USA,15.83,471.6,0.183
2024-04-14,Panamax,USA,15.72,468.1,0.193
2024-04-15,Panamax,USA,15.61,470.0,0.311
2024-04-16,Panamax,USA,15.67,464.8,0.13
2024-04-17,Panamax,USA,15.65,477.3,0.394
2024-04-18,Panamax,USA,15.71,495.0,0.325
2024-04-19,Panamax,USA,16.13,484.9,0.053
2024-04-20,Panamax,USA,15.71,517.1,0.232
2024-04-21,Panamax,USA,15.61,466.5,0.153
2024-04-22,Panamax,USA,15.37,498.4,0.155
2024-04-23,Panamax,USA,15.28,470.1,0.245
2024-04-24,Panamax,USA,15.16,457.2,0.38
2024-04-25,Panamax,USA,14.81,493.0,0.543
2024-04-26,Panamax,USA,14.76,484.4,0.12
2024-04-27,Panamax,USA,14.56,470.0,0.302
2024-04-28,Panamax,USA,14.75,445.3,0.182
2024-04-29,Panamax,USA,14.84,455.1,0.171
2024-04-30,Panamax,USA,14.72,467.3,0.288
2024-05-01,Panamax,USA,14.77,483.0,0.251
2024-05-02,Panamax,USA,14.88,483.4,0.328
2024-05-03,Panamax,USA,15.08,460.2,0.402
2024-05-04,Panamax,USA,15.17,453.2,0.009
2024-05-05,Panamax,USA,14.96,469.7,0.293
2024-05-06,Panamax,USA,14.49,471.1,0.224
2024-05-07,Panamax,USA,14.12,474.8,0.178
2024-05-08,Panamax,USA,14.23,460.3,0.272
2024-05-09,Panamax,USA,14.21,492.7,0.135
2024-05-10,Panamax,USA,14.24,468.8,0.239
2024-05-11,Panamax,USA,14.52,486.3,0.029
2024-05-12,Panamax,USA,14.35,499.9,0.012
2024-05-13,Panamax,USA,14.04,486.3,0.348
2024-05-14,Panamax,USA,13.77,494.9,0.123
2024-05-15,Panamax,USA,13.36,486.7,0.157
2024-05-16,Panamax,USA,13.34,462.7,0.264
2024-05-17,Panamax,USA,13.2,480.7,0.159
2024-05-18,Panamax,USA,13.06,474.8,0.324
2024-05-19,Panamax,USA,13.09,441.4,0.362
2024-05-20,Panamax,USA,12.88,472.2,0.374
2024-05-21,Panamax,USA,12.82,467.0,0.352
2024-05-22,Panamax,USA,12.47,483.0,0.511
2024-05-23,Panamax,USA,12.75,456.8,0.485
2024-05-24,Panamax,USA,12.75,467.9,0.482
2024-05-25,Panamax,USA,12.42,477.4,0.359
2024-05-26,Panamax,USA,12.15,451.5,0.292
2024-05-27,Panamax,USA,12.11,457.1,0.471
2024-05-28,Panamax,USA,11.94,457.2,0.451
2024-05-29,Panamax,USA,11.88,500.2,0.059
2024-05-30,Panamax,USA,12.26,471.8,0.193
2024-05-31,Panamax,USA,11.91,471.1,0.18
2024-06-01,Panamax,USA,12.24,470.9,0.472
2024-06-02,Panamax,USA,12.38,455.2,0.265
2024-06-03,Panamax,USA,12.02,467.2,0.299
2024-06-04,Panamax,USA,11.73,464.3,0.428
2024-06-05,Panamax,USA,11.8,463.9,0.601
2024-06-06,Panamax,USA,12.28,486.1,0.284
2024-06-07,Panamax,USA,12.15,467.8,0.493
2024-06-08,Panamax,USA,11.94,457.1,0.335
2024-06-09,Panamax,USA,11.79,474.2,0.452
2024-06-10,Panamax,USA,11.79,451.7,0.191
2024-06-11,Panamax,USA,11.53,479.9,0.148
2024-06-12,Panamax,USA,11.84,493.1,0.181
2024-06-13,Panamax,USA,11.86,482.5,0.696
2024-06-14,Panamax,USA,11.87,449.0,0.483
2024-06-15,Panamax,USA,12.08,476.4,0.312
2024-06-16,Panamax,USA,12.4,479.8,0.162
2024-06-17,Panamax,USA,12.2,441.9,0.39
2024-06-18,Panamax,USA,11.87,484.5,0.72
2024-06-19,Panamax,USA,12.15,450.8,0.333
2024-06-20,Panamax,USA,12.26,462.7,0.207
2024-06-21,Panamax,USA,12.28,466.3,0.528
2024-06-22,Panamax,USA,12.15,461.8,0.108
2024-06-23,Panamax,USA,12.35,446.8,0.402
2024-06-24,Panamax,USA,12.58,465.0,0.534
2024-06-25,Panamax,USA,12.94,457.1,0.277
2024-06-26,Panamax,USA,12.59,472.6,0.219
2024-06-27,Panamax,USA,13.05,448.8,0.223
2024-06-28,Panamax,USA,13.14,460.9,0.449
2024-06-29,Panamax,USA,13.55,440.3,0.464
2024-06-30,Panamax,USA,13.27,481.4,0.656
2024-07-01,Panamax,USA,12.93,428.8,0.37
2024-07-02,Panamax,USA,12.58,434.7,0.243
2024-07-03,Panamax,USA,12.2,438.8,0.453
2024-07-04,Panamax,USA,13.01,462.5,0.508
2024-07-05,Panamax,USA,12.89,451.0,0.526
2024-07-06,Panamax,USA,12.87,451.1,0.178
2024-07-07,Panamax,USA,13.12,431.5,0.278
2024-07-08,Panamax,USA,13.27,469.6,0.218
2024-07-09,Panamax,USA,13.44,449.2,0.34
2024-07-10,Panamax,USA,13.08,470.5,0.063
2024-07-11,Panamax,USA,12.96,466.3,0.606
2024-07-12,Panamax,USA,13.01,450.3,0.331
2024-07-13,Panamax,USA,12.91,462.3,0.32
2024-07-14,Panamax,USA,12.95,435.7,0.394
2024-07-15,Panamax,USA,12.92,447.1,0.174
2024-07-16,Panamax,USA,12.86,443.6,0.433
2024-07-17,Panamax,USA,12.74,442.5,0.099
2024-07-18,Panamax,USA,12.69,467.8,0.443
2024-07-19,Panamax,USA,12.48,424.5,0.25
2024-07-20,Panamax,USA,12.64,436.1,0.261
2024-07-21,Panamax,USA,12.93,438.8,0.464
2024-07-22,Panamax,USA,12.65,463.8,0.412
2024-07-23,Panamax,USA,12.37,432.6,0.275
2024-07-24,Panamax,USA,13.09,435.9,0.452
2024-07-25,Panamax,USA,12.97,433.2,0.434
2024-07-26,Panamax,USA,12.71,472.9,0.2
2024-07-27,Panamax,USA,12.84,484.1,0.558
2024-07-28,Panamax,USA,12.98,454.5,0.457
2024-07-29,Panamax,USA,13.38,408.3,0.701
2024-07-30,Panamax,USA,13.21,460.4,0.214
2024-07-31,Panamax,USA,13.8,419.1,0.42
2024-08-01,Panamax,USA,13.74,465.2,0.538
2024-08-02,Panamax,USA,13.78,452.7,0.63
2024-08-03,Panamax,USA,13.56,428.1,0.682
2024-08-04,Panamax,USA,13.6,424.9,0.509
2024-08-05,Panamax,USA,13.44,450.6,0.228
2024-08-06,Panamax,USA,13.02,455.9,0.511
2024-08-07,Panamax,USA,13.21,445.7,0.623
2024-08-08,Panamax,USA,12.87,463.6,0.454
2024-08-09,Panamax,USA,13.05,434.1,0.445
2024-08-10,Panamax,USA,12.97,452.2,0.327
2024-08-11,Panamax,USA,12.89,438.7,0.367
2024-08-12,Panamax,USA,13.42,453.2,0.182
2024-08-13,Panamax,USA,12.9,424.7,0.44
2024-08-14,Panamax,USA,13.0,424.2,0.484
2024-08-15,Panamax,USA,12.9,441.3,0.496
2024-08-16,Panamax,USA,12.99,418.5,0.475
2024-08-17,Panamax,USA,12.97,458.6,0.367
2024-08-18,Panamax,USA,12.8,436.3,0.419
2024-08-19,Panamax,USA,13.14,444.6,0.306
2024-08-20,Panamax,USA,12.76,432.7,0.401
2024-08-21,Panamax,USA,12.83,444.4,0.565
2024-08-22,Panamax,USA,12.76,434.2,0.665
2024-08-23,Panamax,USA,12.98,418.6,0.657
2024-08-24,Panamax,USA,12.17,427.3,0.515
2024-08-25,Panamax,USA,12.31,427.0,0.672
2024-08-26,Panamax,USA,11.99,446.8,0.551
2024-08-27,Panamax,USA,11.66,442.8,0.57
2024-08-28,Panamax,USA,11.42,436.4,0.614
2024-08-29,Panamax,USA,11.16,433.0,0.165
2024-08-30,Panamax,USA,11.46,448.8,0.478
2024-08-31,Panamax,USA,11.43,444.7,0.45
2024-09-01,Panamax,USA,11.58,427.7,0.342
2024-09-02,Panamax,USA,11.73,414.4,0.531
2024-09-03,Panamax,USA,11.84,442.9,0.334
2024-09-04,Panamax,USA,12.44,414.4,0.571
2024-09-05,Panamax,USA,12.68,453.1,0.611
2024-09-06,Panamax,USA,12.73,422.1,0.236
2024-09-07,Panamax,USA,12.32,415.4,0.52
2024-09-08,Panamax,USA,12.34,428.8,0.387
2024-09-09,Panamax,USA,12.54,434.1,0.491
2024-09-10,Panamax,USA,12.49,442.3,0.399
2024-09-11,Panamax,USA,12.25,440.6,0.585
2024-09-12,Panamax,USA,11.79,437.6,0.429
2024-09-13,Panamax,USA,11.68,415.5,0.565
2024-09-14,Panamax,USA,11.24,458.9,0.285
2024-09-15,Panamax,USA,11.62,467.4,0.403
2024-09-16,Panamax,USA,11.77,462.5,0.594
2024-09-17,Panamax,USA,11.71,450.4,0.633
2024-09-18,Panamax,USA,11.6,463.6,0.548
2024-09-19,Panamax,USA,11.63,419.9,0.537
2024-09-20,Panamax,USA,11.55,411.4,0.467
2024-09-21,Panamax,USA,11.6,459.8,0.345
2024-09-22,Panamax,USA,11.36,445.7,0.194
2024-09-23,Panamax,USA,11.46,434.6,0.647
2024-09-24,Panamax,USA,11.54,403.6,0.376
2024-09-25,Panamax,USA,11.42,430.3,0.363
2024-09-26,Panamax,USA,12.08,427.3,0.399
2024-09-27,Panamax,USA,11.97,444.2,0.478
2024-09-28,Panamax,USA,12.17,421.7,0.262
2024-09-29,Panamax,USA,12.25,443.8,0.299
2024-09-30,Panamax,USA,11.9,412.7,0.249
2024-10-01,Panamax,USA,11.79,435.9,0.496
2024-10-02,Panamax,USA,12.06,416.8,0.323
2024-10-03,Panamax,USA,12.14,426.1,0.524
2024-10-04,Panamax,USA,12.48,447.9,0.209
2024-10-05,Panamax,USA,12.06,415.6,0.207
2024-10-06,Panamax,USA,12.1,434.6,0.578
2024-10-07,Panamax,USA,12.66,433.7,0.454
2024-10-08,Panamax,USA,12.86,423.1,0.439
2024-10-09,Panamax,USA,12.82,435.6,0.32
2024-10-10,Panamax,USA,12.43,428.9,0.445
2024-10-11,Panamax,USA,13.2,457.0,0.762
2024-10-12,Panamax,USA,12.78,404.6,0.363
2024-10-13,Panamax,USA,13.22,414.4,0.398
2024-10-14,Panamax,USA,13.35,429.4,0.351
2024-10-15,Panamax,USA,12.79,430.6,0.431
2024-10-16,Panamax,USA,13.22,431.5,0.413
2024-10-17,Panamax,USA,13.32,403.7,0.429
2024-10-18,Panamax,USA,13.83,433.2,0.726
2024-10-19,Panamax,USA,14.12,416.1,0.357
2024-10-20,Panamax,USA,14.28,440.5,0.515
2024-10-21,Panamax,USA,15.1,407.6,0.488
2024-10-22,Panamax,USA,15.17,421.1,0.662
2024-10-23,Panamax,USA,15.24,427.5,0.614
2024-10-24,Panamax,USA,15.55,396.2,0.529
2024-10-25,Panamax,USA,15.36,432.5,0.409
2024-10-26,Panamax,USA,15.73,433.0,0.464
2024-10-27,Panamax,USA,15.54,400.3,0.429
2024-10-28,Panamax,USA,16.3,410.8,0.151
2024-10-29,Panamax,USA,15.88,423.3,0.808
2024-10-30,Panamax,USA,15.71,403.1,0.658
2024-10-31,Panamax,USA,15.2,394.7,0.332
2024-11-01,Panamax,USA,15.48,441.9,0.327
2024-11-02,Panamax,USA,15.43,418.4,0.663
2024-11-03,Panamax,USA,16.08,408.2,0.481
2024-11-04,Panamax,USA,16.54,427.1,0.456
2024-11-05,Panamax,USA,16.38,429.6,0.461
2024-11-06,Panamax,USA,15.94,413.5,0.451
2024-11-07,Panamax,USA,16.13,414.5,0.407
2024-11-08,Panamax,USA,16.15,419.9,0.597
2024-11-09,Panamax,USA,15.89,424.4,0.37
2024-11-10,Panamax,USA,15.98,391.0,0.255
2024-11-11,Panamax,USA,16.15,433.6,0.731
2024-11-12,Panamax,USA,16.36,431.4,0.526
2024-11-13,Panamax,USA,16.27,429.2,0.428
2024-11-14,Panamax,USA,16.56,398.5,0.353
2024-11-15,Panamax,USA,16.33,403.8,0.715
2024-11-16,Panamax,USA,16.71,401.4,0.618
2024-11-17,Panamax,USA,16.86,421.9,0.402
2024-11-18,Panamax,USA,16.77,436.0,0.525
2024-11-19,Panamax,USA,16.51,414.5,0.438
2024-11-20,Panamax,USA,16.13,412.1,0.489
2024-11-21,Panamax,USA,16.37,422.8,0.673
2024-11-22,Panamax,USA,16.76,420.7,0.727
2024-11-23,Panamax,USA,17.22,401.1,0.669
2024-11-24,Panamax,USA,17.82,437.0,0.512
2024-11-25,Panamax,USA,18.27,420.2,0.58
2024-11-26,Panamax,USA,18.45,383.2,0.494
2024-11-27,Panamax,USA,18.19,381.6,0.558
2024-11-28,Panamax,USA,18.93,406.0,0.429
2024-11-29,Panamax,USA,18.24,408.1,0.582
2024-11-30,Panamax,USA,17.37,404.0,0.692
2024-12-01,Panamax,USA,17.25,393.3,0.562
2024-12-02,Panamax,USA,17.82,415.7,0.789
2024-12-03,Panamax,USA,17.56,417.9,0.571
2024-12-04,Panamax,USA,17.56,396.3,0.515
2024-12-05,Panamax,USA,17.82,431.4,0.53
2024-12-06,Panamax,USA,17.94,415.0,0.322
2024-12-07,Panamax,USA,17.56,403.0,0.679
2024-12-08,Panamax,USA,17.39,412.4,0.48
2024-12-09,Panamax,USA,17.31,422.6,0.47
2024-12-10,Panamax,USA,17.41,408.9,0.724
2024-12-11,Panamax,USA,17.9,374.1,0.616
2024-12-12,Panamax,USA,17.69,418.2,0.533
2024-12-13,Panamax,USA,17.64,413.9,0.347
2024-12-14,Panamax,USA,17.79,395.2,0.737
2024-12-15,Panamax,USA,17.82,394.6,0.637
2024-12-16,Panamax,USA,18.51,413.0,0.756
2024-12-17,Panamax,USA,18.79,423.1,0.553
2024-12-18,Panamax,USA,18.14,423.6,0.626
2024-12-19,Panamax,USA,17.73,434.1,0.486
2024-12-20,Panamax,USA,17.18,415.1,0.617
2024-12-21,Panamax,USA,17.44,413.0,0.534
2024-12-22,Panamax,USA,16.85,392.8,0.571
2024-12-23,Panamax,USA,16.91,377.5,0.784
2024-12-24,Panamax,USA,16.95,397.6,0.407
2024-12-25,Panamax,USA,16.68,386.2,0.567
2024-12-26,Panamax,USA,16.87,411.6,0.512
2024-12-27,Panamax,USA,17.24,401.3,0.415
2024-12-28,Panamax,USA,16.83,389.6,0.287
2024-12-29,Panamax,USA,16.89,410.3,0.438
2024-12-30,Panamax,USA,16.69,420.9,0.415
2024-12-31,Panamax,USA,16.39,398.9,0.41
2025-01-01,Panamax,USA,15.62,396.3,0.535
2025-01-02,Panamax,USA,15.79,394.2,0.623
2025-01-03,Panamax,USA,15.64,433.2,0.415
2025-01-04,Panamax,USA,15.19,390.4,0.679
2025-01-05,Panamax,USA,14.81,370.9,0.699
2025-01-06,Panamax,USA,14.86,428.8,0.517
2025-01-07,Panamax,USA,15.24,400.9,0.434
2025-01-08,Panamax,USA,14.75,397.2,0.464
2025-01-09,Panamax,USA,15.24,401.1,0.53
2025-01-10,Panamax,USA,15.53,379.0,0.732
2025-01-11,Panamax,USA,16.11,410.7,0.653
2025-01-12,Panamax,USA,16.11,415.0,0.652
2025-01-13,Panamax,USA,16.27,405.7,0.633
2025-01-14,Panamax,USA,16.17,407.9,0.304
2025-01-15,Panamax,USA,16.42,374.3,0.202
2025-01-16,Panamax,USA,16.88,407.2,0.446
2025-01-17,Panamax,USA,16.7,416.7,0.6
2025-01-18,Panamax,USA,16.54,385.7,0.451
2025-01-19,Panamax,USA,16.03,388.5,0.475
2025-01-20,Panamax,USA,16.54,407.8,0.604
2025-01-21,Panamax,USA,16.94,395.1,0.748
2025-01-22,Panamax,USA,16.61,391.7,0.544
2025-01-23,Panamax,USA,16.99,407.0,0.522
2025-01-24,Panamax,USA,16.93,408.8,0.194
2025-01-25,Panamax,USA,15.98,400.4,0.531
2025-01-26,Panamax,USA,15.07,397.7,0.66
2025-01-27,Panamax,USA,14.0,369.9,0.5
2025-01-28,Panamax,USA,14.45,400.2,0.511
2025-01-29,Panamax,USA,14.09,391.7,0.481
2025-01-30,Panamax,USA,13.56,363.5,0.419
2025-01-31,Panamax,USA,13.62,387.2,0.586
2025-02-01,Panamax,USA,13.38,372.4,0.326
2025-02-02,Panamax,USA,13.24,411.0,0.414
2025-02-03,Panamax,USA,12.74,388.9,0.375
2025-02-04,Panamax,USA,13.45,399.3,0.631
2025-02-05,Panamax,USA,13.6,397.2,0.286
2025-02-06,Panamax,USA,13.89,413.3,0.581
2025-02-07,Panamax,USA,14.2,416.6,0.442
2025-02-08,Panamax,USA,14.12,403.3,0.608
2025-02-09,Panamax,USA,14.37,413.0,0.31
2025-02-10,Panamax,USA,14.63,403.2,0.584
2025-02-11,Panamax,USA,14.4,409.2,0.691
2025-02-12,Panamax,USA,14.1,396.7,0.581
2025-02-13,Panamax,USA,14.78,417.5,0.768
2025-02-14,Panamax,USA,14.34,392.3,0.499
2025-02-15,Panamax,USA,14.31,397.8,0.642
2025-02-16,Panamax,USA,14.64,394.2,0.709
2025-02-17,Panamax,USA,14.86,417.8,0.224
2025-02-18,Panamax,USA,14.93,381.6,0.469
2025-02-19,Panamax,USA,15.17,395.4,0.395
2025-02-20,Panamax,USA,14.41,387.4,0.599
2025-02-21,Panamax,USA,13.92,395.4,0.618
2025-02-22,Panamax,USA,14.19,399.0,0.302
2025-02-23,Panamax,USA,14.98,393.0,0.217
2025-02-24,Panamax,USA,14.36,400.6,0.399
2025-02-25,Panamax,USA,14.95,359.6,0.606
2025-02-26,Panamax,USA,14.71,376.3,0.429
2025-02-27,Panamax,USA,14.27,373.5,0.776
2025-02-28,Panamax,USA,14.34,376.1,0.661
2025-03-01,Panamax,USA,14.45,376.6,0.33
2025-03-02,Panamax,USA,15.52,413.9,0.521
2025-03-03,Panamax,USA,15.64,379.7,0.338
2025-03-04,Panamax,USA,16.26,392.4,0.672
2025-03-05,Panamax,USA,15.54,389.4,0.411
2025-03-06,Panamax,USA,15.14,404.1,0.448
2025-03-07,Panamax,USA,15.57,395.9,0.538
2025-03-08,Panamax,USA,15.67,409.6,0.21
2025-03-09,Panamax,USA,15.83,421.9,0.297
2025-03-10,Panamax,USA,15.7,396.9,0.393
2025-03-11,Panamax,USA,15.3,385.2,0.698
2025-03-12,Panamax,USA,14.78,406.2,0.545
2025-03-13,Panamax,USA,15.57,382.4,0.647
2025-03-14,Panamax,USA,15.63,372.3,0.385
2025-03-15,Panamax,USA,14.62,396.2,0.515
2025-03-16,Panamax,USA,14.73,403.4,0.425
2025-03-17,Panamax,USA,14.3,403.9,0.575
2025-03-18,Panamax,USA,14.87,379.1,0.397
2025-03-19,Panamax,USA,15.02,387.5,0.358
2025-03-20,Panamax,USA,15.91,373.9,0.234
2025-03-21,Panamax,USA,15.58,382.6,0.668
2025-03-22,Panamax,USA,15.82,420.7,0.599
2025-03-23,Panamax,USA,15.66,405.4,0.433
2025-03-24,Panamax,USA,15.14,394.0,0.587
2025-03-25,Panamax,USA,15.58,410.5,0.272
2025-03-26,Panamax,USA,15.48,380.3,0.45
2025-03-27,Panamax,USA,15.4,400.8,0.7
2025-03-28,Panamax,USA,14.39,393.4,0.345
2025-03-29,Panamax,USA,14.28,420.5,0.354
2025-03-30,Panamax,USA,13.62,397.1,0.371
2025-03-31,Panamax,USA,13.97,387.8,0.239
2025-04-01,Panamax,USA,14.41,399.2,0.536
2025-04-02,Panamax,USA,14.75,405.6,0.268
2025-04-03,Panamax,USA,14.53,399.2,0.543
2025-04-04,Panamax,USA,14.62,381.3,0.344
2025-04-05,Panamax,USA,15.41,347.7,0.416
2025-04-06,Panamax,USA,15.64,397.0,0.289
2025-04-07,Panamax,USA,16.85,380.8,0.371
2025-04-08,Panamax,USA,16.37,380.1,0.216
2025-04-09,Panamax,USA,16.43,397.6,0.311
2025-04-10,Panamax,USA,16.73,399.9,0.418
2025-04-11,Panamax,USA,17.34,395.3,0.569
2025-04-12,Panamax,USA,16.79,397.8,0.416
2025-04-13,Panamax,USA,16.72,404.9,0.623
2025-04-14,Panamax,USA,17.22,413.9,0.518
2025-04-15,Panamax,USA,18.21,386.3,0.189
2025-04-16,Panamax,USA,17.54,403.9,0.438
2025-04-17,Panamax,USA,18.39,364.8,0.72
2025-04-18,Panamax,USA,18.08,394.2,0.207
2025-04-19,Panamax,USA,17.8,366.0,0.444
2025-04-20,Panamax,USA,17.13,405.1,0.342
2025-04-21,Panamax,USA,16.68,395.4,0.362
2025-04-22,Panamax,USA,16.09,357.8,0.314
2025-04-23,Panamax,USA,15.86,396.7,0.545
2025-04-24,Panamax,USA,16.62,408.7,0.339
2025-04-25,Panamax,USA,16.64,404.9,0.448
2025-04-26,Panamax,USA,16.45,377.6,0.344
2025-04-27,Panamax,USA,16.71,413.4,0.594
2025-04-28,Panamax,USA,16.54,392.0,0.405
2025-04-29,Panamax,USA,17.32,384.3,0.682
2025-04-30,Panamax,USA,17.5,379.8,0.148
2025-05-01,Panamax,USA,16.92,395.1,0.198
2025-05-02,Panamax,USA,16.25,397.9,0.355
2025-05-03,Panamax,USA,16.97,372.8,0.277
2025-05-04,Panamax,USA,16.9,366.7,0.319
2025-05-05,Panamax,USA,16.87,380.7,0.561
2025-05-06,Panamax,USA,17.11,409.1,0.362
2025-05-07,Panamax,USA,18.33,373.0,0.465
2025-05-08,Panamax,USA,18.45,400.6,0.244
2025-05-09,Panamax,USA,18.62,373.8,0.606
2025-05-10,Panamax,USA,17.28,390.9,0.282
2025-05-11,Panamax,USA,17.39,400.6,0.081
2025-05-12,Panamax,USA,17.18,374.1,0.247
2025-05-13,Panamax,USA,17.17,367.3,0.421
2025-05-14,Panamax,USA,17.51,412.2,0.477
2025-05-15,Panamax,USA,16.91,374.8,0.386
2025-05-16,Panamax,USA,15.68,388.7,0.266
2025-05-17,Panamax,USA,16.41,378.0,0.457
2025-05-18,Panamax,USA,17.79,390.9,0.315
2025-05-19,Panamax,USA,16.74,395.3,0.196
2025-05-20,Panamax,USA,16.28,399.8,0.303
2025-05-21,Panamax,USA,16.51,388.5,0.512
2025-05-22,Panamax,USA,16.28,400.1,0.354
2025-05-23,Panamax,USA,15.99,386.1,0.426
2025-05-24,Panamax,USA,15.94,401.0,0.347
2025-05-25,Panamax,USA,16.07,399.2,0.338
2025-05-26,Panamax,USA,16.07,387.2,0.345
2025-05-27,Panamax,USA,15.95,384.3,0.171
2025-05-28,Panamax,USA,16.45,407.1,0.244
2025-05-29,Panamax,USA,16.08,389.4,0.222
2025-05-30,Panamax,USA,16.32,386.3,0.203
2025-05-31,Panamax,USA,15.88,401.5,0.305
2025-06-01,Panamax,USA,15.84,390.0,0.472
2025-06-02,Panamax,USA,15.96,383.0,0.331
2025-06-03,Panamax,USA,15.5,389.7,0.323
2025-06-04,Panamax,USA,15.02,356.3,0.225
2025-06-05,Panamax,USA,14.64,417.4,0.49
2025-06-06,Panamax,USA,14.75,424.3,0.279
2025-06-07,Panamax,USA,14.68,371.7,0.39
2025-06-08,Panamax,USA,14.55,375.4,0.278
2025-06-09,Panamax,USA,14.76,372.5,0.314
2025-06-10,Panamax,USA,14.78,378.1,0.154
2025-06-11,Panamax,USA,14.7,370.9,0.143
2025-06-12,Panamax,USA,14.8,395.8,0.344
2025-06-13,Panamax,USA,14.3,372.6,0.272
2025-06-14,Panamax,USA,14.21,389.6,0.247
2025-06-15,Panamax,USA,13.77,409.2,0.164
2025-06-16,Panamax,USA,13.91,369.9,0.278
2025-06-17,Panamax,USA,13.88,385.0,0.257
2025-06-18,Panamax,USA,14.1,391.5,0.413
2025-06-19,Panamax,USA,14.04,366.6,0.281
2025-06-20,Panamax,USA,13.96,390.0,0.302
2025-06-21,Panamax,USA,13.78,399.2,0.12
2025-06-22,Panamax,USA,13.66,431.5,0.427
2025-06-23,Panamax,USA,13.59,411.0,0.459
2025-06-24,Panamax,USA,13.66,397.9,0.451
2025-06-25,Panamax,USA,13.54,393.8,0.331
2025-06-26,Panamax,USA,13.76,409.9,0.255
2025-06-27,Panamax,USA,13.33,395.9,0.35
2025-06-28,Panamax,USA,13.8,412.7,0.512
2025-06-29,Panamax,USA,13.85,368.4,0.129
2025-06-30,Panamax,USA,13.51,404.9,0.535
2025-07-01,Panamax,USA,13.52,400.3,0.138
2025-07-02,Panamax,USA,13.53,400.5,0.269
2025-07-03,Panamax,USA,13.82,414.2,0.34
2025-07-04,Panamax,USA,13.62,390.9,0.299
2025-07-05,Panamax,USA,13.97,418.0,0.529
2025-07-06,Panamax,USA,13.67,440.5,0.245
2025-07-07,Panamax,USA,13.48,362.3,0.375
2025-07-08,Panamax,USA,13.48,429.8,0.386
2025-07-09,Panamax,USA,13.55,409.0,0.381
2025-07-10,Panamax,USA,13.32,404.9,0.303
2025-07-11,Panamax,USA,12.99,356.9,0.24
2025-07-12,Panamax,USA,12.5,377.8,0.263
2025-07-13,Panamax,USA,12.5,393.6,0.276
2025-07-14,Panamax,USA,12.63,402.0,0.342
2025-07-15,Panamax,USA,12.2,408.9,0.148
2025-07-16,Panamax,USA,11.97,411.3,0.238
2025-07-17,Panamax,USA,11.73,403.0,0.105
2025-07-18,Panamax,USA,11.98,386.6,0.209
2025-07-19,Panamax,USA,11.71,404.6,0.438
2025-07-20,Panamax,USA,11.71,413.9,0.42
2025-07-21,Panamax,USA,11.9,383.8,0.191
2025-07-22,Panamax,USA,12.2,399.5,0.503
2025-07-23,Panamax,USA,12.38,405.6,0.369
2025-07-24,Panamax,USA,11.94,402.6,0.249
2025-07-25,Panamax,USA,11.88,417.2,0.312
2025-07-26,Panamax,USA,11.82,385.6,0.377
2025-07-27,Panamax,USA,12.09,373.7,0.078
2025-07-28,Panamax,USA,12.11,402.2,0.083
2025-07-29,Panamax,USA,11.9,411.1,0.069
2025-07-30,Panamax,USA,11.73,444.0,0.221
2025-07-31,Panamax,USA,11.82,400.4,0.416
2025-08-01,Panamax,USA,11.55,383.7,0.168
2025-08-02,Panamax,USA,11.6,402.2,0.439
2025-08-03,Panamax,USA,11.64,371.8,0.323
2025-08-04,Panamax,USA,11.91,424.8,0.454
2025-08-05,Panamax,USA,11.78,405.0,0.415
2025-08-06,Panamax,USA,11.68,404.3,0.23
2025-08-07,Panamax,USA,11.58,446.5,0.161
2025-08-08,Panamax,USA,11.4,402.4,0.0
2025-08-09,Panamax,USA,11.58,426.5,0.183
2025-08-10,Panamax,USA,11.69,420.4,0.309
2025-08-11,Panamax,USA,11.86,423.9,0.139
2025-08-12,Panamax,USA,11.89,406.6,0.254
2025-08-13,Panamax,USA,12.2,427.0,0.252
2025-08-14,Panamax,USA,12.26,386.6,0.248
2025-08-15,Panamax,USA,12.53,416.5,0.214
2025-08-16,Panamax,USA,12.7,440.5,0.222
2025-08-17,Panamax,USA,12.56,405.0,0.285
2025-08-18,Panamax,USA,12.37,396.6,0.0
2025-08-19,Panamax,USA,12.44,376.8,0.05
2025-08-20,Panamax,USA,12.75,419.7,0.212
2025-08-21,Panamax,USA,12.44,380.9,0.609
2025-08-22,Panamax,USA,12.39,400.4,0.0
2025-08-23,Panamax,USA,12.73,386.3,0.276
2025-08-24,Panamax,USA,12.32,404.9,0.322
2025-08-25,Panamax,USA,12.44,414.3,0.253
2025-08-26,Panamax,USA,12.13,399.4,0.197
2025-08-27,Panamax,USA,11.85,414.6,0.215
2025-08-28,Panamax,USA,11.64,378.9,0.289
2025-08-29,Panamax,USA,11.99,405.9,0.152
2025-08-30,Panamax,USA,12.05,408.1,0.0
2025-08-31,Panamax,USA,12.1,405.8,0.286
2025-09-01,Panamax,USA,12.08,408.2,0.08
2025-09-02,Panamax,USA,12.36,404.7,0.424
2025-09-03,Panamax,USA,12.96,370.7,0.334
2025-09-04,Panamax,USA,13.1,400.1,0.083
2025-09-05,Panamax,USA,12.95,396.8,0.148
2025-09-06,Panamax,USA,12.39,376.9,0.04
2025-09-07,Panamax,USA,12.03,419.1,0.055
2025-09-08,Panamax,USA,12.32,401.9,0.295
2025-09-09,Panamax,USA,11.71,420.1,0.291
2025-09-10,Panamax,USA,11.55,404.3,0.093
2025-09-11,Panamax,USA,11.28,420.4,0.366
2025-09-12,Panamax,USA,11.32,423.7,0.109
2025-09-13,Panamax,USA,11.08,390.1,0.319
2025-09-14,Panamax,USA,11.39,416.8,0.231
2025-09-15,Panamax,USA,11.38,401.9,0.063
2025-09-16,Panamax,USA,11.66,387.9,0.0
2025-09-17,Panamax,USA,12.26,405.6,0.381
2025-09-18,Panamax,USA,12.04,410.1,0.0
2025-09-19,Panamax,USA,12.63,391.0,0.348
2025-09-20,Panamax,USA,12.82,437.3,0.252
2025-09-21,Panamax,USA,12.47,407.8,0.342
2025-09-22,Panamax,USA,12.78,398.0,0.273
2025-09-23,Panamax,USA,12.19,400.2,0.186
2025-09-24,Panamax,USA,11.82,387.9,0.26
2025-09-25,Panamax,USA,12.14,400.1,0.487
2025-09-26,Panamax,USA,12.21,416.9,0.378
2025-09-27,Panamax,USA,12.16,404.3,0.053
2025-09-28,Panamax,USA,11.92,398.6,0.224
2025-09-29,Panamax,USA,12.4,399.9,0.121
2025-09-30,Panamax,USA,12.78,394.1,0.374
2025-10-01,Panamax,USA,13.02,424.6,0.208
2025-10-02,Panamax,USA,13.62,398.4,0.339
2025-10-03,Panamax,USA,13.66,414.3,0.284
2025-10-04,Panamax,USA,13.57,414.4,0.164
2025-10-05,Panamax,USA,13.18,395.0,0.239
2025-10-06,Panamax,USA,13.11,435.2,0.379
2025-10-07,Panamax,USA,12.97,389.2,0.321
2025-10-08,Panamax,USA,12.9,384.7,0.381
2025-10-09,Panamax,USA,12.0,407.8,0.166
2025-10-10,Panamax,USA,11.92,402.1,0.142
2025-10-11,Panamax,USA,11.29,407.0,0.428
2025-10-12,Panamax,USA,11.19,407.0,0.0
2025-10-13,Panamax,USA,10.99,404.6,0.172
2025-10-14,Panamax,USA,11.25,438.5,0.0
2025-10-15,Panamax,USA,11.54,410.1,0.383
2025-10-16,Panamax,USA,11.66,427.6,0.188
2025-10-17,Panamax,USA,11.14,414.2,0.378
2025-10-18,Panamax,USA,11.64,413.5,0.414
2025-10-19,Panamax,USA,12.21,410.4,0.062
2025-10-20,Panamax,USA,11.94,419.0,0.0
2025-10-21,Panamax,USA,12.55,411.2,0.33
2025-10-22,Panamax,USA,12.56,464.8,0.377
2025-10-23,Panamax,USA,12.77,424.6,0.362
2025-10-24,Panamax,USA,12.96,394.9,0.142
2025-10-25,Panamax,USA,12.96,388.1,0.49
2025-10-26,Panamax,USA,12.78,403.0,0.222
2025-10-27,Panamax,USA,13.42,411.4,0.477
2025-10-28,Panamax,USA,12.91,413.9,0.327
2025-10-29,Panamax,USA,12.29,453.0,0.419
2025-10-30,Panamax,USA,12.22,400.7,0.293
2025-10-31,Panamax,USA,12.91,417.2,0.167
2025-11-01,Panamax,USA,12.56,423.6,0.508
2025-11-02,Panamax,USA,12.84,423.3,0.091
2025-11-03,Panamax,USA,13.37,403.3,0.265
2025-11-04,Panamax,USA,12.97,416.5,0.432
2025-11-05,Panamax,USA,12.76,422.6,0.245
2025-11-06,Panamax,USA,12.74,413.0,0.296
2025-11-07,Panamax,USA,13.11,419.3,0.231
2025-11-08,Panamax,USA,13.35,421.6,0.203
2025-11-09,Panamax,USA,12.66,424.2,0.337
2025-11-10,Panamax,USA,12.38,402.3,0.109
2025-11-11,Panamax,USA,12.57,406.8,0.246
2025-11-12,Panamax,USA,12.29,436.3,0.195
2025-11-13,Panamax,USA,12.57,390.2,0.391
2025-11-14,Panamax,USA,13.04,408.6,0.409
2025-11-15,Panamax,USA,12.88,431.1,0.591
2025-11-16,Panamax,USA,12.87,435.1,0.245
2025-11-17,Panamax,USA,13.23,419.1,0.4
2025-11-18,Panamax,USA,13.48,422.9,0.142
2025-11-19,Panamax,USA,13.65,423.2,0.385
2025-11-20,Panamax,USA,13.97,419.9,0.043
2025-11-21,Panamax,USA,13.89,434.9,0.262
2025-11-22,Panamax,USA,13.84,423.3,0.327
2025-11-23,Panamax,USA,13.18,421.5,0.248
2025-11-24,Panamax,USA,13.24,422.2,0.073
2025-11-25,Panamax,USA,13.04,389.0,0.622
2025-11-26,Panamax,USA,13.5,441.9,0.376
2025-11-27,Panamax,USA,13.18,421.5,0.363
2025-11-28,Panamax,USA,13.53,424.7,0.275
2025-11-29,Panamax,USA,13.77,428.8,0.233
2025-11-30,Panamax,USA,14.49,415.4,0.224
2025-12-01,Panamax,USA,14.41,414.6,0.207
2025-12-02,Panamax,USA,13.87,428.7,0.47
2025-12-03,Panamax,USA,14.12,452.0,0.515
2025-12-04,Panamax,USA,14.38,411.9,0.396
2025-12-05,Panamax,USA,14.59,404.9,0.111
2025-12-06,Panamax,USA,14.45,461.5,0.508
2025-12-07,Panamax,USA,13.9,452.2,0.383
2025-12-08,Panamax,USA,14.42,444.7,0.209
2025-12-09,Panamax,USA,14.67,449.8,0.46
2025-12-10,Panamax,USA,15.03,420.0,0.414
2025-12-11,Panamax,USA,14.95,425.2,0.246
2025-12-12,Panamax,USA,14.84,444.0,0.0
2025-12-13,Panamax,USA,14.38,448.7,0.254
2025-12-14,Panamax,USA,14.23,409.6,0.103
2025-12-15,Panamax,USA,14.02,433.8,0.503
2025-12-16,Panamax,USA,14.78,413.3,0.439
2025-12-17,Panamax,USA,15.34,429.0,0.205
2025-12-18,Panamax,USA,15.4,468.3,0.237
2025-12-19,Panamax,USA,15.62,424.8,0.176
2025-12-20,Panamax,USA,15.64,409.1,0.305
2025-12-21,Panamax,USA,14.8,438.2,0.346
2025-12-22,Panamax,USA,14.61,416.5,0.539
2025-12-23,Panamax,USA,14.69,434.3,0.315
2025-12-24,Panamax,USA,14.68,431.5,0.366
2025-12-25,Panamax,USA,14.59,435.1,0.217
2025-12-26,Panamax,USA,14.23,415.0,0.508
2025-12-27,Panamax,USA,14.74,436.6,0.274
2025-12-28,Panamax,USA,14.37,425.2,0.216
2025-12-29,Panamax,USA,14.7,433.8,0.187
2025-12-30,Panamax,USA,14.37,435.6,0.358
2023-01-01,Capesize,Australia,4.81,456.7,0.684
2023-01-02,Capesize,Australia,4.89,456.0,0.255
2023-01-03,Capesize,Australia,5.0,466.8,0.747
2023-01-04,Capesize,Australia,5.05,464.5,0.544
2023-01-05,Capesize,Australia,5.11,438.4,0.399
2023-01-06,Capesize,Australia,5.21,461.9,0.545
2023-01-07,Capesize,Australia,5.09,462.4,0.668
2023-01-08,Capesize,Australia,5.15,466.5,0.386
2023-01-09,Capesize,Australia,5.14,460.7,0.411
2023-01-10,Capesize,Australia,5.21,448.8,0.514
2023-01-11,Capesize,Australia,5.24,455.9,0.476
2023-01-12,Capesize,Australia,5.27,451.7,0.44
2023-01-13,Capesize,Australia,5.28,467.9,0.375
2023-01-14,Capesize,Australia,5.28,479.7,0.42
2023-01-15,Capesize,Australia,5.29,460.9,0.51
2023-01-16,Capesize,Australia,5.5,455.8,0.548
2023-01-17,Capesize,Australia,5.48,456.7,0.591
2023-01-18,Capesize,Australia,5.54,494.6,0.447
2023-01-19,Capesize,Australia,5.52,445.1,0.427
2023-01-20,Capesize,Australia,5.45,456.9,0.57
2023-01-21,Capesize,Australia,5.48,459.8,0.524
2023-01-22,Capesize,Australia,5.43,460.1,0.62
2023-01-23,Capesize,Australia,5.41,449.4,0.361
2023-01-24,Capesize,Australia,5.33,463.8,0.603
2023-01-25,Capesize,Australia,5.4,476.6,0.383
2023-01-26,Capesize,Australia,5.53,468.8,0.33
2023-01-27,Capesize,Australia,5.65,438.2,0.531
2023-01-28,Capesize,Australia,5.71,453.1,0.417
2023-01-29,Capesize,Australia,5.69,462.5,0.444
2023-01-30,Capesize,Australia,5.75,445.2,0.556
2023-01-31,Capesize,Australia,5.67,458.5,0.438
2023-02-01,Capesize,Australia,5.56,465.7,0.442
2023-02-02,Capesize,Australia,5.58,477.4,0.435
2023-02-03,Capesize,Australia,5.58,460.4,0.317
2023-02-04,Capesize,Australia,5.73,460.8,0.817
2023-02-05,Capesize,Australia,5.81,488.5,0.255
2023-02-06,Capesize,Australia,5.66,472.5,0.418
2023-02-07,Capesize,Australia,5.64,471.1,0.628
2023-02-08,Capesize,Australia,5.63,457.6,0.585
2023-02-09,Capesize,Australia,5.64,434.8,0.509
2023-02-10,Capesize,Australia,5.66,463.8,0.581
2023-02-11,Capesize,Australia,5.69,479.6,0.672
2023-02-12,Capesize,Australia,5.7,471.4,0.481
2023-02-13,Capesize,Australia,5.67,465.4,0.532
2023-02-14,Capesize,Australia,5.59,485.4,0.316
2023-02-15,Capesize,Australia,5.64,464.3,0.583
2023-02-16,Capesize,Australia,5.7,469.3,0.35
2023-02-17,Capesize,Australia,5.59,475.5,0.381
2023-02-18,Capesize,Australia,5.53,473.5,0.302
2023-02-19,Capesize,Australia,5.49,481.8,0.486
2023-02-20,Capesize,Australia,5.43,464.7,0.319
2023-02-21,Capesize,Australia,5.48,475.5,0.604
2023-02-22,Capesize,Australia,5.49,438.2,0.352
2023-02-23,Capesize,Australia,5.35,461.0,0.856
2023-02-24,Capesize,Australia,5.29,464.1,0.512
2023-02-25,Capesize,Australia,5.27,455.0,0.731
2023-02-26,Capesize,Australia,5.26,485.6,0.224
2023-02-27,Capesize,Australia,5.27,487.4,0.342
2023-02-28,Capesize,Australia,5.36,469.4,0.882
2023-03-01,Capesize,Australia,5.36,463.9,0.541
2023-03-02,Capesize,Australia,5.39,457.7,0.685
2023-03-03,Capesize,Australia,5.44,484.6,0.762
2023-03-04,Capesize,Australia,5.47,465.8,0.548
2023-03-05,Capesize,Australia,5.54,455.8,0.458
2023-03-06,Capesize,Australia,5.45,472.4,0.509
2023-03-07,Capesize,Australia,5.37,472.4,0.59
2023-03-08,Capesize,Australia,5.42,459.7,0.319
2023-03-09,Capesize,Australia,5.42,459.5,0.393
2023-03-10,Capesize,Australia,5.44,473.9,0.422
2023-03-11,Capesize,Australia,5.45,463.6,0.664
2023-03-12,Capesize,Australia,5.38,458.9,0.501
2023-03-13,Capesize,Australia,5.4,487.7,0.556
2023-03-14,Capesize,Australia,5.48,474.0,0.507
2023-03-15,Capesize,Australia,5.39,497.7,0.727
2023-03-16,Capesize,Australia,5.45,488.7,0.525
2023-03-17,Capesize,Australia,5.38,479.6,0.397
2023-03-18,Capesize,Australia,5.44,453.7,0.396
2023-03-19,Capesize,Australia,5.33,469.0,0.455
2023-03-20,Capesize,Australia,5.32,495.0,0.511
2023-03-21,Capesize,Australia,5.27,478.3,0.687
2023-03-22,Capesize,Australia,5.24,459.5,0.222
2023-03-23,Capesize,Australia,5.18,461.3,0.393
2023-03-24,Capesize,Australia,5.23,464.7,0.589
2023-03-25,Capesize,Australia,5.19,472.0,0.706
2023-03-26,Capesize,Australia,5.24,509.0,0.763
2023-03-27,Capesize,Australia,5.2,470.8,0.366
2023-03-28,Capesize,Australia,5.12,474.3,0.484
2023-03-29,Capesize,Australia,5.15,460.5,0.291
2023-03-30,Capesize,Australia,5.05,485.3,0.549
2023-03-31,Capesize,Australia,4.99,484.3,0.462
2023-04-01,Capesize,Australia,4.76,464.0,0.47
2023-04-02,Capesize,Australia,4.85,477.4,0.57
2023-04-03,Capesize,Australia,4.83,483.7,0.643
2023-04-04,Capesize,Australia,4.92,488.1,0.663
2023-04-05,Capesize,Australia,4.93,488.7,0.398
2023-04-06,Capesize,Australia,5.0,485.0,0.81
2023-04-07,Capesize,Australia,5.03,475.8,0.381
2023-04-08,Capesize,Australia,5.05,450.2,0.484
2023-04-09,Capesize,Australia,5.14,465.2,0.459
2023-04-10,Capesize,Australia,5.13,487.8,0.0
2023-04-11,Capesize,Australia,5.13,510.1,0.195
2023-04-12,Capesize,Australia,4.99,473.8,0.542
2023-04-13,Capesize,Australia,4.9,478.0,0.498
2023-04-14,Capesize,Australia,4.97,492.6,0.31
2023-04-15,Capesize,Australia,4.9,471.3,0.505
2023-04-16,Capesize,Australia,5.04,466.1,0.654
2023-04-17,Capesize,Australia,5.14,472.6,0.216
2023-04-18,Capesize,Australia,5.18,472.3,0.75
2023-04-19,Capesize,Australia,5.06,491.7,0.312
2023-04-20,Capesize,Australia,5.13,455.2,0.67
2023-04-21,Capesize,Australia,5.16,490.0,0.661
2023-04-22,Capesize,Australia,5.15,476.1,0.566
2023-04-23,Capesize,Australia,5.09,463.9,0.473
2023-04-24,Capesize,Australia,5.21,491.3,0.597
2023-04-25,Capesize,Australia,5.22,490.2,0.452
2023-04-26,Capesize,Australia,5.21,454.6,0.475
2023-04-27,Capesize,Australia,5.31,475.4,0.537
2023-04-28,Capesize,Australia,5.27,502.1,0.638
2023-04-29,Capesize,Australia,5.19,489.4,0.588
2023-04-30,Capesize,Australia,5.33,475.6,0.223
2023-05-01,Capesize,Australia,5.34,482.6,0.601
2023-05-02,Capesize,Australia,5.34,466.1,0.496
2023-05-03,Capesize,Australia,5.31,473.9,0.636
2023-05-04,Capesize,Australia,5.21,501.8,0.769
2023-05-05,Capesize,Australia,5.12,458.1,0.785
2023-05-06,Capesize,Australia,5.17,487.8,0.491
2023-05-07,Capesize,Australia,5.25,502.7,0.69
2023-05-08,Capesize,Australia,5.23,482.2,0.404
2023-05-09,Capesize,Australia,5.21,483.2,0.35
2023-05-10,Capesize,Australia,5.23,476.0,0.538
2023-05-11,Capesize,Australia,5.27,503.9,0.464
2023-05-12,Capesize,Australia,5.26,477.3,0.71
2023-05-13,Capesize,Australia,5.21,500.3,0.835
2023-05-14,Capesize,Australia,5.13,490.9,0.56
2023-05-15,Capesize,Australia,5.08,504.9,0.694
2023-05-16,Capesize,Australia,5.04,496.4,0.63
2023-05-17,Capesize,Australia,4.97,493.9,0.366
2023-05-18,Capesize,Australia,4.97,469.4,0.666
2023-05-19,Capesize,Australia,5.1,495.9,0.529
2023-05-20,Capesize,Australia,5.02,501.2,0.56
2023-05-21,Capesize,Australia,4.9,482.6,0.551
2023-05-22,Capesize,Australia,5.01,468.4,0.444
2023-05-23,Capesize,Australia,5.08,490.7,0.626
2023-05-24,Capesize,Australia,5.14,471.4,0.525
2023-05-25,Capesize,Australia,5.16,500.2,0.722
2023-05-26,Capesize,Australia,5.16,478.2,0.471
2023-05-27,Capesize,Australia,5.22,490.1,0.771
2023-05-28,Capesize,Australia,5.18,482.6,0.424
2023-05-29,Capesize,Australia,5.19,479.5,0.467
2023-05-30,Capesize,Australia,5.16,508.0,0.25
2023-05-31,Capesize,Australia,5.2,486.4,0.222
2023-06-01,Capesize,Australia,5.31,483.3,0.355
2023-06-02,Capesize,Australia,5.18,494.9,0.593
2023-06-03,Capesize,Australia,5.08,532.7,0.471
2023-06-04,Capesize,Australia,5.02,500.5,0.492
2023-06-05,Capesize,Australia,5.04,515.7,0.555
2023-06-06,Capesize,Australia,5.05,530.1,0.586
2023-06-07,Capesize,Australia,5.03,483.5,0.593
2023-06-08,Capesize,Australia,5.11,481.4,0.698
2023-06-09,Capesize,Australia,5.06,503.5,0.632
2023-06-10,Capesize,Australia,5.06,487.4,0.663
2023-06-11,Capesize,Australia,5.12,468.8,0.63
2023-06-12,Capesize,Australia,5.26,498.2,0.599
2023-06-13,Capesize,Australia,5.21,494.9,0.443
2023-06-14,Capesize,Australia,5.25,507.1,0.397
2023-06-15,Capesize,Australia,5.22,470.5,0.768
2023-06-16,Capesize,Australia,5.19,477.2,0.753
2023-06-17,Capesize,Australia,5.23,517.9,0.69
2023-06-18,Capesize,Australia,5.17,489.7,0.616
2023-06-19,Capesize,Australia,5.15,490.8,0.714
2023-06-20,Capesize,Australia,5.05,520.1,0.612
2023-06-21,Capesize,Australia,4.94,518.6,0.37
2023-06-22,Capesize,Australia,4.94,496.2,0.327
2023-06-23,Capesize,Australia,4.84,493.5,0.676
2023-06-24,Capesize,Australia,4.86,468.0,0.706
2023-06-25,Capesize,Australia,4.98,499.1,0.527
2023-06-26,Capesize,Australia,4.86,496.4,0.419
2023-06-27,Capesize,Australia,5.01,471.4,0.616
2023-06-28,Capesize,Australia,4.83,521.0,0.486
2023-06-29,Capesize,Australia,4.87,506.6,0.59
2023-06-30,Capesize,Australia,4.83,483.2,0.529
2023-07-01,Capesize,Australia,4.93,516.0,0.514
2023-07-02,Capesize,Australia,4.85,510.7,0.634
2023-07-03,Capesize,Australia,4.83,515.0,0.492
2023-07-04,Capesize,Australia,4.78,517.4,0.317
2023-07-05,Capesize,Australia,4.79,504.3,0.472
2023-07-06,Capesize,Australia,4.75,550.1,0.589
2023-07-07,Capesize,Australia,4.86,510.2,0.772
2023-07-08,Capesize,Australia,4.9,488.4,0.566
2023-07-09,Capesize,Australia,4.79,511.5,0.563
2023-07-10,Capesize,Australia,4.8,479.3,0.495
2023-07-11,Capesize,Australia,4.79,480.0,0.343
2023-07-12,Capesize,Australia,4.75,502.3,0.583
2023-07-13,Capesize,Australia,4.66,493.6,0.624
2023-07-14,Capesize,Australia,4.63,517.8,0.852
2023-07-15,Capesize,Australia,4.6,524.8,0.443
2023-07-16,Capesize,Australia,4.58,540.4,0.508
2023-07-17,Capesize,Australia,4.56,506.4,0.554
2023-07-18,Capesize,Australia,4.58,532.2,0.5
2023-07-19,Capesize,Australia,4.55,492.5,0.403
2023-07-20,Capesize,Australia,4.52,462.9,0.511
2023-07-21,Capesize,Australia,4.53,506.8,0.478
2023-07-22,Capesize,Australia,4.54,515.5,0.294
2023-07-23,Capesize,Australia,4.56,504.0,0.543
2023-07-24,Capesize,Australia,4.6,520.0,0.613
2023-07-25,Capesize,Australia,4.56,525.8,0.42
2023-07-26,Capesize,Australia,4.56,517.7,0.42
2023-07-27,Capesize,Australia,4.53,492.2,0.432
2023-07-28,Capesize,Australia,4.58,524.2,0.593
2023-07-29,Capesize,Australia,4.65,496.4,0.462
2023-07-30,Capesize,Australia,4.55,468.6,0.493
2023-07-31,Capesize,Australia,4.5,513.6,0.714
2023-08-01,Capesize,Australia,4.51,502.8,0.651
2023-08-02,Capesize,Australia,4.57,528.5,0.63
2023-08-03,Capesize,Australia,4.46,492.6,0.515
2023-08-04,Capesize,Australia,4.42,498.6,0.525
2023-08-05,Capesize,Australia,4.45,521.3,0.592
2023-08-06,Capesize,Australia,4.5,519.6,0.605
2023-08-07,Capesize,Australia,4.43,504.0,0.595
2023-08-08,Capesize,Australia,4.45,529.8,0.268
2023-08-09,Capesize,Australia,4.46,490.9,0.33
2023-08-10,Capesize,Australia,4.49,516.7,0.524
2023-08-11,Capesize,Australia,4.54,503.5,0.536
2023-08-12,Capesize,Australia,4.46,520.5,0.54
2023-08-13,Capesize,Australia,4.45,486.3,0.403
2023-08-14,Capesize,Australia,4.51,498.6,0.456
2023-08-15,Capesize,Australia,4.57,505.9,0.366
2023-08-16,Capesize,Australia,4.58,505.9,0.583
2023-08-17,Capesize,Australia,4.59,508.0,0.293
2023-08-18,Capesize,Australia,4.38,478.4,0.656
2023-08-19,Capesize,Australia,4.43,507.9,0.364
2023-08-20,Capesize,Australia,4.36,494.4,0.23
2023-08-21,Capesize,Australia,4.29,511.1,0.509
2023-08-22,Capesize,Australia,4.17,518.1,0.532
2023-08-23,Capesize,Australia,4.06,512.2,0.423
2023-08-24,Capesize,Australia,4.28,492.3,0.628
2023-08-25,Capesize,Australia,4.26,490.5,0.412
2023-08-26,Capesize,Australia,4.21,511.7,0.521
2023-08-27,Capesize,Australia,4.42,486.7,0.401
2023-08-28,Capesize,Australia,4.4,512.5,0.836
2023-08-29,Capesize,Australia,4.39,486.7,0.357
2023-08-30,Capesize,Australia,4.41,510.6,0.583
2023-08-31,Capesize,Australia,4.66,497.9,0.464
2023-09-01,Capesize,Australia,4.66,502.9,0.258
2023-09-02,Capesize,Australia,4.73,505.1,0.06
2023-09-03,Capesize,Australia,4.67,521.8,0.635
2023-09-04,Capesize,Australia,4.53,500.3,0.284
2023-09-05,Capesize,Australia,4.66,510.5,0.328
2023-09-06,Capesize,Australia,4.72,505.5,0.416
2023-09-07,Capesize,Australia,4.8,503.5,0.596
2023-09-08,Capesize,Australia,4.97,493.0,0.596
2023-09-09,Capesize,Australia,5.03,508.5,0.189
2023-09-10,Capesize,Australia,5.07,505.0,0.514
2023-09-11,Capesize,Australia,4.89,533.1,0.495
2023-09-12,Capesize,Australia,4.98,511.8,0.377
2023-09-13,Capesize,Australia,5.25,507.2,0.477
2023-09-14,Capesize,Australia,5.38,469.3,0.34
2023-09-15,Capesize,Australia,5.26,487.3,0.232
2023-09-16,Capesize,Australia,5.3,514.7,0.31
2023-09-17,Capesize,Australia,5.38,520.5,0.607
2023-09-18,Capesize,Australia,5.36,516.6,0.419
2023-09-19,Capesize,Australia,5.42,524.6,0.322
2023-09-20,Capesize,Australia,5.35,533.2,0.279
2023-09-21,Capesize,Australia,5.27,516.9,0.353
2023-09-22,Capesize,Australia,5.17,508.4,0.443
2023-09-23,Capesize,Australia,5.0,506.4,0.48
2023-09-24,Capesize,Australia,5.04,493.3,0.4
2023-09-25,Capesize,Australia,5.16,509.3,0.57
2023-09-26,Capesize,Australia,5.2,514.7,0.237
2023-09-27,Capesize,Australia,5.1,498.8,0.599
2023-09-28,Capesize,Australia,5.02,485.1,0.51
2023-09-29,Capesize,Australia,5.01,513.6,0.487
2023-09-30,Capesize,Australia,4.99,533.8,0.292
2023-10-01,Capesize,Australia,4.94,531.4,0.575
2023-10-02,Capesize,Australia,5.01,511.1,0.199
2023-10-03,Capesize,Australia,5.03,500.9,0.511
2023-10-04,Capesize,Australia,5.13,510.1,0.291
2023-10-05,Capesize,Australia,4.97,499.2,0.461
2023-10-06,Capesize,Australia,4.99,518.4,0.56
2023-10-07,Capesize,Australia,5.01,501.0,0.459
2023-10-08,Capesize,Australia,4.83,504.9,0.531
2023-10-09,Capesize,Australia,4.91,509.8,0.527
2023-10-10,Capesize,Australia,5.01,498.2,0.447
2023-10-11,Capesize,Australia,5.17,479.4,0.221
2023-10-12,Capesize,Australia,5.13,490.2,0.419
2023-10-13,Capesize,Australia,5.17,502.0,0.369
2023-10-14,Capesize,Australia,5.04,489.5,0.647
2023-10-15,Capesize,Australia,4.98,514.9,0.425
2023-10-16,Capesize,Australia,4.92,544.0,0.339
2023-10-17,Capesize,Australia,4.95,516.7,0.136
2023-10-18,Capesize,Australia,5.02,502.1,0.136
2023-10-19,Capesize,Australia,4.99,505.7,0.375
2023-10-20,Capesize,Australia,5.07,510.3,0.892
2023-10-21,Capesize,Australia,5.01,506.9,0.355
2023-10-22,Capesize,Australia,5.03,488.3,0.489
2023-10-23,Capesize,Australia,4.9,489.6,0.117
2023-10-24,Capesize,Australia,5.03,538.1,0.264
2023-10-25,Capesize,Australia,5.06,496.4,0.625
2023-10-26,Capesize,Australia,5.18,503.5,0.501
2023-10-27,Capesize,Australia,5.2,543.6,0.238
2023-10-28,Capesize,Australia,5.26,504.3,0.123
2023-10-29,Capesize,Australia,5.27,514.3,0.068
2023-10-30,Capesize,Australia,5.17,503.8,0.075
2023-10-31,Capesize,Australia,5.22,524.4,0.32
2023-11-01,Capesize,Australia,5.17,506.6,0.398
2023-11-02,Capesize,Australia,5.27,516.0,0.322
2023-11-03,Capesize,Australia,5.28,484.4,0.318
2023-11-04,Capesize,Australia,5.31,510.1,0.398
2023-11-05,Capesize,Australia,5.17,509.4,0.272
2023-11-06,Capesize,Australia,5.17,513.9,0.257
2023-11-07,Capesize,Australia,5.06,528.1,0.394
2023-11-08,Capesize,Australia,4.87,522.2,0.268
2023-11-09,Capesize,Australia,4.85,499.0,0.49
2023-11-10,Capesize,Australia,4.69,520.8,0.362
2023-11-11,Capesize,Australia,4.71,516.4,0.359
2023-11-12,Capesize,Australia,4.72,472.2,0.571
2023-11-13,Capesize,Australia,4.75,509.8,0.33
2023-11-14,Capesize,Australia,4.63,475.9,0.508
2023-11-15,Capesize,Australia,4.75,505.8,0.368
2023-11-16,Capesize,Australia,4.61,503.1,0.294
2023-11-17,Capesize,Australia,4.5,503.2,0.5
2023-11-18,Capesize,Australia,4.67,522.5,0.37
2023-11-19,Capesize,Australia,4.54,518.5,0.348
2023-11-20,Capesize,Australia,4.48,515.1,0.286
2023-11-21,Capesize,Australia,4.32,531.7,0.508
2023-11-22,Capesize,Australia,4.26,499.3,0.425
2023-11-23,Capesize,Australia,4.16,490.2,0.372
2023-11-24,Capesize,Australia,3.93,496.5,0.302
2023-11-25,Capesize,Australia,3.91,519.0,0.347
2023-11-26,Capesize,Australia,3.89,517.6,0.462
2023-11-27,Capesize,Australia,4.08,519.4,0.005
2023-11-28,Capesize,Australia,4.05,491.9,0.171
2023-11-29,Capesize,Australia,4.05,484.6,0.402
2023-11-30,Capesize,Australia,3.86,517.7,0.168
2023-12-01,Capesize,Australia,3.8,480.2,0.317
2023-12-02,Capesize,Australia,3.87,515.0,0.397
2023-12-03,Capesize,Australia,3.88,499.7,0.387
2023-12-04,Capesize,Australia,3.91,521.5,0.0
2023-12-05,Capesize,Australia,4.07,507.7,0.485
2023-12-06,Capesize,Australia,4.01,503.4,0.318
2023-12-07,Capesize,Australia,4.02,485.0,0.331
2023-12-08,Capesize,Australia,4.17,497.4,0.361
2023-12-09,Capesize,Australia,4.17,508.8,0.308
2023-12-10,Capesize,Australia,4.18,512.2,0.466
2023-12-11,Capesize,Australia,4.29,538.0,0.381
2023-12-12,Capesize,Australia,4.33,521.9,0.707
2023-12-13,Capesize,Australia,4.29,500.0,0.338
2023-12-14,Capesize,Australia,4.49,508.9,0.431
2023-12-15,Capesize,Australia,4.37,496.2,0.204
2023-12-16,Capesize,Australia,4.47,512.3,0.386
2023-12-17,Capesize,Australia,4.59,517.4,0.218
2023-12-18,Capesize,Australia,4.66,495.1,0.119
2023-12-19,Capesize,Australia,4.63,512.6,0.238
2023-12-20,Capesize,Australia,4.68,490.2,0.348
2023-12-21,Capesize,Australia,4.66,515.2,0.109
2023-12-22,Capesize,Australia,4.61,510.9,0.266
2023-12-23,Capesize,Australia,4.59,511.1,0.349
2023-12-24,Capesize,Australia,4.71,496.8,0.341
2023-12-25,Capesize,Australia,4.69,505.4,0.006
2023-12-26,Capesize,Australia,4.68,499.9,0.477
2023-12-27,Capesize,Australia,4.73,534.6,0.375
2023-12-28,Capesize,Australia,4.71,504.9,0.441
2023-12-29,Capesize,Australia,4.51,533.1,0.296
2023-12-30,Capesize,Australia,4.52,546.2,0.171
2023-12-31,Capesize,Australia,4.47,511.3,0.235
2024-01-01,Capesize,Australia,4.29,517.4,0.099
2024-01-02,Capesize,Australia,4.29,512.1,0.178
2024-01-03,Capesize,Australia,4.24,519.3,0.257
2024-01-04,Capesize,Australia,4.29,502.3,0.354
2024-01-05,Capesize,Australia,4.53,500.4,0.31
2024-01-06,Capesize,Australia,4.71,486.5,0.46
2024-01-07,Capesize,Australia,4.67,502.4,0.164
2024-01-08,Capesize,Australia,4.69,511.0,0.204
2024-01-09,Capesize,Australia,4.64,478.1,0.292
2024-01-10,Capesize,Australia,4.66,524.6,0.117
2024-01-11,Capesize,Australia,4.75,493.7,0.19
2024-01-12,Capesize,Australia,4.66,520.5,0.25
2024-01-13,Capesize,Australia,4.56,493.2,0.314
2024-01-14,Capesize,Australia,4.36,514.6,0.072
2024-01-15,Capesize,Australia,4.43,500.9,0.351
2024-01-16,Capesize,Australia,4.43,500.0,0.457
2024-01-17,Capesize,Australia,4.48,519.1,0.144
2024-01-18,Capesize,Australia,4.5,481.9,0.317
2024-01-19,Capesize,Australia,4.51,506.8,0.325
2024-01-20,Capesize,Australia,4.55,504.5,0.177
2024-01-21,Capesize,Australia,4.57,477.6,0.09
2024-01-22,Capesize,Australia,4.45,502.7,0.056
2024-01-23,Capesize,Australia,4.6,516.2,0.071
2024-01-24,Capesize,Australia,4.68,529.9,0.398
2024-01-25,Capesize,Australia,4.66,506.9,0.182
2024-01-26,Capesize,Australia,4.72,494.9,0.039
2024-01-27,Capesize,Australia,4.6,489.5,0.346
2024-01-28,Capesize,Australia,4.68,515.2,0.106
2024-01-29,Capesize,Australia,4.72,519.4,0.225
2024-01-30,Capesize,Australia,4.77,479.8,0.172
2024-01-31,Capesize,Australia,4.67,490.2,0.261
2024-02-01,Capesize,Australia,4.64,474.3,0.52
2024-02-02,Capesize,Australia,4.77,469.6,0.33
2024-02-03,Capesize,Australia,4.88,520.5,0.312
2024-02-04,Capesize,Australia,4.89,499.9,0.239
2024-02-05,Capesize,Australia,4.91,478.1,0.289
2024-02-06,Capesize,Australia,4.92,495.8,0.257
2024-02-07,Capesize,Australia,5.13,505.5,0.203
2024-02-08,Capesize,Australia,5.14,503.9,0.344
2024-02-09,Capesize,Australia,5.08,485.7,0.0
2024-02-10,Capesize,Australia,4.99,509.8,0.499
2024-02-11,Capesize,Australia,5.0,482.2,0.149
2024-02-12,Capesize,Australia,4.84,483.3,0.183
2024-02-13,Capesize,Australia,4.64,511.5,0.418
2024-02-14,Capesize,Australia,4.56,506.7,0.039
2024-02-15,Capesize,Australia,4.54,504.3,0.268
2024-02-16,Capesize,Australia,4.51,524.4,0.219
2024-02-17,Capesize,Australia,4.53,515.3,0.019
2024-02-18,Capesize,Australia,4.56,487.9,0.182
2024-02-19,Capesize,Australia,4.8,460.1,0.132
2024-02-20,Capesize,Australia,4.7,493.2,0.246
2024-02-21,Capesize,Australia,4.71,477.3,0.569
2024-02-22,Capesize,Australia,4.61,505.9,0.165
2024-02-23,Capesize,Australia,4.61,485.7,0.42
2024-02-24,Capesize,Australia,4.63,502.9,0.249
2024-02-25,Capesize,Australia,4.56,491.1,0.195
2024-02-26,Capesize,Australia,4.64,497.5,0.237
2024-02-27,Capesize,Australia,4.56,511.2,0.229
2024-02-28,Capesize,Australia,4.73,493.3,0.258
2024-02-29,Capesize,Australia,4.68,492.6,0.417
2024-03-01,Capesize,Australia,4.86,497.4,0.188
2024-03-02,Capesize,Australia,4.8,493.3,0.0
2024-03-03,Capesize,Australia,4.72,508.6,0.367
2024-03-04,Capesize,Australia,4.78,503.9,0.519
2024-03-05,Capesize,Australia,4.71,498.3,0.254
2024-03-06,Capesize,Australia,4.73,466.5,0.318
2024-03-07,Capesize,Australia,4.95,491.1,0.279
2024-03-08,Capesize,Australia,5.07,521.9,0.127
2024-03-09,Capesize,Australia,5.03,481.9,0.0
2024-03-10,Capesize,Australia,5.11,502.3,0.0
2024-03-11,Capesize,Australia,4.83,508.1,0.166
2024-03-12,Capesize,Australia,4.78,479.4,0.411
2024-03-13,Capesize,Australia,4.6,495.1,0.275
2024-03-14,Capesize,Australia,4.24,466.1,0.339
2024-03-15,Capesize,Australia,4.15,471.1,0.335
2024-03-16,Capesize,Australia,4.13,469.1,0.271
2024-03-17,Capesize,Australia,4.1,486.7,0.088
2024-03-18,Capesize,Australia,4.29,500.5,0.308
2024-03-19,Capesize,Australia,4.38,491.7,0.115
2024-03-20,Capesize,Australia,4.27,493.4,0.034
2024-03-21,Capesize,Australia,4.52,501.0,0.445
2024-03-22,Capesize,Australia,4.76,479.2,0.192
2024-03-23,Capesize,Australia,4.86,491.6,0.187
2024-03-24,Capesize,Australia,4.92,485.3,0.395
2024-03-25,Capesize,Australia,5.18,501.5,0.0
2024-03-26,Capesize,Australia,4.96,484.5,0.0
2024-03-27,Capesize,Australia,5.04,480.1,0.15
2024-03-28,Capesize,Australia,4.86,468.2,0.054
2024-03-29,Capesize,Australia,4.68,484.7,0.4
2024-03-30,Capesize,Australia,4.87,512.0,0.385
2024-03-31,Capesize,Australia,4.98,446.4,0.143
2024-04-01,Capesize,Australia,5.19,460.9,0.241
2024-04-02,Capesize,Australia,5.25,500.3,0.205
2024-04-03,Capesize,Australia,5.15,489.3,0.156
2024-04-04,Capesize,Australia,5.26,470.4,0.074
2024-04-05,Capesize,Australia,5.17,493.4,0.226
2024-04-06,Capesize,Australia,5.39,472.7,0.51
2024-04-07,Capesize,Australia,5.22,461.9,0.4
2024-04-08,Capesize,Australia,5.24,498.7,0.237
2024-04-09,Capesize,Australia,5.35,495.4,0.301
2024-04-10,Capesize,Australia,5.21,470.9,0.437
2024-04-11,Capesize,Australia,5.18,462.5,0.297
2024-04-12,Capesize,Australia,4.96,477.5,0.39
2024-04-13,Capesize,Australia,5.09,512.2,0.071
2024-04-14,Capesize,Australia,5.07,477.6,0.212
2024-04-15,Capesize,Australia,5.18,475.6,0.408
2024-04-16,Capesize,Australia,5.17,491.5,0.261
2024-04-17,Capesize,Australia,5.14,452.8,0.189
2024-04-18,Capesize,Australia,5.01,470.0,0.444
2024-04-19,Capesize,Australia,5.11,478.2,0.52
2024-04-20,Capesize,Australia,5.13,465.6,0.035
2024-04-21,Capesize,Australia,5.08,486.9,0.532
2024-04-22,Capesize,Australia,4.89,483.2,0.161
2024-04-23,Capesize,Australia,4.97,484.3,0.281
2024-04-24,Capesize,Australia,5.05,470.5,0.441
2024-04-25,Capesize,Australia,5.38,479.4,0.054
2024-04-26,Capesize,Australia,5.52,480.0,0.407
2024-04-27,Capesize,Australia,5.34,468.3,0.397
2024-04-28,Capesize,Australia,5.29,478.1,0.151
2024-04-29,Capesize,Australia,5.17,468.3,0.158
2024-04-30,Capesize,Australia,4.95,490.3,0.384
2024-05-01,Capesize,Australia,4.89,453.2,0.564
2024-05-02,Capesize,Australia,4.87,490.0,0.341
2024-05-03,Capesize,Australia,5.03,488.0,0.372
2024-05-04,Capesize,Australia,4.92,493.3,0.282
2024-05-05,Capesize,Australia,4.97,445.1,0.285
2024-05-06,Capesize,Australia,5.0,437.3,0.332
2024-05-07,Capesize,Australia,4.84,501.9,0.238
2024-05-08,Capesize,Australia,4.74,456.2,0.447
2024-05-09,Capesize,Australia,4.64,471.7,0.347
2024-05-10,Capesize,Australia,4.67,469.5,0.457
2024-05-11,Capesize,Australia,4.48,469.0,0.069
2024-05-12,Capesize,Australia,4.61,504.0,0.235
2024-05-13,Capesize,Australia,4.54,444.6,0.411
2024-05-14,Capesize,Australia,4.69,463.9,0.539
2024-05-15,Capesize,Australia,4.83,465.7,0.263
2024-05-16,Capesize,Australia,4.9,476.2,0.108
2024-05-17,Capesize,Australia,5.08,470.8,0.303
2024-05-18,Capesize,Australia,5.04,453.9,0.48
2024-05-19,Capesize,Australia,4.94,471.3,0.168
2024-05-20,Capesize,Australia,4.83,467.2,0.427
2024-05-21,Capesize,Australia,5.0,449.6,0.534
2024-05-22,Capesize,Australia,4.97,479.0,0.219
2024-05-23,Capesize,Australia,4.91,457.8,0.137
2024-05-24,Capesize,Australia,4.98,467.3,0.549
2024-05-25,Capesize,Australia,4.92,474.1,0.289
2024-05-26,Capesize,Australia,4.86,472.6,0.276
2024-05-27,Capesize,Australia,4.64,466.1,0.404
2024-05-28,Capesize,Australia,4.65,460.4,0.457
2024-05-29,Capesize,Australia,4.67,480.4,0.447
2024-05-30,Capesize,Australia,4.94,489.7,0.375
2024-05-31,Capesize,Australia,4.87,440.1,0.48
2024-06-01,Capesize,Australia,4.71,447.8,0.326
2024-06-02,Capesize,Australia,4.78,477.5,0.285
2024-06-03,Capesize,Australia,4.56,461.8,0.514
2024-06-04,Capesize,Australia,4.87,456.6,0.21
2024-06-05,Capesize,Australia,4.77,454.9,0.483
2024-06-06,Capesize,Australia,4.83,495.9,0.409
2024-06-07,Capesize,Australia,5.01,448.5,0.485
2024-06-08,Capesize,Australia,5.19,464.0,0.362
2024-06-09,Capesize,Australia,5.33,450.4,0.442
2024-06-10,Capesize,Australia,5.1,471.0,0.429
2024-06-11,Capesize,Australia,5.18,469.9,0.366
2024-06-12,Capesize,Australia,5.27,447.1,0.24
2024-06-13,Capesize,Australia,5.15,448.2,0.345
2024-06-14,Capesize,Australia,5.05,450.3,0.282
2024-06-15,Capesize,Australia,5.07,469.7,0.575
2024-06-16,Capesize,Australia,5.09,486.8,0.346
2024-06-17,Capesize,Australia,5.16,482.1,0.231
2024-06-18,Capesize,Australia,5.07,449.4,0.154
2024-06-19,Capesize,Australia,5.1,480.2,0.287
2024-06-20,Capesize,Australia,5.2,491.6,0.019
2024-06-21,Capesize,Australia,5.16,471.7,0.282
2024-06-22,Capesize,Australia,5.19,452.2,0.367
2024-06-23,Capesize,Australia,5.09,466.9,0.602
2024-06-24,Capesize,Australia,5.12,473.9,0.565
2024-06-25,Capesize,Australia,5.0,469.4,0.475
2024-06-26,Capesize,Australia,4.91,480.2,0.37
2024-06-27,Capesize,Australia,4.95,449.9,0.657
2024-06-28,Capesize,Australia,4.93,462.7,0.414
2024-06-29,Capesize,Australia,4.93,456.9,0.328
2024-06-30,Capesize,Australia,4.91,455.7,0.423
2024-07-01,Capesize,Australia,5.06,460.8,0.347
2024-07-02,Capesize,Australia,5.11,460.8,0.122
2024-07-03,Capesize,Australia,4.97,448.9,0.451
2024-07-04,Capesize,Australia,4.99,433.7,0.463
2024-07-05,Capesize,Australia,4.96,444.6,0.514
2024-07-06,Capesize,Australia,4.97,462.0,0.41
2024-07-07,Capesize,Australia,4.89,468.5,0.528
2024-07-08,Capesize,Australia,4.86,455.7,0.531
2024-07-09,Capesize,Australia,4.79,453.1,0.604
2024-07-10,Capesize,Australia,4.77,446.7,0.163
2024-07-11,Capesize,Australia,4.79,457.4,0.363
2024-07-12,Capesize,Australia,4.77,447.5,0.202
2024-07-13,Capesize,Australia,4.82,435.8,0.542
2024-07-14,Capesize,Australia,4.74,476.2,0.413
2024-07-15,Capesize,Australia,4.77,459.5,0.389
2024-07-16,Capesize,Australia,4.77,457.6,0.444
2024-07-17,Capesize,Australia,4.76,444.8,0.357
2024-07-18,Capesize,Australia,4.74,453.8,0.39
2024-07-19,Capesize,Australia,4.79,434.6,0.622
2024-07-20,Capesize,Australia,4.65,437.6,0.385
2024-07-21,Capesize,Australia,4.72,439.1,0.312
2024-07-22,Capesize,Australia,4.74,465.7,0.109
2024-07-23,Capesize,Australia,4.74,472.1,0.441
2024-07-24,Capesize,Australia,4.8,464.5,0.655
2024-07-25,Capesize,Australia,4.73,446.6,0.603
2024-07-26,Capesize,Australia,4.68,426.5,0.363
2024-07-27,Capesize,Australia,4.67,438.5,0.479
2024-07-28,Capesize,Australia,4.66,439.4,0.254
2024-07-29,Capesize,Australia,4.52,455.8,0.678
2024-07-30,Capesize,Australia,4.53,461.0,0.605
2024-07-31,Capesize,Australia,4.53,468.7,0.533
2024-08-01,Capesize,Australia,4.51,436.7,0.406
2024-08-02,Capesize,Australia,4.52,459.2,0.257
2024-08-03,Capesize,Australia,4.36,436.5,0.336
2024-08-04,Capesize,Australia,4.37,444.1,0.569
2024-08-05,Capesize,Australia,4.36,459.8,0.609
2024-08-06,Capesize,Australia,4.47,442.7,0.592
2024-08-07,Capesize,Australia,4.6,437.0,0.433
2024-08-08,Capesize,Australia,4.67,453.7,0.375
2024-08-09,Capesize,Australia,4.58,474.4,0.501
2024-08-10,Capesize,Australia,4.67,445.3,0.43
2024-08-11,Capesize,Australia,4.67,435.4,0.407
2024-08-12,Capesize,Australia,4.62,435.0,0.395
2024-08-13,Capesize,Australia,4.74,417.9,0.377
2024-08-14,Capesize,Australia,4.82,442.2,0.462
2024-08-15,Capesize,Australia,4.9,438.6,0.369
2024-08-16,Capesize,Australia,4.75,441.5,0.425
2024-08-17,Capesize,Australia,4.7,447.7,0.289
2024-08-18,Capesize,Australia,4.65,456.8,0.401
2024-08-19,Capesize,Australia,4.58,435.2,0.709
2024-08-20,Capesize,Australia,4.54,442.6,0.474
2024-08-21,Capesize,Australia,4.59,443.8,0.212
2024-08-22,Capesize,Australia,4.65,435.2,0.372
2024-08-23,Capesize,Australia,4.57,429.8,0.507
2024-08-24,Capesize,Australia,4.62,449.3,0.498
2024-08-25,Capesize,Australia,4.76,445.3,0.586
2024-08-26,Capesize,Australia,4.64,400.0,0.414
2024-08-27,Capesize,Australia,4.68,432.1,0.263
2024-08-28,Capesize,Australia,4.6,416.7,0.462
2024-08-29,Capesize,Australia,4.61,436.7,0.198
2024-08-30,Capesize,Australia,4.67,438.5,0.467
2024-08-31,Capesize,Australia,4.68,444.5,0.692
2024-09-01,Capesize,Australia,4.68,436.9,0.413
2024-09-02,Capesize,Australia,4.78,442.3,0.635
2024-09-03,Capesize,Australia,4.81,414.7,0.578
2024-09-04,Capesize,Australia,4.69,447.7,0.5
2024-09-05,Capesize,Australia,4.83,437.3,0.522
2024-09-06,Capesize,Australia,4.87,426.2,0.243
2024-09-07,Capesize,Australia,4.8,428.3,0.553
2024-09-08,Capesize,Australia,4.83,441.6,0.226
2024-09-09,Capesize,Australia,4.84,423.7,0.223
2024-09-10,Capesize,Australia,4.87,448.8,0.689
2024-09-11,Capesize,Australia,4.86,419.3,0.567
2024-09-12,Capesize,Australia,4.77,392.5,0.669
2024-09-13,Capesize,Australia,4.73,424.6,0.696
2024-09-14,Capesize,Australia,4.68,442.1,0.481
2024-09-15,Capesize,Australia,4.81,428.8,0.544
2024-09-16,Capesize,Australia,4.92,448.7,0.356
2024-09-17,Capesize,Australia,5.04,434.4,0.602
2024-09-18,Capesize,Australia,5.04,421.0,0.622
2024-09-19,Capesize,Australia,5.08,415.5,0.581
2024-09-20,Capesize,Australia,5.08,451.7,0.366
2024-09-21,Capesize,Australia,5.04,429.3,0.712
2024-09-22,Capesize,Australia,5.07,418.6,0.41
2024-09-23,Capesize,Australia,5.08,404.5,0.564
2024-09-24,Capesize,Australia,5.2,435.7,0.777
2024-09-25,Capesize,Australia,5.1,406.1,0.407
2024-09-26,Capesize,Australia,5.09,435.7,0.589
2024-09-27,Capesize,Australia,5.03,429.5,0.623
2024-09-28,Capesize,Australia,5.02,434.9,0.678
2024-09-29,Capesize,Australia,5.06,428.2,0.515
2024-09-30,Capesize,Australia,4.99,458.3,0.673
2024-10-01,Capesize,Australia,5.01,419.0,0.527
2024-10-02,Capesize,Australia,4.91,433.3,0.648
2024-10-03,Capesize,Australia,4.96,408.1,0.67
2024-10-04,Capesize,Australia,4.84,406.8,0.509
2024-10-05,Capesize,Australia,4.86,417.0,0.542
2024-10-06,Capesize,Australia,4.89,428.8,0.365
2024-10-07,Capesize,Australia,4.88,430.7,0.253
2024-10-08,Capesize,Australia,4.99,442.0,0.519
2024-10-09,Capesize,Australia,4.88,412.7,0.518
2024-10-10,Capesize,Australia,4.86,423.8,0.568
2024-10-11,Capesize,Australia,4.85,432.4,0.47
2024-10-12,Capesize,Australia,4.89,424.8,0.58
2024-10-13,Capesize,Australia,4.92,429.6,0.445
2024-10-14,Capesize,Australia,4.99,420.8,0.459
2024-10-15,Capesize,Australia,5.01,420.9,0.373
2024-10-16,Capesize,Australia,5.0,403.9,0.564
2024-10-17,Capesize,Australia,5.1,410.9,0.362
2024-10-18,Capesize,Australia,5.03,388.3,0.763
2024-10-19,Capesize,Australia,4.97,409.4,0.314
2024-10-20,Capesize,Australia,4.97,411.7,0.84
2024-10-21,Capesize,Australia,4.96,427.1,0.52
2024-10-22,Capesize,Australia,4.93,435.4,0.666
2024-10-23,Capesize,Australia,4.95,424.0,0.768
2024-10-24,Capesize,Australia,4.96,421.2,0.343
2024-10-25,Capesize,Australia,4.87,418.7,0.591
2024-10-26,Capesize,Australia,4.71,446.7,0.387
2024-10-27,Capesize,Australia,4.69,437.5,0.622
2024-10-28,Capesize,Australia,4.69,420.7,0.462
2024-10-29,Capesize,Australia,4.74,399.7,0.666
2024-10-30,Capesize,Australia,4.6,419.1,0.147
2024-10-31,Capesize,Australia,4.74,435.8,0.394
2024-11-01,Capesize,Australia,4.69,416.1,0.731
2024-11-02,Capesize,Australia,4.57,406.5,0.395
2024-11-03,Capesize,Australia,4.63,408.8,0.738
2024-11-04,Capesize,Australia,4.62,420.8,0.578
2024-11-05,Capesize,Australia,4.6,395.8,0.74
2024-11-06,Capesize,Australia,4.72,434.7,0.228
2024-11-07,Capesize,Australia,4.78,424.0,0.825
2024-11-08,Capesize,Australia,4.75,416.3,0.874
2024-11-09,Capesize,Australia,4.76,431.5,0.364
2024-11-10,Capesize,Australia,4.68,399.8,0.58
2024-11-11,Capesize,Australia,4.66,406.9,0.484
2024-11-12,Capesize,Australia,4.65,414.4,0.554
2024-11-13,Capesize,Australia,4.71,400.3,0.373
2024-11-14,Capesize,Australia,4.68,393.0,0.811
2024-11-15,Capesize,Australia,4.71,431.8,0.464
2024-11-16,Capesize,Australia,4.73,412.5,0.777
2024-11-17,Capesize,Australia,4.91,417.6,0.91
2024-11-18,Capesize,Australia,4.99,382.0,0.314
2024-11-19,Capesize,Australia,5.16,423.6,0.63
2024-11-20,Capesize,Australia,5.21,424.5,0.541
2024-11-21,Capesize,Australia,5.19,401.6,0.475
2024-11-22,Capesize,Australia,5.21,414.3,0.349
2024-11-23,Capesize,Australia,5.15,402.1,0.555
2024-11-24,Capesize,Australia,5.15,423.5,0.477
2024-11-25,Capesize,Australia,5.15,408.9,0.382
2024-11-26,Capesize,Australia,5.13,414.4,0.721
2024-11-27,Capesize,Australia,5.06,424.3,0.558
2024-11-28,Capesize,Australia,5.04,409.0,0.405
2024-11-29,Capesize,Australia,5.11,402.7,0.643
2024-11-30,Capesize,Australia,5.16,411.6,0.555
2024-12-01,Capesize,Australia,4.99,406.0,0.547
2024-12-02,Capesize,Australia,5.07,429.3,0.555
2024-12-03,Capesize,Australia,5.2,405.2,0.536
2024-12-04,Capesize,Australia,5.34,428.2,0.569
2024-12-05,Capesize,Australia,5.3,383.3,0.416
2024-12-06,Capesize,Australia,5.42,403.3,0.559
2024-12-07,Capesize,Australia,5.31,420.3,0.837
2024-12-08,Capesize,Australia,5.32,413.2,0.528
2024-12-09,Capesize,Australia,5.3,412.0,0.721
2024-12-10,Capesize,Australia,5.28,404.6,0.253
2024-12-11,Capesize,Australia,5.28,402.5,0.882
2024-12-12,Capesize,Australia,5.31,428.5,0.733
2024-12-13,Capesize,Australia,5.29,445.5,0.691
2024-12-14,Capesize,Australia,5.28,406.1,0.615
2024-12-15,Capesize,Australia,5.28,418.7,0.655
2024-12-16,Capesize,Australia,5.34,421.7,0.304
2024-12-17,Capesize,Australia,5.29,417.8,0.498
2024-12-18,Capesize,Australia,5.27,408.7,0.519
2024-12-19,Capesize,Australia,5.26,414.8,0.356
2024-12-20,Capesize,Australia,5.2,410.9,0.242
2024-12-21,Capesize,Australia,5.17,393.0,0.482
2024-12-22,Capesize,Australia,5.1,417.3,0.624
2024-12-23,Capesize,Australia,5.12,387.1,0.382
2024-12-24,Capesize,Australia,5.02,402.7,0.69
2024-12-25,Capesize,Australia,5.06,400.0,0.45
2024-12-26,Capesize,Australia,5.12,399.5,0.656
2024-12-27,Capesize,Australia,5.13,439.1,0.27
2024-12-28,Capesize,Australia,5.19,382.2,0.427
2024-12-29,Capesize,Australia,5.11,421.6,0.412
2024-12-30,Capesize,Australia,5.07,413.0,0.34
2024-12-31,Capesize,Australia,5.16,398.6,0.512
2025-01-01,Capesize,Australia,5.17,410.8,0.65
2025-01-02,Capesize,Australia,5.23,414.3,0.498
2025-01-03,Capesize,Australia,5.21,397.1,0.504
2025-01-04,Capesize,Australia,5.17,390.4,0.637
2025-01-05,Capesize,Australia,5.26,394.9,0.623
2025-01-06,Capesize,Australia,5.31,410.5,0.664
2025-01-07,Capesize,Australia,5.28,420.7,0.627
2025-01-08,Capesize,Australia,5.38,397.2,0.671
2025-01-09,Capesize,Australia,5.33,382.8,0.682
2025-01-10,Capesize,Australia,5.34,395.2,0.723
2025-01-11,Capesize,Australia,5.35,403.4,0.294
2025-01-12,Capesize,Australia,5.31,424.1,0.701
2025-01-13,Capesize,Australia,5.31,390.3,0.435
2025-01-14,Capesize,Australia,5.26,391.5,0.478
2025-01-15,Capesize,Australia,5.25,404.2,0.627
2025-01-16,Capesize,Australia,5.2,399.0,0.525
2025-01-17,Capesize,Australia,5.28,390.9,0.356
2025-01-18,Capesize,Australia,5.36,403.1,0.318
2025-01-19,Capesize,Australia,5.36,403.4,0.418
2025-01-20,Capesize,Australia,5.48,415.2,0.352
2025-01-21,Capesize,Australia,5.5,389.3,0.671
2025-01-22,Capesize,Australia,5.37,398.7,0.453
2025-01-23,Capesize,Australia,5.32,386.7,0.561
2025-01-24,Capesize,Australia,5.2,383.5,0.674
2025-01-25,Capesize,Australia,5.42,384.6,0.443
2025-01-26,Capesize,Australia,5.34,420.8,0.6
2025-01-27,Capesize,Australia,5.41,390.2,0.508
2025-01-28,Capesize,Australia,5.38,389.4,0.561
2025-01-29,Capesize,Australia,5.5,402.4,0.257
2025-01-30,Capesize,Australia,5.49,378.1,0.374
2025-01-31,Capesize,Australia,5.59,424.9,0.491
2025-02-01,Capesize,Australia,5.56,389.9,0.738
2025-02-02,Capesize,Australia,5.5,417.0,0.531
2025-02-03,Capesize,Australia,5.52,398.2,0.394
2025-02-04,Capesize,Australia,5.6,389.5,0.427
2025-02-05,Capesize,Australia,5.64,401.9,0.622
2025-02-06,Capesize,Australia,5.7,398.4,0.309
2025-02-07,Capesize,Australia,5.75,406.8,0.302
2025-02-08,Capesize,Australia,5.88,384.2,0.653
2025-02-09,Capesize,Australia,5.83,388.8,0.452
2025-02-10,Capesize,Australia,5.67,411.8,0.464
2025-02-11,Capesize,Australia,5.82,391.8,0.679
2025-02-12,Capesize,Australia,5.9,397.3,0.236
2025-02-13,Capesize,Australia,5.85,387.2,0.342
2025-02-14,Capesize,Australia,5.89,385.4,0.489
2025-02-15,Capesize,Australia,5.95,373.5,0.448
2025-02-16,Capesize,Australia,5.96,406.1,0.473
2025-02-17,Capesize,Australia,6.02,387.8,0.614
2025-02-18,Capesize,Australia,6.08,378.7,0.542
2025-02-19,Capesize,Australia,6.09,400.4,0.226
2025-02-20,Capesize,Australia,6.06,376.9,0.465
2025-02-21,Capesize,Australia,5.99,397.9,0.699
2025-02-22,Capesize,Australia,6.04,389.9,0.591
2025-02-23,Capesize,Australia,5.93,389.4,0.581
2025-02-24,Capesize,Australia,5.92,408.7,0.571
2025-02-25,Capesize,Australia,5.92,361.6,0.528
2025-02-26,Capesize,Australia,5.79,393.7,0.446
2025-02-27,Capesize,Australia,5.88,380.8,0.443
2025-02-28,Capesize,Australia,5.76,395.5,0.413
2025-03-01,Capesize,Australia,5.84,368.4,0.487
2025-03-02,Capesize,Australia,5.74,372.7,0.46
2025-03-03,Capesize,Australia,5.57,388.4,0.473
2025-03-04,Capesize,Australia,5.5,378.2,0.763
2025-03-05,Capesize,Australia,5.46,414.1,0.328
2025-03-06,Capesize,Australia,5.28,379.6,0.281
2025-03-07,Capesize,Australia,5.12,400.3,0.324
2025-03-08,Capesize,Australia,5.1,386.1,0.558
2025-03-09,Capesize,Australia,5.16,389.1,0.701
2025-03-10,Capesize,Australia,5.06,404.4,0.621
2025-03-11,Capesize,Australia,5.36,394.1,0.464
2025-03-12,Capesize,Australia,5.16,390.9,0.454
2025-03-13,Capesize,Australia,5.07,387.7,0.484
2025-03-14,Capesize,Australia,5.03,395.5,0.534
2025-03-15,Capesize,Australia,4.99,380.0,0.56
2025-03-16,Capesize,Australia,4.96,392.5,0.149
2025-03-17,Capesize,Australia,4.97,384.0,0.262
2025-03-18,Capesize,Australia,4.94,381.7,0.399
2025-03-19,Capesize,Australia,5.07,392.0,0.414
2025-03-20,Capesize,Australia,5.03,373.3,0.615
2025-03-21,Capesize,Australia,4.94,395.5,0.459
2025-03-22,Capesize,Australia,4.93,423.2,0.534
2025-03-23,Capesize,Australia,4.93,383.6,0.356
2025-03-24,Capesize,Australia,5.15,360.1,0.583
2025-03-25,Capesize,Australia,5.15,384.1,0.462
2025-03-26,Capesize,Australia,5.04,398.4,0.248
2025-03-27,Capesize,Australia,5.28,406.0,0.439
2025-03-28,Capesize,Australia,5.45,385.8,0.343
2025-03-29,Capesize,Australia,5.56,368.5,0.607
2025-03-30,Capesize,Australia,5.54,381.2,0.343
2025-03-31,Capesize,Australia,5.56,363.4,0.355
2025-04-01,Capesize,Australia,5.54,397.6,0.423
2025-04-02,Capesize,Australia,5.4,371.3,0.254
2025-04-03,Capesize,Australia,5.26,416.4,0.819
2025-04-04,Capesize,Australia,5.31,425.8,0.091
2025-04-05,Capesize,Australia,5.22,378.1,0.327
2025-04-06,Capesize,Australia,5.34,404.3,0.477
2025-04-07,Capesize,Australia,5.31,370.5,0.501
2025-04-08,Capesize,Australia,5.23,416.6,0.5
2025-04-09,Capesize,Australia,5.14,392.3,0.433
2025-04-10,Capesize,Australia,5.33,392.5,0.56
2025-04-11,Capesize,Australia,5.43,405.8,0.447
2025-04-12,Capesize,Australia,5.44,382.6,0.552
2025-04-13,Capesize,Australia,5.5,391.5,0.384
2025-04-14,Capesize,Australia,5.35,360.2,0.56
2025-04-15,Capesize,Australia,5.18,369.4,0.421
2025-04-16,Capesize,Australia,5.22,391.1,0.573
2025-04-17,Capesize,Australia,5.16,396.4,0.563
2025-04-18,Capesize,Australia,5.11,404.4,0.316
2025-04-19,Capesize,Australia,5.16,395.3,0.437
2025-04-20,Capesize,Australia,5.06,389.6,0.281
2025-04-21,Capesize,Australia,5.05,401.9,0.409
2025-04-22,Capesize,Australia,5.05,400.4,0.331
2025-04-23,Capesize,Australia,4.94,373.3,0.277
2025-04-24,Capesize,Australia,5.01,371.3,0.328
2025-04-25,Capesize,Australia,5.02,370.5,0.618
2025-04-26,Capesize,Australia,5.14,367.8,0.406
2025-04-27,Capesize,Australia,5.29,375.4,0.388
2025-04-28,Capesize,Australia,5.51,392.5,0.343
2025-04-29,Capesize,Australia,5.38,403.8,0.354
2025-04-30,Capesize,Australia,5.44,404.8,0.374
2025-05-01,Capesize,Australia,5.33,364.3,0.33
2025-05-02,Capesize,Australia,5.4,382.8,0.583
2025-05-03,Capesize,Australia,5.35,396.5,0.227
2025-05-04,Capesize,Australia,5.03,381.2,0.397
2025-05-05,Capesize,Australia,4.94,405.8,0.251
2025-05-06,Capesize,Australia,4.93,385.6,0.39
2025-05-07,Capesize,Australia,4.88,398.2,0.564
2025-05-08,Capesize,Australia,4.87,380.9,0.459
2025-05-09,Capesize,Australia,4.91,378.4,0.306
2025-05-10,Capesize,Australia,4.87,384.4,0.35
2025-05-11,Capesize,Australia,5.06,404.2,0.534
2025-05-12,Capesize,Australia,4.93,396.5,0.283
2025-05-13,Capesize,Australia,4.76,388.1,0.286
2025-05-14,Capesize,Australia,4.76,358.4,0.452
2025-05-15,Capesize,Australia,4.65,421.9,0.349
2025-05-16,Capesize,Australia,4.82,391.3,0.39
2025-05-17,Capesize,Australia,4.63,367.1,0.245
2025-05-18,Capesize,Australia,4.49,405.4,0.457
2025-05-19,Capesize,Australia,4.67,395.4,0.386
2025-05-20,Capesize,Australia,4.68,383.8,0.404
2025-05-21,Capesize,Australia,4.51,383.8,0.4
2025-05-22,Capesize,Australia,4.62,380.3,0.33
2025-05-23,Capesize,Australia,4.49,373.9,0.39
2025-05-24,Capesize,Australia,4.52,394.1,0.452
2025-05-25,Capesize,Australia,4.59,381.0,0.408
2025-05-26,Capesize,Australia,4.56,401.1,0.066
2025-05-27,Capesize,Australia,4.58,391.6,0.555
2025-05-28,Capesize,Australia,4.5,373.1,0.362
2025-05-29,Capesize,Australia,4.41,386.8,0.513
2025-05-30,Capesize,Australia,4.5,404.4,0.319
2025-05-31,Capesize,Australia,4.61,392.2,0.267
2025-06-01,Capesize,Australia,4.82,393.6,0.326
2025-06-02,Capesize,Australia,4.86,380.0,0.233
2025-06-03,Capesize,Australia,4.84,394.7,0.37
2025-06-04,Capesize,Australia,4.97,394.9,0.037
2025-06-05,Capesize,Australia,4.81,397.3,0.046
2025-06-06,Capesize,Australia,4.89,387.2,0.309
2025-06-07,Capesize,Australia,4.82,373.9,0.193
2025-06-08,Capesize,Australia,4.83,396.2,0.333
2025-06-09,Capesize,Australia,5.02,395.1,0.142
2025-06-10,Capesize,Australia,5.08,393.2,0.671
2025-06-11,Capesize,Australia,5.02,391.5,0.348
2025-06-12,Capesize,Australia,4.85,399.0,0.118
2025-06-13,Capesize,Australia,4.8,387.9,0.251
2025-06-14,Capesize,Australia,4.8,400.8,0.121
2025-06-15,Capesize,Australia,4.91,384.1,0.609
2025-06-16,Capesize,Australia,4.77,419.0,0.614
2025-06-17,Capesize,Australia,4.68,407.2,0.344
2025-06-18,Capesize,Australia,4.78,412.3,0.422
2025-06-19,Capesize,Australia,4.64,386.4,0.168
2025-06-20,Capesize,Australia,4.61,408.0,0.196
2025-06-21,Capesize,Australia,4.56,386.2,0.053
2025-06-22,Capesize,Australia,4.45,409.3,0.155
2025-06-23,Capesize,Australia,4.4,391.8,0.292
2025-06-24,Capesize,Australia,4.67,380.7,0.396
2025-06-25,Capesize,Australia,4.56,407.6,0.527
2025-06-26,Capesize,Australia,4.69,377.9,0.443
2025-06-27,Capesize,Australia,4.67,373.5,0.346
2025-06-28,Capesize,Australia,4.72,384.4,0.144
2025-06-29,Capesize,Australia,4.52,389.7,0.219
2025-06-30,Capesize,Australia,4.48,401.4,0.699
2025-07-01,Capesize,Australia,4.51,374.9,0.197
2025-07-02,Capesize,Australia,4.4,378.8,0.402
2025-07-03,Capesize,Australia,4.35,401.4,0.047
2025-07-04,Capesize,Australia,4.3,406.7,0.277
2025-07-05,Capesize,Australia,4.45,384.0,0.315
2025-07-06,Capesize,Australia,4.39,406.9,0.1
2025-07-07,Capesize,Australia,4.34,410.5,0.173
2025-07-08,Capesize,Australia,4.38,397.3,0.178
2025-07-09,Capesize,Australia,4.51,390.4,0.271
2025-07-10,Capesize,Australia,4.59,401.0,0.259
2025-07-11,Capesize,Australia,4.6,411.0,0.259
2025-07-12,Capesize,Australia,4.5,393.0,0.124
2025-07-13,Capesize,Australia,4.57,389.6,0.111
2025-07-14,Capesize,Australia,4.47,391.4,0.175
2025-07-15,Capesize,Australia,4.25,385.3,0.343
2025-07-16,Capesize,Australia,4.21,371.4,0.206
2025-07-17,Capesize,Australia,4.15,383.2,0.21
2025-07-18,Capesize,Australia,4.19,401.8,0.142
2025-07-19,Capesize,Australia,4.28,355.3,0.063
2025-07-20,Capesize,Australia,4.32,396.3,0.255
2025-07-21,Capesize,Australia,4.26,401.4,0.185
2025-07-22,Capesize,Australia,4.39,421.1,0.23
2025-07-23,Capesize,Australia,4.38,375.1,0.264
2025-07-24,Capesize,Australia,4.19,381.2,0.229
2025-07-25,Capesize,Australia,4.14,405.1,0.371
2025-07-26,Capesize,Australia,4.23,406.6,0.398
2025-07-27,Capesize,Australia,4.16,431.0,0.532
2025-07-28,Capesize,Australia,4.19,390.9,0.097
2025-07-29,Capesize,Australia,4.12,397.4,0.258
2025-07-30,Capesize,Australia,4.02,367.4,0.147
2025-07-31,Capesize,Australia,4.19,418.7,0.443
2025-08-01,Capesize,Australia,4.23,387.0,0.495
2025-08-02,Capesize,Australia,4.41,397.8,0.308
2025-08-03,Capesize,Australia,4.28,399.1,0.176
2025-08-04,Capesize,Australia,4.35,392.2,0.096
2025-08-05,Capesize,Australia,4.3,359.3,0.152
2025-08-06,Capesize,Australia,4.2,397.4,0.0
2025-08-07,Capesize,Australia,4.23,402.2,0.194
2025-08-08,Capesize,Australia,4.28,406.4,0.529
2025-08-09,Capesize,Australia,4.23,408.5,0.501
2025-08-10,Capesize,Australia,4.24,394.5,0.382
2025-08-11,Capesize,Australia,4.26,413.2,0.474
2025-08-12,Capesize,Australia,4.45,412.0,0.088
2025-08-13,Capesize,Australia,4.39,402.2,0.222
2025-08-14,Capesize,Australia,4.43,398.1,0.15
2025-08-15,Capesize,Australia,4.25,384.8,0.497
2025-08-16,Capesize,Australia,4.34,391.0,0.393
2025-08-17,Capesize,Australia,4.32,386.4,0.582
2025-08-18,Capesize,Australia,4.47,418.3,0.411
2025-08-19,Capesize,Australia,4.32,404.9,0.14
2025-08-20,Capesize,Australia,4.33,399.2,0.0
2025-08-21,Capesize,Australia,4.28,398.1,0.164
2025-08-22,Capesize,Australia,4.29,386.8,0.364
2025-08-23,Capesize,Australia,4.31,371.9,0.156
2025-08-24,Capesize,Australia,4.33,413.7,0.254
2025-08-25,Capesize,Australia,4.46,395.5,0.276
2025-08-26,Capesize,Australia,4.38,379.5,0.337
2025-08-27,Capesize,Australia,4.25,431.6,0.164
2025-08-28,Capesize,Australia,4.37,412.1,0.114
2025-08-29,Capesize,Australia,4.41,401.5,0.016
2025-08-30,Capesize,Australia,4.22,398.5,0.353
2025-08-31,Capesize,Australia,4.09,406.9,0.157
2025-09-01,Capesize,Australia,4.07,408.6,0.352
2025-09-02,Capesize,Australia,3.94,409.6,0.218
2025-09-03,Capesize,Australia,3.98,391.7,0.307
2025-09-04,Capesize,Australia,4.08,382.7,0.184
2025-09-05,Capesize,Australia,4.21,387.5,0.044
2025-09-06,Capesize,Australia,4.38,396.9,0.286
2025-09-07,Capesize,Australia,4.55,428.2,0.072
2025-09-08,Capesize,Australia,4.57,378.1,0.337
2025-09-09,Capesize,Australia,4.76,417.8,0.133
2025-09-10,Capesize,Australia,4.91,426.2,0.19
2025-09-11,Capesize,Australia,4.78,403.1,0.12
2025-09-12,Capesize,Australia,4.92,394.9,0.4
2025-09-13,Capesize,Australia,5.07,415.4,0.433
2025-09-14,Capesize,Australia,5.21,375.3,0.081
2025-09-15,Capesize,Australia,5.23,397.3,0.037
2025-09-16,Capesize,Australia,5.34,404.8,0.199
2025-09-17,Capesize,Australia,5.22,401.8,0.47
2025-09-18,Capesize,Australia,4.96,399.0,0.231
2025-09-19,Capesize,Australia,4.93,388.2,0.142
2025-09-20,Capesize,Australia,4.85,410.1,0.181
2025-09-21,Capesize,Australia,5.05,402.7,0.0
2025-09-22,Capesize,Australia,4.94,414.6,0.13
2025-09-23,Capesize,Australia,5.0,434.3,0.328
2025-09-24,Capesize,Australia,4.98,405.7,0.0
2025-09-25,Capesize,Australia,4.96,420.8,0.058
2025-09-26,Capesize,Australia,5.03,446.0,0.123
2025-09-27,Capesize,Australia,4.94,433.3,0.105
2025-09-28,Capesize,Australia,4.96,389.6,0.298
2025-09-29,Capesize,Australia,4.78,404.8,0.417
2025-09-30,Capesize,Australia,4.77,419.4,0.119
2025-10-01,Capesize,Australia,4.61,384.7,0.196
2025-10-02,Capesize,Australia,4.59,406.6,0.232
2025-10-03,Capesize,Australia,4.7,419.8,0.357
2025-10-04,Capesize,Australia,4.79,400.0,0.195
2025-10-05,Capesize,Australia,4.84,372.3,0.137
2025-10-06,Capesize,Australia,4.83,403.9,0.491
2025-10-07,Capesize,Australia,4.78,416.5,0.303
2025-10-08,Capesize,Australia,4.92,417.5,0.323
2025-10-09,Capesize,Australia,4.92,387.1,0.52
2025-10-10,Capesize,Australia,4.83,402.9,0.431
2025-10-11,Capesize,Australia,4.72,387.0,0.337
2025-10-12,Capesize,Australia,4.64,429.8,0.136
2025-10-13,Capesize,Australia,4.57,413.9,0.296
2025-10-14,Capesize,Australia,4.44,426.8,0.539
2025-10-15,Capesize,Australia,4.64,391.5,0.0
2025-10-16,Capesize,Australia,4.64,410.0,0.315
2025-10-17,Capesize,Australia,4.62,419.1,0.158
2025-10-18,Capesize,Australia,4.61,418.7,0.555
2025-10-19,Capesize,Australia,4.53,400.5,0.493
2025-10-20,Capesize,Australia,4.54,399.0,0.215
2025-10-21,Capesize,Australia,4.39,388.5,0.379
2025-10-22,Capesize,Australia,4.57,439.9,0.533
2025-10-23,Capesize,Australia,4.54,428.4,0.368
2025-10-24,Capesize,Australia,4.56,403.3,0.353
2025-10-25,Capesize,Australia,4.58,394.0,0.125
2025-10-26,Capesize,Australia,4.5,401.6,0.181
2025-10-27,Capesize,Australia,4.54,425.4,0.086
2025-10-28,Capesize,Australia,4.37,430.6,0.324
2025-10-29,Capesize,Australia,4.33,423.8,0.174
2025-10-30,Capesize,Australia,4.46,408.1,0.255
2025-10-31,Capesize,Australia,4.58,440.0,0.271
2025-11-01,Capesize,Australia,4.54,392.4,0.335
2025-11-02,Capesize,Australia,4.55,398.1,0.069
2025-11-03,Capesize,Australia,4.69,412.3,0.204
2025-11-04,Capesize,Australia,4.54,449.7,0.509
2025-11-05,Capesize,Australia,4.41,421.3,0.018
2025-11-06,Capesize,Australia,4.5,435.2,0.429
2025-11-07,Capesize,Australia,4.5,446.8,0.325
2025-11-08,Capesize,Australia,4.68,410.3,0.416
2025-11-09,Capesize,Australia,4.55,422.1,0.177
2025-11-10,Capesize,Australia,4.62,424.8,0.379
2025-11-11,Capesize,Australia,4.51,439.1,0.526
2025-11-12,Capesize,Australia,4.52,419.7,0.176
2025-11-13,Capesize,Australia,4.82,431.6,0.308
2025-11-14,Capesize,Australia,4.8,417.5,0.26
2025-11-15,Capesize,Australia,4.77,436.2,0.464
2025-11-16,Capesize,Australia,4.67,427.0,0.424
2025-11-17,Capesize,Australia,4.69,460.0,0.147
2025-11-18,Capesize,Australia,4.71,424.0,0.176
2025-11-19,Capesize,Australia,4.63,427.5,0.419
2025-11-20,Capesize,Australia,4.65,422.1,0.512
2025-11-21,Capesize,Australia,4.7,419.8,0.157
2025-11-22,Capesize,Australia,4.76,434.1,0.547
2025-11-23,Capesize,Australia,4.83,413.1,0.398
2025-11-24,Capesize,Australia,4.85,413.7,0.584
2025-11-25,Capesize,Australia,4.9,433.7,0.105
2025-11-26,Capesize,Australia,4.84,452.6,0.26
2025-11-27,Capesize,Australia,4.93,459.1,0.262
2025-11-28,Capesize,Australia,5.05,416.5,0.384
2025-11-29,Capesize,Australia,5.08,425.5,0.43
2025-11-30,Capesize,Australia,4.95,425.2,0.0
2025-12-01,Capesize,Australia,4.92,440.4,0.381
2025-12-02,Capesize,Australia,4.98,425.9,0.37
2025-12-03,Capesize,Australia,5.02,448.9,0.328
2025-12-04,Capesize,Australia,5.02,431.3,0.247
2025-12-05,Capesize,Australia,5.03,419.3,0.194
2025-12-06,Capesize,Australia,5.21,428.7,0.422
2025-12-07,Capesize,Australia,5.32,433.9,0.406
2025-12-08,Capesize,Australia,5.45,429.4,0.145
2025-12-09,Capesize,Australia,5.41,415.1,0.191
2025-12-10,Capesize,Australia,5.4,444.9,0.314
2025-12-11,Capesize,Australia,5.27,407.2,0.111
2025-12-12,Capesize,Australia,5.12,446.7,0.349
2025-12-13,Capesize,Australia,5.32,430.5,0.308
2025-12-14,Capesize,Australia,5.46,440.2,0.545
2025-12-15,Capesize,Australia,5.41,451.9,0.327
2025-12-16,Capesize,Australia,5.35,433.7,0.125
2025-12-17,Capesize,Australia,5.56,442.2,0.383
2025-12-18,Capesize,Australia,5.56,415.2,0.472
2025-12-19,Capesize,Australia,5.7,438.3,0.377
2025-12-20,Capesize,Australia,5.78,432.0,0.495
2025-12-21,Capesize,Australia,5.75,434.5,0.421
2025-12-22,Capesize,Australia,5.63,454.0,0.367
2025-12-23,Capesize,Australia,5.74,455.9,0.521
2025-12-24,Capesize,Australia,5.85,450.1,0.372
2025-12-25,Capesize,Australia,6.03,414.8,0.119
2025-12-26,Capesize,Australia,5.98,455.2,0.718
2025-12-27,Capesize,Australia,6.03,451.0,0.483
2025-12-28,Capesize,Australia,5.98,439.1,0.086
2025-12-29,Capesize,Australia,6.1,429.9,0.299
2025-12-30,Capesize,Australia,6.12,450.1,0.245
2023-01-01,Capesize,Indonesia,4.61,454.1,0.272
2023-01-02,Capesize,Indonesia,4.58,480.8,0.584
2023-01-03,Capesize,Indonesia,4.7,449.5,0.789
2023-01-04,Capesize,Indonesia,4.74,463.4,0.333
2023-01-05,Capesize,Indonesia,4.69,480.4,0.283
2023-01-06,Capesize,Indonesia,4.85,458.7,0.209
2023-01-07,Capesize,Indonesia,4.98,439.3,0.192
2023-01-08,Capesize,Indonesia,5.03,464.2,0.37
2023-01-09,Capesize,Indonesia,5.13,441.9,0.51
2023-01-10,Capesize,Indonesia,5.09,465.8,0.276
2023-01-11,Capesize,Indonesia,4.94,459.2,0.604
2023-01-12,Capesize,Indonesia,4.79,449.3,0.539
2023-01-13,Capesize,Indonesia,4.99,453.6,0.638
2023-01-14,Capesize,Indonesia,5.13,444.7,0.168
2023-01-15,Capesize,Indonesia,5.21,448.8,0.453
2023-01-16,Capesize,Indonesia,5.09,461.9,0.416
2023-01-17,Capesize,Indonesia,5.27,455.4,0.259
2023-01-18,Capesize,Indonesia,5.31,446.9,0.351
2023-01-19,Capesize,Indonesia,5.25,447.2,0.234
2023-01-20,Capesize,Indonesia,5.4,475.4,0.153
2023-01-21,Capesize,Indonesia,5.38,435.0,0.662
2023-01-22,Capesize,Indonesia,5.35,448.5,0.366
2023-01-23,Capesize,Indonesia,5.3,435.7,0.237
2023-01-24,Capesize,Indonesia,5.38,438.3,0.401
2023-01-25,Capesize,Indonesia,5.25,451.1,0.4
2023-01-26,Capesize,Indonesia,5.06,446.3,0.376
2023-01-27,Capesize,Indonesia,5.04,466.0,0.543
2023-01-28,Capesize,Indonesia,4.95,446.1,0.316
2023-01-29,Capesize,Indonesia,5.09,470.2,0.442
2023-01-30,Capesize,Indonesia,5.06,460.6,0.266
2023-01-31,Capesize,Indonesia,4.99,461.2,0.301
2023-02-01,Capesize,Indonesia,5.03,455.6,0.583
2023-02-02,Capesize,Indonesia,5.04,449.8,0.432
2023-02-03,Capesize,Indonesia,5.0,466.0,0.408
2023-02-04,Capesize,Indonesia,5.0,491.7,0.349
2023-02-05,Capesize,Indonesia,5.12,457.9,0.371
2023-02-06,Capesize,Indonesia,5.19,461.5,0.418
2023-02-07,Capesize,Indonesia,5.3,457.4,0.155
2023-02-08,Capesize,Indonesia,5.29,430.8,0.273
2023-02-09,Capesize,Indonesia,5.25,490.6,0.716
2023-02-10,Capesize,Indonesia,5.18,470.4,0.553
2023-02-11,Capesize,Indonesia,5.1,452.2,0.543
2023-02-12,Capesize,Indonesia,5.04,447.2,0.428
2023-02-13,Capesize,Indonesia,5.09,467.4,0.334
2023-02-14,Capesize,Indonesia,5.05,444.2,0.515
2023-02-15,Capesize,Indonesia,5.01,447.4,0.494
2023-02-16,Capesize,Indonesia,5.01,454.5,0.542
2023-02-17,Capesize,Indonesia,5.05,476.1,0.319
2023-02-18,Capesize,Indonesia,5.13,479.8,0.337
2023-02-19,Capesize,Indonesia,4.99,472.8,0.351
2023-02-20,Capesize,Indonesia,4.82,485.2,0.473
2023-02-21,Capesize,Indonesia,4.93,445.2,0.526
2023-02-22,Capesize,Indonesia,4.82,477.2,0.603
2023-02-23,Capesize,Indonesia,4.81,458.7,0.244
2023-02-24,Capesize,Indonesia,4.83,458.3,0.445
2023-02-25,Capesize,Indonesia,4.69,471.4,0.305
2023-02-26,Capesize,Indonesia,4.78,468.3,0.508
2023-02-27,Capesize,Indonesia,4.73,463.7,0.554
2023-02-28,Capesize,Indonesia,4.74,463.8,0.314
2023-03-01,Capesize,Indonesia,4.8,457.8,0.583
2023-03-02,Capesize,Indonesia,4.77,456.8,0.579
2023-03-03,Capesize,Indonesia,4.72,469.8,0.491
2023-03-04,Capesize,Indonesia,4.77,502.1,0.808
2023-03-05,Capesize,Indonesia,4.73,477.7,0.55
2023-03-06,Capesize,Indonesia,4.74,447.3,0.441
2023-03-07,Capesize,Indonesia,4.69,464.2,0.003
2023-03-08,Capesize,Indonesia,4.46,475.0,0.27
2023-03-09,Capesize,Indonesia,4.58,481.9,0.429
2023-03-10,Capesize,Indonesia,4.75,439.1,0.554
2023-03-11,Capesize,Indonesia,4.83,485.9,0.649
2023-03-12,Capesize,Indonesia,4.87,491.4,0.514
2023-03-13,Capesize,Indonesia,4.68,452.1,0.499
2023-03-14,Capesize,Indonesia,4.55,469.0,0.498
2023-03-15,Capesize,Indonesia,4.48,471.7,0.698
2023-03-16,Capesize,Indonesia,4.66,464.3,0.764
2023-03-17,Capesize,Indonesia,4.56,465.5,0.531
2023-03-18,Capesize,Indonesia,4.6,475.6,0.412
2023-03-19,Capesize,Indonesia,4.56,460.2,0.752
2023-03-20,Capesize,Indonesia,4.69,498.1,0.409
2023-03-21,Capesize,Indonesia,4.79,461.2,0.634
2023-03-22,Capesize,Indonesia,4.83,468.5,0.62
2023-03-23,Capesize,Indonesia,4.86,478.0,0.528
2023-03-24,Capesize,Indonesia,5.19,488.7,0.462
2023-03-25,Capesize,Indonesia,5.17,473.9,0.635
2023-03-26,Capesize,Indonesia,4.92,485.1,0.313
2023-03-27,Capesize,Indonesia,4.89,480.1,0.424
2023-03-28,Capesize,Indonesia,4.8,437.0,0.497
2023-03-29,Capesize,Indonesia,4.86,531.9,0.794
2023-03-30,Capesize,Indonesia,4.85,449.8,0.269
2023-03-31,Capesize,Indonesia,4.71,480.2,0.534
2023-04-01,Capesize,Indonesia,4.65,493.4,0.772
2023-04-02,Capesize,Indonesia,4.75,467.3,0.71
2023-04-03,Capesize,Indonesia,4.94,477.1,0.697
2023-04-04,Capesize,Indonesia,4.66,485.6,0.504
2023-04-05,Capesize,Indonesia,4.63,493.3,0.721
2023-04-06,Capesize,Indonesia,4.59,482.7,0.553
2023-04-07,Capesize,Indonesia,4.53,482.8,0.381
2023-04-08,Capesize,Indonesia,4.36,509.8,0.401
2023-04-09,Capesize,Indonesia,4.24,479.8,0.771
2023-04-10,Capesize,Indonesia,4.31,494.7,0.514
2023-04-11,Capesize,Indonesia,4.3,505.2,0.658
2023-04-12,Capesize,Indonesia,4.47,484.1,0.419
2023-04-13,Capesize,Indonesia,4.58,494.6,0.452
2023-04-14,Capesize,Indonesia,4.55,492.0,0.521
2023-04-15,Capesize,Indonesia,4.73,491.4,0.859
2023-04-16,Capesize,Indonesia,4.66,470.6,0.605
2023-04-17,Capesize,Indonesia,4.54,465.1,0.272
2023-04-18,Capesize,Indonesia,4.53,479.0,0.536
2023-04-19,Capesize,Indonesia,4.76,499.0,0.539
2023-04-20,Capesize,Indonesia,4.64,477.7,0.475
2023-04-21,Capesize,Indonesia,4.88,467.8,0.243
2023-04-22,Capesize,Indonesia,4.69,498.0,0.355
2023-04-23,Capesize,Indonesia,4.6,481.1,0.657
2023-04-24,Capesize,Indonesia,4.57,478.4,0.351
2023-04-25,Capesize,Indonesia,4.45,490.9,0.578
2023-04-26,Capesize,Indonesia,4.25,483.4,0.677
2023-04-27,Capesize,Indonesia,4.3,497.8,0.648
2023-04-28,Capesize,Indonesia,4.24,482.9,0.433
2023-04-29,Capesize,Indonesia,4.13,493.9,0.53
2023-04-30,Capesize,Indonesia,4.3,498.6,0.685
2023-05-01,Capesize,Indonesia,4.46,489.9,0.509
2023-05-02,Capesize,Indonesia,4.5,467.3,0.125
2023-05-03,Capesize,Indonesia,4.46,509.2,0.555
2023-05-04,Capesize,Indonesia,4.54,466.8,0.506
2023-05-05,Capesize,Indonesia,4.5,477.2,0.384
2023-05-06,Capesize,Indonesia,4.59,501.1,0.511
2023-05-07,Capesize,Indonesia,4.48,503.4,0.57
2023-05-08,Capesize,Indonesia,4.61,473.3,0.808
2023-05-09,Capesize,Indonesia,4.56,493.0,0.597
2023-05-10,Capesize,Indonesia,4.82,470.4,0.415
2023-05-11,Capesize,Indonesia,4.76,507.8,0.319
2023-05-12,Capesize,Indonesia,4.82,515.5,0.614
2023-05-13,Capesize,Indonesia,4.88,493.9,0.693
2023-05-14,Capesize,Indonesia,4.74,478.5,0.618
2023-05-15,Capesize,Indonesia,4.49,497.3,0.431
2023-05-16,Capesize,Indonesia,4.52,471.2,0.572
2023-05-17,Capesize,Indonesia,4.42,522.8,0.789
2023-05-18,Capesize,Indonesia,4.42,493.6,0.431
2023-05-19,Capesize,Indonesia,4.54,507.2,0.686
2023-05-20,Capesize,Indonesia,4.3,468.3,0.555
2023-05-21,Capesize,Indonesia,4.1,493.6,0.234
2023-05-22,Capesize,Indonesia,4.16,499.8,0.546
2023-05-23,Capesize,Indonesia,4.34,489.0,0.428
2023-05-24,Capesize,Indonesia,4.49,490.1,0.793
2023-05-25,Capesize,Indonesia,4.38,503.9,0.33
2023-05-26,Capesize,Indonesia,4.53,492.0,0.659
2023-05-27,Capesize,Indonesia,4.63,509.4,0.44
2023-05-28,Capesize,Indonesia,4.7,503.9,0.718
2023-05-29,Capesize,Indonesia,4.83,504.1,0.738
2023-05-30,Capesize,Indonesia,4.86,492.8,0.37
2023-05-31,Capesize,Indonesia,4.88,465.0,0.587
2023-06-01,Capesize,Indonesia,4.89,469.4,0.573
2023-06-02,Capesize,Indonesia,4.79,492.5,0.561
2023-06-03,Capesize,Indonesia,4.74,489.2,0.402
2023-06-04,Capesize,Indonesia,4.83,514.4,0.534
2023-06-05,Capesize,Indonesia,4.87,507.2,0.34
2023-06-06,Capesize,Indonesia,4.74,504.8,0.366
2023-06-07,Capesize,Indonesia,5.01,497.3,0.702
2023-06-08,Capesize,Indonesia,5.09,514.4,0.524
2023-06-09,Capesize,Indonesia,5.07,487.5,0.555
2023-06-10,Capesize,Indonesia,5.01,489.5,0.684
2023-06-11,Capesize,Indonesia,4.84,501.0,0.689
2023-06-12,Capesize,Indonesia,4.91,489.3,0.539
2023-06-13,Capesize,Indonesia,4.78,520.4,0.543
2023-06-14,Capesize,Indonesia,4.78,492.4,0.597
2023-06-15,Capesize,Indonesia,4.84,472.6,0.713
2023-06-16,Capesize,Indonesia,4.59,502.5,0.844
2023-06-17,Capesize,Indonesia,4.73,500.3,0.584
2023-06-18,Capesize,Indonesia,4.73,493.6,0.47
2023-06-19,Capesize,Indonesia,4.75,488.2,0.34
2023-06-20,Capesize,Indonesia,4.56,513.6,0.722
2023-06-21,Capesize,Indonesia,4.7,468.0,0.508
2023-06-22,Capesize,Indonesia,4.66,480.3,0.393
2023-06-23,Capesize,Indonesia,4.7,474.3,0.37
2023-06-24,Capesize,Indonesia,4.64,499.8,0.52
2023-06-25,Capesize,Indonesia,4.6,525.0,0.441
2023-06-26,Capesize,Indonesia,4.73,483.6,0.874
2023-06-27,Capesize,Indonesia,4.67,488.5,0.44
2023-06-28,Capesize,Indonesia,4.71,509.5,0.512
2023-06-29,Capesize,Indonesia,4.62,501.2,0.586
2023-06-30,Capesize,Indonesia,4.59,516.0,0.364
2023-07-01,Capesize,Indonesia,4.59,505.8,0.613
2023-07-02,Capesize,Indonesia,4.54,480.1,0.563
2023-07-03,Capesize,Indonesia,4.43,514.6,0.447
2023-07-04,Capesize,Indonesia,4.57,493.6,0.546
2023-07-05,Capesize,Indonesia,4.42,497.0,0.599
2023-07-06,Capesize,Indonesia,4.58,490.0,0.531
2023-07-07,Capesize,Indonesia,4.49,501.8,0.98
2023-07-08,Capesize,Indonesia,4.44,519.0,0.715
2023-07-09,Capesize,Indonesia,4.49,506.4,0.563
2023-07-10,Capesize,Indonesia,4.46,515.1,0.49
2023-07-11,Capesize,Indonesia,4.44,523.7,0.765
2023-07-12,Capesize,Indonesia,4.24,517.8,0.429
2023-07-13,Capesize,Indonesia,4.12,525.6,0.463
2023-07-14,Capesize,Indonesia,4.29,487.9,0.493
2023-07-15,Capesize,Indonesia,4.33,509.0,0.872
2023-07-16,Capesize,Indonesia,4.17,495.6,0.459
2023-07-17,Capesize,Indonesia,4.08,467.9,0.738
2023-07-18,Capesize,Indonesia,4.07,526.3,0.472
2023-07-19,Capesize,Indonesia,4.09,471.1,0.559
2023-07-20,Capesize,Indonesia,4.02,513.2,0.719
2023-07-21,Capesize,Indonesia,3.82,502.9,0.778
2023-07-22,Capesize,Indonesia,3.58,496.0,0.529
2023-07-23,Capesize,Indonesia,3.48,506.7,0.672
2023-07-24,Capesize,Indonesia,3.54,493.6,0.588
2023-07-25,Capesize,Indonesia,3.25,493.7,0.54
2023-07-26,Capesize,Indonesia,3.44,505.1,0.679
2023-07-27,Capesize,Indonesia,3.44,519.4,0.623
2023-07-28,Capesize,Indonesia,3.51,517.0,0.582
2023-07-29,Capesize,Indonesia,3.5,518.7,0.674
2023-07-30,Capesize,Indonesia,3.75,479.0,0.331
2023-07-31,Capesize,Indonesia,3.78,521.0,0.645
2023-08-01,Capesize,Indonesia,4.0,525.6,0.8
2023-08-02,Capesize,Indonesia,4.02,509.9,0.481
2023-08-03,Capesize,Indonesia,4.23,490.9,0.378
2023-08-04,Capesize,Indonesia,4.36,509.4,0.364
2023-08-05,Capesize,Indonesia,4.37,513.4,0.207
2023-08-06,Capesize,Indonesia,4.57,519.6,0.28
2023-08-07,Capesize,Indonesia,4.47,507.2,0.411
2023-08-08,Capesize,Indonesia,4.35,526.6,0.491
2023-08-09,Capesize,Indonesia,4.44,507.9,0.314
2023-08-10,Capesize,Indonesia,4.54,491.5,0.128
2023-08-11,Capesize,Indonesia,4.78,503.2,0.262
2023-08-12,Capesize,Indonesia,4.74,510.6,0.356
2023-08-13,Capesize,Indonesia,4.63,485.3,0.785
2023-08-14,Capesize,Indonesia,4.51,507.7,0.483
2023-08-15,Capesize,Indonesia,4.65,499.8,0.256
2023-08-16,Capesize,Indonesia,4.66,513.4,0.677
2023-08-17,Capesize,Indonesia,4.5,528.3,0.733
2023-08-18,Capesize,Indonesia,4.31,510.0,0.433
2023-08-19,Capesize,Indonesia,4.35,510.7,0.494
2023-08-20,Capesize,Indonesia,4.38,498.2,0.284
2023-08-21,Capesize,Indonesia,4.45,522.6,0.47
2023-08-22,Capesize,Indonesia,4.22,489.1,0.651
2023-08-23,Capesize,Indonesia,4.15,470.3,0.478
2023-08-24,Capesize,Indonesia,4.23,500.8,0.324
2023-08-25,Capesize,Indonesia,4.22,529.9,0.476
2023-08-26,Capesize,Indonesia,4.29,476.1,0.769
2023-08-27,Capesize,Indonesia,4.23,523.9,0.531
2023-08-28,Capesize,Indonesia,4.2,502.5,0.527
2023-08-29,Capesize,Indonesia,4.12,491.4,0.303
2023-08-30,Capesize,Indonesia,4.06,517.4,0.554
2023-08-31,Capesize,Indonesia,3.92,496.7,0.396
2023-09-01,Capesize,Indonesia,3.96,493.6,0.48
2023-09-02,Capesize,Indonesia,3.88,500.9,0.661
2023-09-03,Capesize,Indonesia,3.99,480.0,0.626
2023-09-04,Capesize,Indonesia,3.88,501.6,0.596
2023-09-05,Capesize,Indonesia,4.0,496.7,0.427
2023-09-06,Capesize,Indonesia,4.0,503.8,0.522
2023-09-07,Capesize,Indonesia,3.89,505.9,0.271
2023-09-08,Capesize,Indonesia,3.88,507.8,0.634
2023-09-09,Capesize,Indonesia,3.92,527.4,0.715
2023-09-10,Capesize,Indonesia,3.88,502.6,0.269
2023-09-11,Capesize,Indonesia,3.76,537.0,0.287
2023-09-12,Capesize,Indonesia,3.77,499.8,0.457
2023-09-13,Capesize,Indonesia,3.77,514.4,0.56
2023-09-14,Capesize,Indonesia,3.72,522.4,0.453
2023-09-15,Capesize,Indonesia,3.95,521.1,0.45
2023-09-16,Capesize,Indonesia,3.94,499.0,0.289
2023-09-17,Capesize,Indonesia,4.0,523.9,0.578
2023-09-18,Capesize,Indonesia,4.17,519.7,0.53
2023-09-19,Capesize,Indonesia,4.3,497.7,0.611
2023-09-20,Capesize,Indonesia,4.21,523.2,0.29
2023-09-21,Capesize,Indonesia,4.36,490.3,0.488
2023-09-22,Capesize,Indonesia,4.39,493.1,0.49
2023-09-23,Capesize,Indonesia,4.46,507.3,0.356
2023-09-24,Capesize,Indonesia,4.53,502.3,0.623
2023-09-25,Capesize,Indonesia,4.47,486.6,0.405
2023-09-26,Capesize,Indonesia,4.06,509.2,0.087
2023-09-27,Capesize,Indonesia,3.87,482.1,0.254
2023-09-28,Capesize,Indonesia,3.9,539.0,0.617
2023-09-29,Capesize,Indonesia,3.76,489.8,0.231
2023-09-30,Capesize,Indonesia,3.66,518.1,0.561
2023-10-01,Capesize,Indonesia,3.54,494.6,0.3
2023-10-02,Capesize,Indonesia,3.69,530.4,0.308
2023-10-03,Capesize,Indonesia,3.57,513.2,0.482
2023-10-04,Capesize,Indonesia,3.6,530.9,0.35
2023-10-05,Capesize,Indonesia,3.58,501.1,0.506
2023-10-06,Capesize,Indonesia,3.54,486.5,0.409
2023-10-07,Capesize,Indonesia,3.48,511.0,0.279
2023-10-08,Capesize,Indonesia,3.51,499.2,0.411
2023-10-09,Capesize,Indonesia,3.63,525.6,0.169
2023-10-10,Capesize,Indonesia,3.79,499.4,0.163
2023-10-11,Capesize,Indonesia,3.86,502.8,0.074
2023-10-12,Capesize,Indonesia,3.83,494.4,0.703
2023-10-13,Capesize,Indonesia,3.98,534.6,0.47
2023-10-14,Capesize,Indonesia,4.3,519.8,0.103
2023-10-15,Capesize,Indonesia,4.33,486.9,0.571
2023-10-16,Capesize,Indonesia,4.31,511.7,0.322
2023-10-17,Capesize,Indonesia,4.39,517.7,0.267
2023-10-18,Capesize,Indonesia,4.38,527.7,0.17
2023-10-19,Capesize,Indonesia,4.41,530.5,0.407
2023-10-20,Capesize,Indonesia,4.43,510.2,0.485
2023-10-21,Capesize,Indonesia,4.49,516.0,0.446
2023-10-22,Capesize,Indonesia,4.41,511.3,0.539
2023-10-23,Capesize,Indonesia,4.29,491.7,0.383
2023-10-24,Capesize,Indonesia,4.22,533.5,0.082
2023-10-25,Capesize,Indonesia,4.33,513.9,0.439
2023-10-26,Capesize,Indonesia,4.27,489.8,0.359
2023-10-27,Capesize,Indonesia,4.24,507.0,0.299
2023-10-28,Capesize,Indonesia,4.33,520.5,0.377
2023-10-29,Capesize,Indonesia,4.31,491.5,0.6
2023-10-30,Capesize,Indonesia,4.41,506.7,0.301
2023-10-31,Capesize,Indonesia,4.35,511.9,0.471
2023-11-01,Capesize,Indonesia,4.39,503.7,0.558
2023-11-02,Capesize,Indonesia,4.38,496.3,0.551
2023-11-03,Capesize,Indonesia,4.35,540.3,0.6
2023-11-04,Capesize,Indonesia,4.54,538.8,0.629
2023-11-05,Capesize,Indonesia,4.53,532.7,0.299
2023-11-06,Capesize,Indonesia,4.35,501.7,0.467
2023-11-07,Capesize,Indonesia,4.38,479.1,0.506
2023-11-08,Capesize,Indonesia,4.37,517.6,0.245
2023-11-09,Capesize,Indonesia,4.55,517.8,0.394
2023-11-10,Capesize,Indonesia,4.53,505.2,0.468
2023-11-11,Capesize,Indonesia,4.69,500.1,0.738
2023-11-12,Capesize,Indonesia,4.58,540.9,0.483
2023-11-13,Capesize,Indonesia,4.54,485.5,0.113
2023-11-14,Capesize,Indonesia,4.66,504.3,0.536
2023-11-15,Capesize,Indonesia,4.68,518.9,0.442
2023-11-16,Capesize,Indonesia,4.45,513.5,0.291
2023-11-17,Capesize,Indonesia,4.53,508.0,0.426
2023-11-18,Capesize,Indonesia,4.38,510.1,0.267
2023-11-19,Capesize,Indonesia,4.42,523.0,0.477
2023-11-20,Capesize,Indonesia,4.53,516.4,0.293
2023-11-21,Capesize,Indonesia,4.65,473.5,0.461
2023-11-22,Capesize,Indonesia,4.44,488.8,0.262
2023-11-23,Capesize,Indonesia,4.38,511.4,0.175
2023-11-24,Capesize,Indonesia,4.46,529.5,0.389
2023-11-25,Capesize,Indonesia,4.45,503.3,0.353
2023-11-26,Capesize,Indonesia,4.46,498.1,0.337
2023-11-27,Capesize,Indonesia,4.69,496.3,0.231
2023-11-28,Capesize,Indonesia,4.61,510.3,0.315
2023-11-29,Capesize,Indonesia,4.51,517.4,0.174
2023-11-30,Capesize,Indonesia,4.62,503.1,0.334
2023-12-01,Capesize,Indonesia,4.57,519.8,0.203
2023-12-02,Capesize,Indonesia,4.64,513.8,0.268
2023-12-03,Capesize,Indonesia,4.68,520.7,0.362
2023-12-04,Capesize,Indonesia,4.71,485.0,0.312
2023-12-05,Capesize,Indonesia,4.74,504.7,0.413
2023-12-06,Capesize,Indonesia,4.72,493.7,0.437
2023-12-07,Capesize,Indonesia,4.78,513.2,0.218
2023-12-08,Capesize,Indonesia,4.65,500.8,0.235
2023-12-09,Capesize,Indonesia,4.64,472.7,0.46
2023-12-10,Capesize,Indonesia,4.51,511.7,0.0
2023-12-11,Capesize,Indonesia,4.49,488.4,0.376
2023-12-12,Capesize,Indonesia,4.47,542.8,0.387
2023-12-13,Capesize,Indonesia,4.33,517.5,0.37
2023-12-14,Capesize,Indonesia,4.04,520.1,0.311
2023-12-15,Capesize,Indonesia,4.2,509.7,0.128
2023-12-16,Capesize,Indonesia,4.15,515.0,0.435
2023-12-17,Capesize,Indonesia,4.2,504.5,0.165
2023-12-18,Capesize,Indonesia,4.07,513.3,0.358
2023-12-19,Capesize,Indonesia,4.22,501.7,0.167
2023-12-20,Capesize,Indonesia,4.03,484.8,0.444
2023-12-21,Capesize,Indonesia,3.99,509.1,0.227
2023-12-22,Capesize,Indonesia,3.89,505.3,0.228
2023-12-23,Capesize,Indonesia,3.87,498.7,0.213
2023-12-24,Capesize,Indonesia,3.94,499.5,0.263
2023-12-25,Capesize,Indonesia,3.82,513.4,0.0
2023-12-26,Capesize,Indonesia,3.86,522.1,0.215
2023-12-27,Capesize,Indonesia,3.89,492.6,0.186
2023-12-28,Capesize,Indonesia,3.89,506.1,0.485
2023-12-29,Capesize,Indonesia,3.74,494.1,0.284
2023-12-30,Capesize,Indonesia,3.61,527.7,0.213
2023-12-31,Capesize,Indonesia,3.53,475.6,0.364
2024-01-01,Capesize,Indonesia,3.34,530.0,0.351
2024-01-02,Capesize,Indonesia,3.56,517.4,0.364
2024-01-03,Capesize,Indonesia,3.61,480.1,0.441
2024-01-04,Capesize,Indonesia,3.66,504.4,0.524
2024-01-05,Capesize,Indonesia,3.79,498.3,0.188
2024-01-06,Capesize,Indonesia,3.77,492.4,0.16
2024-01-07,Capesize,Indonesia,3.64,468.4,0.209
2024-01-08,Capesize,Indonesia,3.81,520.7,0.016
2024-01-09,Capesize,Indonesia,3.79,505.0,0.297
2024-01-10,Capesize,Indonesia,3.9,495.4,0.06
2024-01-11,Capesize,Indonesia,4.07,521.3,0.627
2024-01-12,Capesize,Indonesia,4.13,531.8,0.518
2024-01-13,Capesize,Indonesia,4.01,519.6,0.331
2024-01-14,Capesize,Indonesia,3.88,498.2,0.508
2024-01-15,Capesize,Indonesia,3.96,527.5,0.0
2024-01-16,Capesize,Indonesia,3.95,528.1,0.385
2024-01-17,Capesize,Indonesia,3.85,494.6,0.339
2024-01-18,Capesize,Indonesia,3.83,503.4,0.16
2024-01-19,Capesize,Indonesia,3.82,513.5,0.359
2024-01-20,Capesize,Indonesia,3.76,493.9,0.321
2024-01-21,Capesize,Indonesia,3.86,508.3,0.019
2024-01-22,Capesize,Indonesia,3.82,511.6,0.243
2024-01-23,Capesize,Indonesia,3.91,486.6,0.389
2024-01-24,Capesize,Indonesia,3.97,504.7,0.094
2024-01-25,Capesize,Indonesia,3.8,464.1,0.147
2024-01-26,Capesize,Indonesia,3.73,499.5,0.184
2024-01-27,Capesize,Indonesia,3.65,510.2,0.369
2024-01-28,Capesize,Indonesia,3.91,479.5,0.199
2024-01-29,Capesize,Indonesia,3.87,478.8,0.267
2024-01-30,Capesize,Indonesia,3.98,532.5,0.264
2024-01-31,Capesize,Indonesia,3.97,488.2,0.154
2024-02-01,Capesize,Indonesia,4.05,512.4,0.244
2024-02-02,Capesize,Indonesia,4.08,507.0,0.436
2024-02-03,Capesize,Indonesia,4.41,537.5,0.249
2024-02-04,Capesize,Indonesia,4.49,481.2,0.033
2024-02-05,Capesize,Indonesia,4.61,492.6,0.07
2024-02-06,Capesize,Indonesia,4.59,494.0,0.291
2024-02-07,Capesize,Indonesia,4.47,514.1,0.163
2024-02-08,Capesize,Indonesia,4.61,499.3,0.143
2024-02-09,Capesize,Indonesia,4.56,527.8,0.227
2024-02-10,Capesize,Indonesia,4.55,507.9,0.263
2024-02-11,Capesize,Indonesia,4.58,505.4,0.21
2024-02-12,Capesize,Indonesia,4.58,495.3,0.581
2024-02-13,Capesize,Indonesia,4.67,512.4,0.33
2024-02-14,Capesize,Indonesia,4.53,476.4,0.32
2024-02-15,Capesize,Indonesia,4.36,496.8,0.308
2024-02-16,Capesize,Indonesia,4.28,516.3,0.03
2024-02-17,Capesize,Indonesia,4.42,509.2,0.087
2024-02-18,Capesize,Indonesia,4.45,484.6,0.199
2024-02-19,Capesize,Indonesia,4.22,497.3,0.359
2024-02-20,Capesize,Indonesia,4.15,466.4,0.529
2024-02-21,Capesize,Indonesia,4.17,470.0,0.314
2024-02-22,Capesize,Indonesia,4.08,494.2,0.18
2024-02-23,Capesize,Indonesia,4.44,478.1,0.36
2024-02-24,Capesize,Indonesia,4.4,495.2,0.17
2024-02-25,Capesize,Indonesia,4.44,484.2,0.399
2024-02-26,Capesize,Indonesia,4.48,503.8,0.254
2024-02-27,Capesize,Indonesia,4.32,497.8,0.171
2024-02-28,Capesize,Indonesia,4.49,486.5,0.043
2024-02-29,Capesize,Indonesia,4.5,493.6,0.381
2024-03-01,Capesize,Indonesia,4.65,511.2,0.176
2024-03-02,Capesize,Indonesia,4.75,477.2,0.236
2024-03-03,Capesize,Indonesia,4.75,509.1,0.244
2024-03-04,Capesize,Indonesia,4.64,487.0,0.191
2024-03-05,Capesize,Indonesia,4.61,476.6,0.42
2024-03-06,Capesize,Indonesia,4.51,474.5,0.343
2024-03-07,Capesize,Indonesia,4.62,481.4,0.204
2024-03-08,Capesize,Indonesia,4.35,497.0,0.12
2024-03-09,Capesize,Indonesia,4.34,503.2,0.141
2024-03-10,Capesize,Indonesia,4.18,520.7,0.291
2024-03-11,Capesize,Indonesia,4.25,490.6,0.393
2024-03-12,Capesize,Indonesia,4.26,467.8,0.152
2024-03-13,Capesize,Indonesia,4.47,497.5,0.142
2024-03-14,Capesize,Indonesia,4.48,506.0,0.126
2024-03-15,Capesize,Indonesia,4.46,491.4,0.248
2024-03-16,Capesize,Indonesia,4.21,466.1,0.023
2024-03-17,Capesize,Indonesia,4.21,511.3,0.219
2024-03-18,Capesize,Indonesia,4.24,467.9,0.648
2024-03-19,Capesize,Indonesia,4.36,473.0,0.4
2024-03-20,Capesize,Indonesia,4.32,481.6,0.215
2024-03-21,Capesize,Indonesia,4.45,493.5,0.482
2024-03-22,Capesize,Indonesia,4.7,488.6,0.323
2024-03-23,Capesize,Indonesia,4.58,490.1,0.209
2024-03-24,Capesize,Indonesia,4.58,508.8,0.103
2024-03-25,Capesize,Indonesia,4.42,469.3,0.234
2024-03-26,Capesize,Indonesia,4.37,500.8,0.262
2024-03-27,Capesize,Indonesia,4.44,503.7,0.151
2024-03-28,Capesize,Indonesia,4.49,470.8,0.387
2024-03-29,Capesize,Indonesia,4.3,478.8,0.476
2024-03-30,Capesize,Indonesia,4.19,479.5,0.464
2024-03-31,Capesize,Indonesia,4.3,472.7,0.443
2024-04-01,Capesize,Indonesia,4.3,471.6,0.263
2024-04-02,Capesize,Indonesia,4.35,480.9,0.232
2024-04-03,Capesize,Indonesia,4.16,501.0,0.276
2024-04-04,Capesize,Indonesia,4.29,497.5,0.22
2024-04-05,Capesize,Indonesia,4.12,470.1,0.119
2024-04-06,Capesize,Indonesia,4.19,489.7,0.256
2024-04-07,Capesize,Indonesia,4.17,503.2,0.358
2024-04-08,Capesize,Indonesia,4.17,497.8,0.221
2024-04-09,Capesize,Indonesia,4.28,501.6,0.129
2024-04-10,Capesize,Indonesia,4.6,496.7,0.48
2024-04-11,Capesize,Indonesia,4.7,461.9,0.242
2024-04-12,Capesize,Indonesia,4.85,466.5,0.205
2024-04-13,Capesize,Indonesia,4.91,481.6,0.266
2024-04-14,Capesize,Indonesia,4.94,493.2,0.114
2024-04-15,Capesize,Indonesia,4.84,511.6,0.127
2024-04-16,Capesize,Indonesia,4.89,510.9,0.258
2024-04-17,Capesize,Indonesia,4.81,492.2,0.273
2024-04-18,Capesize,Indonesia,4.84,480.2,0.279
2024-04-19,Capesize,Indonesia,4.91,477.2,0.289
2024-04-20,Capesize,Indonesia,4.91,486.2,0.224
2024-04-21,Capesize,Indonesia,4.96,482.6,0.181
2024-04-22,Capesize,Indonesia,4.92,469.7,0.165
2024-04-23,Capesize,Indonesia,4.94,477.5,0.107
2024-04-24,Capesize,Indonesia,4.91,469.4,0.23
2024-04-25,Capesize,Indonesia,4.85,480.6,0.484
2024-04-26,Capesize,Indonesia,4.82,461.7,0.283
2024-04-27,Capesize,Indonesia,4.93,456.1,0.071
2024-04-28,Capesize,Indonesia,4.98,478.6,0.291
2024-04-29,Capesize,Indonesia,4.99,482.6,0.404
2024-04-30,Capesize,Indonesia,4.91,493.3,0.013
2024-05-01,Capesize,Indonesia,4.66,441.9,0.347
2024-05-02,Capesize,Indonesia,4.42,460.9,0.243
2024-05-03,Capesize,Indonesia,4.34,486.9,0.36
2024-05-04,Capesize,Indonesia,4.39,487.3,0.383
2024-05-05,Capesize,Indonesia,4.3,466.7,0.269
2024-05-06,Capesize,Indonesia,4.22,477.9,0.501
2024-05-07,Capesize,Indonesia,4.24,470.1,0.358
2024-05-08,Capesize,Indonesia,4.3,476.1,0.04
2024-05-09,Capesize,Indonesia,4.14,499.0,0.344
2024-05-10,Capesize,Indonesia,4.02,476.6,0.405
2024-05-11,Capesize,Indonesia,4.14,468.3,0.319
2024-05-12,Capesize,Indonesia,4.27,477.9,0.215
2024-05-13,Capesize,Indonesia,4.26,474.6,0.5
2024-05-14,Capesize,Indonesia,4.25,478.0,0.35
2024-05-15,Capesize,Indonesia,4.22,466.7,0.094
2024-05-16,Capesize,Indonesia,4.21,468.0,0.324
2024-05-17,Capesize,Indonesia,4.09,462.9,0.261
2024-05-18,Capesize,Indonesia,4.26,479.1,0.271
2024-05-19,Capesize,Indonesia,4.12,473.5,0.284
2024-05-20,Capesize,Indonesia,4.16,484.3,0.215
2024-05-21,Capesize,Indonesia,4.16,461.6,0.583
2024-05-22,Capesize,Indonesia,4.08,463.8,0.585
2024-05-23,Capesize,Indonesia,4.11,460.0,0.084
2024-05-24,Capesize,Indonesia,4.08,440.2,0.257
2024-05-25,Capesize,Indonesia,4.1,479.5,0.329
2024-05-26,Capesize,Indonesia,4.3,470.5,0.54
2024-05-27,Capesize,Indonesia,4.24,481.0,0.337
2024-05-28,Capesize,Indonesia,4.2,465.6,0.381
2024-05-29,Capesize,Indonesia,4.26,451.0,0.138
2024-05-30,Capesize,Indonesia,4.34,493.4,0.173
2024-05-31,Capesize,Indonesia,4.47,500.3,0.511
2024-06-01,Capesize,Indonesia,4.36,462.5,0.269
2024-06-02,Capesize,Indonesia,4.33,455.8,0.534
2024-06-03,Capesize,Indonesia,4.31,449.9,0.273
2024-06-04,Capesize,Indonesia,4.43,466.3,0.12
2024-06-05,Capesize,Indonesia,4.38,465.4,0.227
2024-06-06,Capesize,Indonesia,4.41,473.1,0.37
2024-06-07,Capesize,Indonesia,4.41,441.6,0.629
2024-06-08,Capesize,Indonesia,4.42,460.8,0.216
2024-06-09,Capesize,Indonesia,4.23,471.7,0.523
2024-06-10,Capesize,Indonesia,4.24,453.6,0.146
2024-06-11,Capesize,Indonesia,4.17,459.6,0.361
2024-06-12,Capesize,Indonesia,4.22,455.8,0.406
2024-06-13,Capesize,Indonesia,4.15,450.6,0.411
2024-06-14,Capesize,Indonesia,4.05,459.1,0.283
2024-06-15,Capesize,Indonesia,4.06,451.8,0.495
2024-06-16,Capesize,Indonesia,4.19,456.6,0.413
2024-06-17,Capesize,Indonesia,4.36,456.1,0.102
2024-06-18,Capesize,Indonesia,4.46,420.3,0.32
2024-06-19,Capesize,Indonesia,4.26,460.0,0.474
2024-06-20,Capesize,Indonesia,4.32,471.4,0.476
2024-06-21,Capesize,Indonesia,4.48,440.8,0.336
2024-06-22,Capesize,Indonesia,4.53,439.1,0.252
2024-06-23,Capesize,Indonesia,4.63,472.8,0.559
2024-06-24,Capesize,Indonesia,4.52,459.3,0.172
2024-06-25,Capesize,Indonesia,4.49,432.9,0.444
2024-06-26,Capesize,Indonesia,4.41,439.8,0.442
2024-06-27,Capesize,Indonesia,4.51,424.7,0.188
2024-06-28,Capesize,Indonesia,4.44,434.0,0.402
2024-06-29,Capesize,Indonesia,4.4,474.4,0.459
2024-06-30,Capesize,Indonesia,4.21,460.3,0.335
2024-07-01,Capesize,Indonesia,4.13,451.5,0.494
2024-07-02,Capesize,Indonesia,4.17,458.8,0.144
2024-07-03,Capesize,Indonesia,4.01,406.8,0.363
2024-07-04,Capesize,Indonesia,4.08,467.4,0.225
2024-07-05,Capesize,Indonesia,4.09,461.0,0.51
2024-07-06,Capesize,Indonesia,4.04,441.2,0.518
2024-07-07,Capesize,Indonesia,3.99,442.9,0.288
2024-07-08,Capesize,Indonesia,3.85,459.3,0.4
2024-07-09,Capesize,Indonesia,3.84,448.8,0.182
2024-07-10,Capesize,Indonesia,3.8,454.4,0.397
2024-07-11,Capesize,Indonesia,3.98,456.0,0.558
2024-07-12,Capesize,Indonesia,4.03,470.8,0.148
2024-07-13,Capesize,Indonesia,4.21,447.4,0.381
2024-07-14,Capesize,Indonesia,4.24,457.8,0.572
2024-07-15,Capesize,Indonesia,4.25,444.7,0.498
2024-07-16,Capesize,Indonesia,4.29,439.7,0.474
2024-07-17,Capesize,Indonesia,4.2,431.6,0.663
2024-07-18,Capesize,Indonesia,4.19,456.2,0.685
2024-07-19,Capesize,Indonesia,4.2,461.6,0.511
2024-07-20,Capesize,Indonesia,4.36,433.6,0.403
2024-07-21,Capesize,Indonesia,4.45,438.2,0.079
2024-07-22,Capesize,Indonesia,4.44,441.2,0.179
2024-07-23,Capesize,Indonesia,4.41,455.4,0.417
2024-07-24,Capesize,Indonesia,4.65,448.6,0.666
2024-07-25,Capesize,Indonesia,4.69,430.9,0.533
2024-07-26,Capesize,Indonesia,4.68,458.0,0.439
2024-07-27,Capesize,Indonesia,4.62,459.6,0.431
2024-07-28,Capesize,Indonesia,4.6,429.8,0.652
2024-07-29,Capesize,Indonesia,4.66,463.0,0.333
2024-07-30,Capesize,Indonesia,4.65,460.9,0.253
2024-07-31,Capesize,Indonesia,4.66,434.9,0.381
2024-08-01,Capesize,Indonesia,4.78,440.3,0.418
2024-08-02,Capesize,Indonesia,4.59,457.3,0.651
2024-08-03,Capesize,Indonesia,4.68,455.2,0.161
2024-08-04,Capesize,Indonesia,4.69,444.5,0.515
2024-08-05,Capesize,Indonesia,4.64,460.4,0.472
2024-08-06,Capesize,Indonesia,4.74,443.6,0.427
2024-08-07,Capesize,Indonesia,4.74,452.5,0.586
2024-08-08,Capesize,Indonesia,4.74,453.2,0.578
2024-08-09,Capesize,Indonesia,4.68,441.7,0.607
2024-08-10,Capesize,Indonesia,4.84,430.1,0.234
2024-08-11,Capesize,Indonesia,4.82,468.3,0.58
2024-08-12,Capesize,Indonesia,4.8,414.2,0.556
2024-08-13,Capesize,Indonesia,4.71,454.8,0.676
2024-08-14,Capesize,Indonesia,4.79,456.7,0.286
2024-08-15,Capesize,Indonesia,4.7,409.3,0.451
2024-08-16,Capesize,Indonesia,4.78,443.4,0.267
2024-08-17,Capesize,Indonesia,4.75,429.7,0.578
2024-08-18,Capesize,Indonesia,4.71,438.0,0.611
2024-08-19,Capesize,Indonesia,4.71,447.9,0.503
2024-08-20,Capesize,Indonesia,4.59,448.0,0.224
2024-08-21,Capesize,Indonesia,4.42,447.1,0.373
2024-08-22,Capesize,Indonesia,4.56,417.7,0.544
2024-08-23,Capesize,Indonesia,4.46,418.0,0.442
2024-08-24,Capesize,Indonesia,4.33,424.7,0.176
2024-08-25,Capesize,Indonesia,4.36,445.4,0.495
2024-08-26,Capesize,Indonesia,4.3,448.6,0.468
2024-08-27,Capesize,Indonesia,4.36,453.4,0.354
2024-08-28,Capesize,Indonesia,4.43,432.8,0.628
2024-08-29,Capesize,Indonesia,4.36,441.4,0.651
2024-08-30,Capesize,Indonesia,4.36,417.4,0.477
2024-08-31,Capesize,Indonesia,4.46,467.0,0.477
2024-09-01,Capesize,Indonesia,4.45,434.1,0.515
2024-09-02,Capesize,Indonesia,4.4,436.7,0.453
2024-09-03,Capesize,Indonesia,4.42,411.8,0.532
2024-09-04,Capesize,Indonesia,4.43,411.4,0.21
2024-09-05,Capesize,Indonesia,4.42,419.4,0.41
2024-09-06,Capesize,Indonesia,4.31,402.3,0.414
2024-09-07,Capesize,Indonesia,4.3,452.9,0.452
2024-09-08,Capesize,Indonesia,4.29,421.6,0.511
2024-09-09,Capesize,Indonesia,4.42,436.4,0.567
2024-09-10,Capesize,Indonesia,4.56,424.8,0.196
2024-09-11,Capesize,Indonesia,4.53,441.4,0.378
2024-09-12,Capesize,Indonesia,4.5,457.7,0.594
2024-09-13,Capesize,Indonesia,4.54,419.1,0.4
2024-09-14,Capesize,Indonesia,4.46,438.1,0.66
2024-09-15,Capesize,Indonesia,4.42,444.8,0.342
2024-09-16,Capesize,Indonesia,4.35,433.5,0.361
2024-09-17,Capesize,Indonesia,4.26,421.3,0.358
2024-09-18,Capesize,Indonesia,4.34,410.6,0.752
2024-09-19,Capesize,Indonesia,4.39,440.6,0.437
2024-09-20,Capesize,Indonesia,4.43,457.5,0.292
2024-09-21,Capesize,Indonesia,4.39,423.6,0.63
2024-09-22,Capesize,Indonesia,4.29,407.1,0.512
2024-09-23,Capesize,Indonesia,4.22,438.4,0.369
2024-09-24,Capesize,Indonesia,4.15,437.2,0.358
2024-09-25,Capesize,Indonesia,4.15,450.3,0.542
2024-09-26,Capesize,Indonesia,4.15,451.0,0.427
2024-09-27,Capesize,Indonesia,4.17,439.9,0.451
2024-09-28,Capesize,Indonesia,4.16,413.8,0.414
2024-09-29,Capesize,Indonesia,4.21,409.9,0.442
2024-09-30,Capesize,Indonesia,4.24,416.0,0.282
2024-10-01,Capesize,Indonesia,4.28,410.3,0.535
2024-10-02,Capesize,Indonesia,4.35,415.1,0.402
2024-10-03,Capesize,Indonesia,4.34,431.0,0.488
2024-10-04,Capesize,Indonesia,4.34,424.5,0.831
2024-10-05,Capesize,Indonesia,4.38,411.1,0.456
2024-10-06,Capesize,Indonesia,4.39,424.6,0.325
2024-10-07,Capesize,Indonesia,4.42,443.0,0.533
2024-10-08,Capesize,Indonesia,4.39,430.0,0.574
2024-10-09,Capesize,Indonesia,4.25,433.5,0.594
2024-10-10,Capesize,Indonesia,4.28,438.7,0.506
2024-10-11,Capesize,Indonesia,4.36,427.4,0.924
2024-10-12,Capesize,Indonesia,4.25,414.0,0.441
2024-10-13,Capesize,Indonesia,4.23,438.2,0.64
2024-10-14,Capesize,Indonesia,4.24,425.5,0.483
2024-10-15,Capesize,Indonesia,4.2,423.5,0.562
2024-10-16,Capesize,Indonesia,4.29,427.5,0.564
2024-10-17,Capesize,Indonesia,4.27,415.6,0.721
2024-10-18,Capesize,Indonesia,4.18,411.8,0.472
2024-10-19,Capesize,Indonesia,4.21,415.2,0.601
2024-10-20,Capesize,Indonesia,4.22,440.2,0.471
2024-10-21,Capesize,Indonesia,4.23,412.6,0.515
2024-10-22,Capesize,Indonesia,4.21,421.7,0.582
2024-10-23,Capesize,Indonesia,4.26,410.4,0.607
2024-10-24,Capesize,Indonesia,4.3,419.3,0.808
2024-10-25,Capesize,Indonesia,4.32,429.2,0.657
2024-10-26,Capesize,Indonesia,4.42,384.2,0.416
2024-10-27,Capesize,Indonesia,4.57,443.6,0.444
2024-10-28,Capesize,Indonesia,4.64,425.8,0.538
2024-10-29,Capesize,Indonesia,4.61,441.7,0.47
2024-10-30,Capesize,Indonesia,4.53,414.7,0.31
2024-10-31,Capesize,Indonesia,4.6,428.7,0.275
2024-11-01,Capesize,Indonesia,4.67,406.0,0.293
2024-11-02,Capesize,Indonesia,4.6,424.0,0.696
2024-11-03,Capesize,Indonesia,4.55,407.5,0.687
2024-11-04,Capesize,Indonesia,4.53,423.2,0.565
2024-11-05,Capesize,Indonesia,4.5,383.3,0.752
2024-11-06,Capesize,Indonesia,4.5,417.3,0.498
2024-11-07,Capesize,Indonesia,4.4,415.5,0.542
2024-11-08,Capesize,Indonesia,4.35,403.3,0.461
2024-11-09,Capesize,Indonesia,4.42,438.5,0.566
2024-11-10,Capesize,Indonesia,4.41,423.6,0.463
2024-11-11,Capesize,Indonesia,4.34,430.7,0.416
2024-11-12,Capesize,Indonesia,4.44,422.9,0.358
2024-11-13,Capesize,Indonesia,4.48,397.0,0.536
2024-11-14,Capesize,Indonesia,4.52,410.6,0.365
2024-11-15,Capesize,Indonesia,4.39,409.2,0.85
2024-11-16,Capesize,Indonesia,4.42,420.8,0.425
2024-11-17,Capesize,Indonesia,4.34,407.1,0.387
2024-11-18,Capesize,Indonesia,4.47,427.4,0.481
2024-11-19,Capesize,Indonesia,4.57,425.4,0.584
2024-11-20,Capesize,Indonesia,4.59,428.6,0.627
2024-11-21,Capesize,Indonesia,4.56,406.8,0.342
2024-11-22,Capesize,Indonesia,4.59,405.1,0.488
2024-11-23,Capesize,Indonesia,4.64,395.9,0.518
2024-11-24,Capesize,Indonesia,4.75,425.6,0.639
2024-11-25,Capesize,Indonesia,4.8,420.9,0.118
2024-11-26,Capesize,Indonesia,4.7,413.5,0.498
2024-11-27,Capesize,Indonesia,4.64,410.0,0.382
2024-11-28,Capesize,Indonesia,4.79,401.4,0.321
2024-11-29,Capesize,Indonesia,4.82,408.3,0.637
2024-11-30,Capesize,Indonesia,4.84,408.0,0.622
2024-12-01,Capesize,Indonesia,4.95,420.4,0.634
2024-12-02,Capesize,Indonesia,5.14,423.6,0.779
2024-12-03,Capesize,Indonesia,5.18,419.6,0.583
2024-12-04,Capesize,Indonesia,5.25,410.1,0.701
2024-12-05,Capesize,Indonesia,5.39,416.8,0.763
2024-12-06,Capesize,Indonesia,5.39,399.2,0.398
2024-12-07,Capesize,Indonesia,5.3,423.7,0.687
2024-12-08,Capesize,Indonesia,5.33,421.7,0.614
2024-12-09,Capesize,Indonesia,5.3,400.8,0.543
2024-12-10,Capesize,Indonesia,5.25,388.3,0.655
2024-12-11,Capesize,Indonesia,5.43,407.5,0.359
2024-12-12,Capesize,Indonesia,5.34,411.2,0.634
2024-12-13,Capesize,Indonesia,5.31,406.3,0.5
2024-12-14,Capesize,Indonesia,5.35,413.9,0.474
2024-12-15,Capesize,Indonesia,5.3,408.0,0.504
2024-12-16,Capesize,Indonesia,5.34,420.5,0.607
2024-12-17,Capesize,Indonesia,5.12,414.4,0.353
2024-12-18,Capesize,Indonesia,5.21,397.1,0.605
2024-12-19,Capesize,Indonesia,5.22,402.8,0.557
2024-12-20,Capesize,Indonesia,5.23,405.5,0.782
2024-12-21,Capesize,Indonesia,5.22,407.1,0.6
2024-12-22,Capesize,Indonesia,5.22,406.8,0.472
2024-12-23,Capesize,Indonesia,5.36,404.6,0.585
2024-12-24,Capesize,Indonesia,5.46,408.0,0.455
2024-12-25,Capesize,Indonesia,5.52,369.5,0.45
2024-12-26,Capesize,Indonesia,5.38,391.8,0.545
2024-12-27,Capesize,Indonesia,5.34,436.6,0.552
2024-12-28,Capesize,Indonesia,5.28,378.0,0.452
2024-12-29,Capesize,Indonesia,5.27,398.2,0.35
2024-12-30,Capesize,Indonesia,5.19,382.5,0.81
2024-12-31,Capesize,Indonesia,5.23,404.6,0.47
2025-01-01,Capesize,Indonesia,5.18,394.9,0.612
2025-01-02,Capesize,Indonesia,5.13,401.1,0.423
2025-01-03,Capesize,Indonesia,5.16,397.1,0.563
2025-01-04,Capesize,Indonesia,5.02,386.7,0.622
2025-01-05,Capesize,Indonesia,5.04,409.0,0.635
2025-01-06,Capesize,Indonesia,5.25,413.4,0.322
2025-01-07,Capesize,Indonesia,5.23,411.3,0.561
2025-01-08,Capesize,Indonesia,5.3,414.4,0.715
2025-01-09,Capesize,Indonesia,5.06,374.7,0.745
2025-01-10,Capesize,Indonesia,5.12,379.6,0.551
2025-01-11,Capesize,Indonesia,5.28,385.8,0.599
2025-01-12,Capesize,Indonesia,5.33,409.9,0.503
2025-01-13,Capesize,Indonesia,5.26,397.3,0.611
2025-01-14,Capesize,Indonesia,5.22,397.8,0.419
2025-01-15,Capesize,Indonesia,5.4,391.3,0.787
2025-01-16,Capesize,Indonesia,5.46,404.2,0.956
2025-01-17,Capesize,Indonesia,5.52,400.2,0.635
2025-01-18,Capesize,Indonesia,5.55,415.1,0.169
2025-01-19,Capesize,Indonesia,5.46,394.0,0.675
2025-01-20,Capesize,Indonesia,5.57,400.8,0.516
2025-01-21,Capesize,Indonesia,5.43,387.2,0.768
2025-01-22,Capesize,Indonesia,5.53,432.3,0.799
2025-01-23,Capesize,Indonesia,5.54,403.6,0.521
2025-01-24,Capesize,Indonesia,5.42,411.5,0.434
2025-01-25,Capesize,Indonesia,5.55,414.6,0.277
2025-01-26,Capesize,Indonesia,5.48,386.8,0.494
2025-01-27,Capesize,Indonesia,5.55,401.4,0.554
2025-01-28,Capesize,Indonesia,5.67,428.6,0.183
2025-01-29,Capesize,Indonesia,5.49,390.1,0.469
2025-01-30,Capesize,Indonesia,5.41,375.0,0.569
2025-01-31,Capesize,Indonesia,5.37,403.3,0.611
2025-02-01,Capesize,Indonesia,5.39,398.7,0.347
2025-02-02,Capesize,Indonesia,5.39,395.7,0.431
2025-02-03,Capesize,Indonesia,5.28,421.6,0.669
2025-02-04,Capesize,Indonesia,5.28,390.8,0.665
2025-02-05,Capesize,Indonesia,5.59,393.3,0.278
2025-02-06,Capesize,Indonesia,5.6,394.4,0.523
2025-02-07,Capesize,Indonesia,5.5,371.4,0.423
2025-02-08,Capesize,Indonesia,5.53,368.0,0.759
2025-02-09,Capesize,Indonesia,5.4,383.7,0.541
2025-02-10,Capesize,Indonesia,5.32,404.9,0.335
2025-02-11,Capesize,Indonesia,5.31,397.7,0.492
2025-02-12,Capesize,Indonesia,5.27,389.2,0.575
2025-02-13,Capesize,Indonesia,5.08,390.6,0.516
2025-02-14,Capesize,Indonesia,4.92,377.7,0.663
2025-02-15,Capesize,Indonesia,4.9,366.6,0.558
2025-02-16,Capesize,Indonesia,4.97,381.1,0.574
2025-02-17,Capesize,Indonesia,5.17,385.7,0.877
2025-02-18,Capesize,Indonesia,5.09,419.9,0.511
2025-02-19,Capesize,Indonesia,5.03,382.2,0.356
2025-02-20,Capesize,Indonesia,4.95,386.3,0.632
2025-02-21,Capesize,Indonesia,5.02,423.0,0.495
2025-02-22,Capesize,Indonesia,4.94,409.6,0.329
2025-02-23,Capesize,Indonesia,5.18,389.7,0.485
2025-02-24,Capesize,Indonesia,5.15,382.7,0.287
2025-02-25,Capesize,Indonesia,5.0,403.9,0.612
2025-02-26,Capesize,Indonesia,5.04,379.1,0.299
2025-02-27,Capesize,Indonesia,4.93,400.8,0.625
2025-02-28,Capesize,Indonesia,5.05,374.7,0.501
2025-03-01,Capesize,Indonesia,5.17,397.8,0.342
2025-03-02,Capesize,Indonesia,5.1,377.9,0.437
2025-03-03,Capesize,Indonesia,4.96,397.2,0.673
2025-03-04,Capesize,Indonesia,4.94,409.5,0.558
2025-03-05,Capesize,Indonesia,4.91,387.8,0.606
2025-03-06,Capesize,Indonesia,4.89,391.3,0.689
2025-03-07,Capesize,Indonesia,4.89,382.2,0.474
2025-03-08,Capesize,Indonesia,5.03,382.1,0.391
2025-03-09,Capesize,Indonesia,5.22,368.1,0.159
2025-03-10,Capesize,Indonesia,5.16,399.2,0.921
2025-03-11,Capesize,Indonesia,5.29,390.7,0.453
2025-03-12,Capesize,Indonesia,5.33,393.8,0.572
2025-03-13,Capesize,Indonesia,5.45,369.2,0.315
2025-03-14,Capesize,Indonesia,5.34,398.1,0.619
2025-03-15,Capesize,Indonesia,5.19,392.9,0.378
2025-03-16,Capesize,Indonesia,5.13,399.9,0.235
2025-03-17,Capesize,Indonesia,5.4,389.6,0.524
2025-03-18,Capesize,Indonesia,5.43,379.3,0.512
2025-03-19,Capesize,Indonesia,5.49,393.0,0.608
2025-03-20,Capesize,Indonesia,5.51,379.4,0.571
2025-03-21,Capesize,Indonesia,5.56,407.6,0.468
2025-03-22,Capesize,Indonesia,5.53,385.6,0.525
2025-03-23,Capesize,Indonesia,5.51,406.1,0.4
2025-03-24,Capesize,Indonesia,5.56,388.5,0.529
2025-03-25,Capesize,Indonesia,5.37,379.5,0.382
2025-03-26,Capesize,Indonesia,5.42,385.0,0.198
2025-03-27,Capesize,Indonesia,5.44,388.3,0.718
2025-03-28,Capesize,Indonesia,5.47,400.6,0.351
2025-03-29,Capesize,Indonesia,5.66,400.7,0.314
2025-03-30,Capesize,Indonesia,5.66,386.0,0.811
2025-03-31,Capesize,Indonesia,5.61,389.2,0.27
2025-04-01,Capesize,Indonesia,5.59,369.6,0.312
2025-04-02,Capesize,Indonesia,5.71,374.5,0.576
2025-04-03,Capesize,Indonesia,5.49,411.2,0.375
2025-04-04,Capesize,Indonesia,5.25,376.6,0.621
2025-04-05,Capesize,Indonesia,5.42,382.5,0.73
2025-04-06,Capesize,Indonesia,5.49,389.7,0.344
2025-04-07,Capesize,Indonesia,5.33,394.7,0.353
2025-04-08,Capesize,Indonesia,5.18,386.9,0.042
2025-04-09,Capesize,Indonesia,5.16,404.0,0.633
2025-04-10,Capesize,Indonesia,5.14,380.7,0.469
2025-04-11,Capesize,Indonesia,5.35,390.9,0.409
2025-04-12,Capesize,Indonesia,5.32,390.8,0.585
2025-04-13,Capesize,Indonesia,5.41,415.1,0.535
2025-04-14,Capesize,Indonesia,5.73,366.7,0.431
2025-04-15,Capesize,Indonesia,5.6,434.0,0.374
2025-04-16,Capesize,Indonesia,5.63,381.1,0.609
2025-04-17,Capesize,Indonesia,5.53,399.3,0.511
2025-04-18,Capesize,Indonesia,5.46,394.0,0.361
2025-04-19,Capesize,Indonesia,5.48,410.9,0.48
2025-04-20,Capesize,Indonesia,5.38,429.7,0.35
2025-04-21,Capesize,Indonesia,5.27,381.9,0.389
2025-04-22,Capesize,Indonesia,5.13,406.6,0.387
2025-04-23,Capesize,Indonesia,4.82,393.5,0.446
2025-04-24,Capesize,Indonesia,4.8,377.9,0.324
2025-04-25,Capesize,Indonesia,4.64,365.5,0.674
2025-04-26,Capesize,Indonesia,4.67,384.2,0.471
2025-04-27,Capesize,Indonesia,4.67,382.9,0.333
2025-04-28,Capesize,Indonesia,4.44,384.9,0.503
2025-04-29,Capesize,Indonesia,4.55,387.7,0.207
2025-04-30,Capesize,Indonesia,4.48,395.7,0.373
2025-05-01,Capesize,Indonesia,4.31,405.6,0.357
2025-05-02,Capesize,Indonesia,4.21,396.0,0.117
2025-05-03,Capesize,Indonesia,4.2,371.2,0.544
2025-05-04,Capesize,Indonesia,4.27,395.7,0.609
2025-05-05,Capesize,Indonesia,4.47,410.3,0.402
2025-05-06,Capesize,Indonesia,4.47,387.2,0.635
2025-05-07,Capesize,Indonesia,4.36,392.7,0.362
2025-05-08,Capesize,Indonesia,4.48,372.6,0.304
2025-05-09,Capesize,Indonesia,4.68,386.6,0.478
2025-05-10,Capesize,Indonesia,4.61,402.0,0.253
2025-05-11,Capesize,Indonesia,4.72,379.5,0.304
2025-05-12,Capesize,Indonesia,4.56,389.0,0.38
2025-05-13,Capesize,Indonesia,4.44,393.7,0.372
2025-05-14,Capesize,Indonesia,4.38,427.3,0.05
2025-05-15,Capesize,Indonesia,4.42,412.3,0.44
2025-05-16,Capesize,Indonesia,4.11,383.4,0.42
2025-05-17,Capesize,Indonesia,4.09,403.6,0.545
2025-05-18,Capesize,Indonesia,4.31,361.6,0.221
2025-05-19,Capesize,Indonesia,4.36,421.0,0.483
2025-05-20,Capesize,Indonesia,4.29,369.2,0.287
2025-05-21,Capesize,Indonesia,4.31,380.8,0.426
2025-05-22,Capesize,Indonesia,4.05,373.6,0.337
2025-05-23,Capesize,Indonesia,4.14,388.0,0.274
2025-05-24,Capesize,Indonesia,4.25,377.8,0.453
2025-05-25,Capesize,Indonesia,4.32,388.3,0.378
2025-05-26,Capesize,Indonesia,4.37,409.6,0.213
2025-05-27,Capesize,Indonesia,4.39,410.7,0.352
2025-05-28,Capesize,Indonesia,4.39,381.0,0.528
2025-05-29,Capesize,Indonesia,4.35,401.7,0.138
2025-05-30,Capesize,Indonesia,4.23,393.5,0.358
2025-05-31,Capesize,Indonesia,4.33,403.2,0.508
2025-06-01,Capesize,Indonesia,4.33,398.5,0.295
2025-06-02,Capesize,Indonesia,4.28,394.0,0.276
2025-06-03,Capesize,Indonesia,4.29,402.7,0.423
2025-06-04,Capesize,Indonesia,4.23,404.1,0.499
2025-06-05,Capesize,Indonesia,4.29,368.9,0.026
2025-06-06,Capesize,Indonesia,4.07,408.4,0.515
2025-06-07,Capesize,Indonesia,4.13,378.4,0.071
2025-06-08,Capesize,Indonesia,4.14,401.9,0.166
2025-06-09,Capesize,Indonesia,4.07,390.1,0.483
2025-06-10,Capesize,Indonesia,4.0,419.4,0.312
2025-06-11,Capesize,Indonesia,4.01,389.8,0.325
2025-06-12,Capesize,Indonesia,3.78,377.3,0.348
2025-06-13,Capesize,Indonesia,3.75,371.9,0.645
2025-06-14,Capesize,Indonesia,3.73,404.7,0.418
2025-06-15,Capesize,Indonesia,3.7,377.4,0.453
2025-06-16,Capesize,Indonesia,3.6,359.2,0.324
2025-06-17,Capesize,Indonesia,3.53,371.1,0.29
2025-06-18,Capesize,Indonesia,3.72,379.0,0.258
2025-06-19,Capesize,Indonesia,3.82,362.0,0.175
2025-06-20,Capesize,Indonesia,3.68,412.8,0.282
2025-06-21,Capesize,Indonesia,3.73,385.9,0.383
2025-06-22,Capesize,Indonesia,3.71,378.1,0.479
2025-06-23,Capesize,Indonesia,3.61,413.2,0.635
2025-06-24,Capesize,Indonesia,3.41,381.1,0.449
2025-06-25,Capesize,Indonesia,3.36,411.7,0.366
2025-06-26,Capesize,Indonesia,3.51,408.7,0.0
2025-06-27,Capesize,Indonesia,3.59,387.8,0.611
2025-06-28,Capesize,Indonesia,3.49,397.7,0.469
2025-06-29,Capesize,Indonesia,3.61,379.7,0.314
2025-06-30,Capesize,Indonesia,3.59,398.2,0.168
2025-07-01,Capesize,Indonesia,3.54,378.1,0.434
2025-07-02,Capesize,Indonesia,3.54,386.4,0.392
2025-07-03,Capesize,Indonesia,3.18,418.6,0.279
2025-07-04,Capesize,Indonesia,3.22,404.8,0.517
2025-07-05,Capesize,Indonesia,3.28,390.3,0.313
2025-07-06,Capesize,Indonesia,3.37,375.1,0.073
2025-07-07,Capesize,Indonesia,3.33,389.7,0.045
2025-07-08,Capesize,Indonesia,3.62,357.5,0.269
2025-07-09,Capesize,Indonesia,3.42,403.3,0.37
2025-07-10,Capesize,Indonesia,3.5,416.6,0.048
2025-07-11,Capesize,Indonesia,3.38,418.0,0.414
2025-07-12,Capesize,Indonesia,3.37,384.0,0.619
2025-07-13,Capesize,Indonesia,3.54,404.8,0.193
2025-07-14,Capesize,Indonesia,3.55,392.0,0.114
2025-07-15,Capesize,Indonesia,3.74,424.1,0.23
2025-07-16,Capesize,Indonesia,3.82,375.6,0.289
2025-07-17,Capesize,Indonesia,3.82,429.9,0.126
2025-07-18,Capesize,Indonesia,3.56,393.3,0.461
2025-07-19,Capesize,Indonesia,3.55,377.8,0.349
2025-07-20,Capesize,Indonesia,3.56,378.0,0.385
2025-07-21,Capesize,Indonesia,3.42,406.6,0.597
2025-07-22,Capesize,Indonesia,3.47,416.7,0.257
2025-07-23,Capesize,Indonesia,3.4,386.9,0.122
2025-07-24,Capesize,Indonesia,3.53,374.5,0.316
2025-07-25,Capesize,Indonesia,3.39,400.9,0.243
2025-07-26,Capesize,Indonesia,3.41,395.1,0.527
2025-07-27,Capesize,Indonesia,3.37,392.1,0.093
2025-07-28,Capesize,Indonesia,3.34,394.1,0.235
2025-07-29,Capesize,Indonesia,3.35,392.6,0.02
2025-07-30,Capesize,Indonesia,3.3,402.4,0.238
2025-07-31,Capesize,Indonesia,3.35,399.3,0.265
2025-08-01,Capesize,Indonesia,3.5,388.0,0.365
2025-08-02,Capesize,Indonesia,3.47,396.0,0.191
2025-08-03,Capesize,Indonesia,3.7,402.9,0.397
2025-08-04,Capesize,Indonesia,3.77,388.1,0.19
2025-08-05,Capesize,Indonesia,3.7,409.2,0.466
2025-08-06,Capesize,Indonesia,3.73,379.8,0.075
2025-08-07,Capesize,Indonesia,3.82,390.2,0.086
2025-08-08,Capesize,Indonesia,3.91,399.0,0.169
2025-08-09,Capesize,Indonesia,3.7,436.5,0.33
2025-08-10,Capesize,Indonesia,3.74,403.1,0.0
2025-08-11,Capesize,Indonesia,3.75,397.5,0.138
2025-08-12,Capesize,Indonesia,4.0,362.1,0.214
2025-08-13,Capesize,Indonesia,4.06,406.0,0.107
2025-08-14,Capesize,Indonesia,4.03,397.9,0.484
2025-08-15,Capesize,Indonesia,4.15,407.6,0.336
2025-08-16,Capesize,Indonesia,4.16,388.4,0.205
2025-08-17,Capesize,Indonesia,4.26,382.0,0.457
2025-08-18,Capesize,Indonesia,4.36,415.9,0.283
2025-08-19,Capesize,Indonesia,4.25,429.0,0.35
2025-08-20,Capesize,Indonesia,4.39,390.1,0.057
2025-08-21,Capesize,Indonesia,4.21,398.7,0.173
2025-08-22,Capesize,Indonesia,4.15,413.7,0.126
2025-08-23,Capesize,Indonesia,4.13,396.8,0.274
2025-08-24,Capesize,Indonesia,4.13,402.5,0.312
2025-08-25,Capesize,Indonesia,4.31,398.9,0.082
2025-08-26,Capesize,Indonesia,4.26,403.8,0.177
2025-08-27,Capesize,Indonesia,4.27,430.1,0.094
2025-08-28,Capesize,Indonesia,4.51,378.9,0.267
2025-08-29,Capesize,Indonesia,4.58,406.4,0.084
2025-08-30,Capesize,Indonesia,4.67,402.5,0.418
2025-08-31,Capesize,Indonesia,4.67,389.6,0.285
2025-09-01,Capesize,Indonesia,4.67,388.6,0.0
2025-09-02,Capesize,Indonesia,4.43,399.8,0.443
2025-09-03,Capesize,Indonesia,4.3,388.1,0.186
2025-09-04,Capesize,Indonesia,4.42,418.9,0.33
2025-09-05,Capesize,Indonesia,4.36,433.2,0.228
2025-09-06,Capesize,Indonesia,4.4,415.2,0.071
2025-09-07,Capesize,Indonesia,4.51,420.8,0.391
2025-09-08,Capesize,Indonesia,4.48,430.5,0.454
2025-09-09,Capesize,Indonesia,4.37,414.9,0.382
2025-09-10,Capesize,Indonesia,4.33,411.3,0.075
2025-09-11,Capesize,Indonesia,4.2,425.4,0.233
2025-09-12,Capesize,Indonesia,4.15,415.3,0.38
2025-09-13,Capesize,Indonesia,4.01,411.5,0.125
2025-09-14,Capesize,Indonesia,3.9,405.4,0.351
2025-09-15,Capesize,Indonesia,3.99,396.2,0.0
2025-09-16,Capesize,Indonesia,4.06,400.1,0.326
2025-09-17,Capesize,Indonesia,4.24,425.0,0.174
2025-09-18,Capesize,Indonesia,4.22,423.6,0.347
2025-09-19,Capesize,Indonesia,4.4,399.3,0.397
2025-09-20,Capesize,Indonesia,4.39,399.8,0.119
2025-09-21,Capesize,Indonesia,4.17,416.6,0.39
2025-09-22,Capesize,Indonesia,4.19,393.4,0.447
2025-09-23,Capesize,Indonesia,4.2,425.1,0.46
2025-09-24,Capesize,Indonesia,4.12,409.8,0.136
2025-09-25,Capesize,Indonesia,4.21,389.1,0.372
2025-09-26,Capesize,Indonesia,4.5,447.2,0.15
2025-09-27,Capesize,Indonesia,4.42,399.2,0.154
2025-09-28,Capesize,Indonesia,4.46,399.6,0.523
2025-09-29,Capesize,Indonesia,4.44,394.9,0.465
2025-09-30,Capesize,Indonesia,4.49,375.9,0.523
2025-10-01,Capesize,Indonesia,4.55,400.9,0.477
2025-10-02,Capesize,Indonesia,4.38,431.0,0.239
2025-10-03,Capesize,Indonesia,4.1,426.3,0.206
2025-10-04,Capesize,Indonesia,3.73,388.6,0.103
2025-10-05,Capesize,Indonesia,3.54,406.0,0.371
2025-10-06,Capesize,Indonesia,3.6,405.1,0.169
2025-10-07,Capesize,Indonesia,3.56,388.9,0.235
2025-10-08,Capesize,Indonesia,3.6,409.0,0.276
2025-10-09,Capesize,Indonesia,3.66,415.7,0.183
2025-10-10,Capesize,Indonesia,3.68,426.0,0.465
2025-10-11,Capesize,Indonesia,3.54,427.0,0.06
2025-10-12,Capesize,Indonesia,3.78,428.1,0.357
2025-10-13,Capesize,Indonesia,3.84,414.1,0.215
2025-10-14,Capesize,Indonesia,4.03,426.9,0.145
2025-10-15,Capesize,Indonesia,3.89,438.6,0.057
2025-10-16,Capesize,Indonesia,3.73,403.6,0.334
2025-10-17,Capesize,Indonesia,3.77,406.7,0.214
2025-10-18,Capesize,Indonesia,3.92,410.8,0.288
2025-10-19,Capesize,Indonesia,4.0,423.8,0.081
2025-10-20,Capesize,Indonesia,3.98,441.2,0.322
2025-10-21,Capesize,Indonesia,3.85,407.0,0.417
2025-10-22,Capesize,Indonesia,3.92,418.6,0.37
2025-10-23,Capesize,Indonesia,3.76,411.2,0.226
2025-10-24,Capesize,Indonesia,3.58,413.2,0.116
2025-10-25,Capesize,Indonesia,3.61,422.9,0.371
2025-10-26,Capesize,Indonesia,3.76,408.8,0.135
2025-10-27,Capesize,Indonesia,3.79,435.4,0.406
2025-10-28,Capesize,Indonesia,3.87,428.9,0.467
2025-10-29,Capesize,Indonesia,3.77,437.9,0.355
2025-10-30,Capesize,Indonesia,3.83,407.0,0.0
2025-10-31,Capesize,Indonesia,3.86,383.4,0.233
2025-11-01,Capesize,Indonesia,4.05,432.2,0.307
2025-11-02,Capesize,Indonesia,4.1,405.8,0.279
2025-11-03,Capesize,Indonesia,4.1,420.3,0.0
2025-11-04,Capesize,Indonesia,4.08,409.6,0.137
2025-11-05,Capesize,Indonesia,4.39,427.0,0.303
2025-11-06,Capesize,Indonesia,4.29,409.5,0.219
2025-11-07,Capesize,Indonesia,4.43,451.6,0.29
2025-11-08,Capesize,Indonesia,4.47,424.5,0.377
2025-11-09,Capesize,Indonesia,4.59,411.7,0.139
2025-11-10,Capesize,Indonesia,4.62,397.3,0.515
2025-11-11,Capesize,Indonesia,4.57,415.1,0.207
2025-11-12,Capesize,Indonesia,4.76,405.6,0.25
2025-11-13,Capesize,Indonesia,4.54,404.8,0.532
2025-11-14,Capesize,Indonesia,4.4,436.7,0.046
2025-11-15,Capesize,Indonesia,4.49,436.1,0.0
2025-11-16,Capesize,Indonesia,4.69,430.3,0.369
2025-11-17,Capesize,Indonesia,4.68,402.8,0.612
2025-11-18,Capesize,Indonesia,4.61,411.8,0.322
2025-11-19,Capesize,Indonesia,4.72,433.3,0.202
2025-11-20,Capesize,Indonesia,4.63,432.2,0.239
2025-11-21,Capesize,Indonesia,4.35,411.6,0.435
2025-11-22,Capesize,Indonesia,4.42,423.1,0.267
2025-11-23,Capesize,Indonesia,4.44,441.3,0.445
2025-11-24,Capesize,Indonesia,4.62,441.7,0.264
2025-11-25,Capesize,Indonesia,4.54,430.9,0.399
2025-11-26,Capesize,Indonesia,4.48,440.7,0.46
2025-11-27,Capesize,Indonesia,4.33,423.5,0.13
2025-11-28,Capesize,Indonesia,4.34,423.8,0.027
2025-11-29,Capesize,Indonesia,4.42,459.7,0.154
2025-11-30,Capesize,Indonesia,4.51,427.6,0.309
2025-12-01,Capesize,Indonesia,4.56,439.7,0.581
2025-12-02,Capesize,Indonesia,4.43,439.3,0.274
2025-12-03,Capesize,Indonesia,4.63,443.2,0.025
2025-12-04,Capesize,Indonesia,4.83,449.2,0.307
2025-12-05,Capesize,Indonesia,4.66,447.6,0.228
2025-12-06,Capesize,Indonesia,4.76,419.8,0.244
2025-12-07,Capesize,Indonesia,4.83,440.1,0.441
2025-12-08,Capesize,Indonesia,4.96,428.9,0.441
2025-12-09,Capesize,Indonesia,4.79,424.3,0.238
2025-12-10,Capesize,Indonesia,4.85,406.9,0.411
2025-12-11,Capesize,Indonesia,4.6,441.0,0.319
2025-12-12,Capesize,Indonesia,4.57,462.6,0.45
2025-12-13,Capesize,Indonesia,4.79,460.2,0.362
2025-12-14,Capesize,Indonesia,4.73,436.7,0.273
2025-12-15,Capesize,Indonesia,4.77,443.7,0.053
2025-12-16,Capesize,Indonesia,4.8,437.6,0.325
2025-12-17,Capesize,Indonesia,4.97,411.8,0.296
2025-12-18,Capesize,Indonesia,5.25,420.1,0.217
2025-12-19,Capesize,Indonesia,5.27,454.6,0.191
2025-12-20,Capesize,Indonesia,5.17,416.8,0.354
2025-12-21,Capesize,Indonesia,5.14,438.6,0.424
2025-12-22,Capesize,Indonesia,5.09,443.0,0.291
2025-12-23,Capesize,Indonesia,5.07,464.7,0.202
2025-12-24,Capesize,Indonesia,5.11,408.7,0.353
2025-12-25,Capesize,Indonesia,4.92,428.5,0.179
2025-12-26,Capesize,Indonesia,4.77,458.5,0.159
2025-12-27,Capesize,Indonesia,4.83,451.4,0.369
2025-12-28,Capesize,Indonesia,4.79,448.6,0.409
2025-12-29,Capesize,Indonesia,4.82,451.6,0.177
2025-12-30,Capesize,Indonesia,4.92,433.4,0.109
2023-01-01,Capesize,Mozambique,6.83,463.1,0.288
2023-01-02,Capesize,Mozambique,6.66,456.3,0.379
2023-01-03,Capesize,Mozambique,6.67,462.9,0.421
2023-01-04,Capesize,Mozambique,6.7,424.5,0.364
2023-01-05,Capesize,Mozambique,6.66,441.4,0.372
2023-01-06,Capesize,Mozambique,6.64,419.9,0.068
2023-01-07,Capesize,Mozambique,6.63,437.6,0.405
2023-01-08,Capesize,Mozambique,6.64,482.7,0.202
2023-01-09,Capesize,Mozambique,6.78,439.4,0.399
2023-01-10,Capesize,Mozambique,6.93,445.5,0.254
2023-01-11,Capesize,Mozambique,7.06,441.0,0.498
2023-01-12,Capesize,Mozambique,7.08,448.2,0.272
2023-01-13,Capesize,Mozambique,7.09,419.0,0.517
2023-01-14,Capesize,Mozambique,6.96,442.8,0.709
2023-01-15,Capesize,Mozambique,7.03,445.0,0.41
2023-01-16,Capesize,Mozambique,6.99,452.4,0.439
2023-01-17,Capesize,Mozambique,6.99,445.0,0.367
2023-01-18,Capesize,Mozambique,7.35,420.2,0.439
2023-01-19,Capesize,Mozambique,7.31,475.5,0.65
2023-01-20,Capesize,Mozambique,7.19,473.6,0.389
2023-01-21,Capesize,Mozambique,7.37,438.3,0.665
2023-01-22,Capesize,Mozambique,7.33,455.1,0.53
2023-01-23,Capesize,Mozambique,7.4,443.0,0.63
2023-01-24,Capesize,Mozambique,7.47,464.6,0.536
2023-01-25,Capesize,Mozambique,7.4,471.9,0.339
2023-01-26,Capesize,Mozambique,7.57,466.5,0.327
2023-01-27,Capesize,Mozambique,7.6,471.3,0.549
2023-01-28,Capesize,Mozambique,7.93,471.1,0.224
2023-01-29,Capesize,Mozambique,8.0,472.6,0.33
2023-01-30,Capesize,Mozambique,7.89,443.7,0.541
2023-01-31,Capesize,Mozambique,7.99,457.5,0.486
2023-02-01,Capesize,Mozambique,7.92,492.1,0.3
2023-02-02,Capesize,Mozambique,7.92,456.7,0.33
2023-02-03,Capesize,Mozambique,8.02,451.9,0.552
2023-02-04,Capesize,Mozambique,7.84,482.5,0.556
2023-02-05,Capesize,Mozambique,7.96,457.0,0.429
2023-02-06,Capesize,Mozambique,7.82,452.1,0.486
2023-02-07,Capesize,Mozambique,7.65,452.3,0.477
2023-02-08,Capesize,Mozambique,7.9,474.4,0.543
2023-02-09,Capesize,Mozambique,7.81,447.3,0.266
2023-02-10,Capesize,Mozambique,7.95,430.3,0.218
2023-02-11,Capesize,Mozambique,8.0,471.4,0.474
2023-02-12,Capesize,Mozambique,8.11,472.0,0.688
2023-02-13,Capesize,Mozambique,7.78,476.2,0.466
2023-02-14,Capesize,Mozambique,7.83,441.4,0.57
2023-02-15,Capesize,Mozambique,7.79,474.3,0.626
2023-02-16,Capesize,Mozambique,7.67,452.3,0.529
2023-02-17,Capesize,Mozambique,7.83,465.3,0.311
2023-02-18,Capesize,Mozambique,7.79,487.1,0.248
2023-02-19,Capesize,Mozambique,7.77,464.3,0.599
2023-02-20,Capesize,Mozambique,7.96,452.3,0.292
2023-02-21,Capesize,Mozambique,7.91,433.2,0.578
2023-02-22,Capesize,Mozambique,7.88,475.4,0.699
2023-02-23,Capesize,Mozambique,7.76,461.7,0.442
2023-02-24,Capesize,Mozambique,7.72,489.3,0.821
2023-02-25,Capesize,Mozambique,7.65,459.9,0.609
2023-02-26,Capesize,Mozambique,7.8,479.1,0.409
2023-02-27,Capesize,Mozambique,7.96,488.6,0.625
2023-02-28,Capesize,Mozambique,7.84,489.8,0.703
2023-03-01,Capesize,Mozambique,7.99,487.5,0.363
2023-03-02,Capesize,Mozambique,8.01,445.2,0.453
2023-03-03,Capesize,Mozambique,8.17,470.6,0.708
2023-03-04,Capesize,Mozambique,8.29,466.8,0.522
2023-03-05,Capesize,Mozambique,8.45,457.2,0.47
2023-03-06,Capesize,Mozambique,8.4,458.8,0.524
2023-03-07,Capesize,Mozambique,8.26,490.0,0.431
2023-03-08,Capesize,Mozambique,8.2,473.8,0.59
2023-03-09,Capesize,Mozambique,8.3,458.7,0.404
2023-03-10,Capesize,Mozambique,8.47,497.8,0.544
2023-03-11,Capesize,Mozambique,8.35,488.8,0.572
2023-03-12,Capesize,Mozambique,8.26,481.7,0.44
2023-03-13,Capesize,Mozambique,8.29,457.1,0.701
2023-03-14,Capesize,Mozambique,8.57,495.1,0.43
2023-03-15,Capesize,Mozambique,8.64,475.6,0.426
2023-03-16,Capesize,Mozambique,8.49,494.6,0.504
2023-03-17,Capesize,Mozambique,8.39,464.0,0.649
2023-03-18,Capesize,Mozambique,8.54,451.1,0.587
2023-03-19,Capesize,Mozambique,8.58,471.8,0.513
2023-03-20,Capesize,Mozambique,8.64,465.8,0.346
2023-03-21,Capesize,Mozambique,8.7,479.5,0.611
2023-03-22,Capesize,Mozambique,8.73,488.0,0.428
2023-03-23,Capesize,Mozambique,8.89,459.0,0.409
2023-03-24,Capesize,Mozambique,8.75,466.7,0.558
2023-03-25,Capesize,Mozambique,8.89,490.4,0.268
2023-03-26,Capesize,Mozambique,8.85,464.8,0.668
2023-03-27,Capesize,Mozambique,8.8,464.7,0.482
2023-03-28,Capesize,Mozambique,8.59,491.1,0.503
2023-03-29,Capesize,Mozambique,8.33,478.7,0.751
2023-03-30,Capesize,Mozambique,8.27,487.5,0.477
2023-03-31,Capesize,Mozambique,8.16,481.4,0.671
2023-04-01,Capesize,Mozambique,8.14,473.4,0.604
2023-04-02,Capesize,Mozambique,8.15,439.6,0.54
2023-04-03,Capesize,Mozambique,7.99,476.9,0.336
2023-04-04,Capesize,Mozambique,7.93,487.6,0.327
2023-04-05,Capesize,Mozambique,8.06,484.5,0.41
2023-04-06,Capesize,Mozambique,8.16,467.6,0.43
2023-04-07,Capesize,Mozambique,8.12,488.8,0.312
2023-04-08,Capesize,Mozambique,8.04,475.9,0.392
2023-04-09,Capesize,Mozambique,7.93,478.5,0.504
2023-04-10,Capesize,Mozambique,7.69,474.8,0.608
2023-04-11,Capesize,Mozambique,7.53,458.3,0.774
2023-04-12,Capesize,Mozambique,7.66,476.6,0.749
2023-04-13,Capesize,Mozambique,7.43,462.9,0.595
2023-04-14,Capesize,Mozambique,7.46,483.2,0.543
2023-04-15,Capesize,Mozambique,7.61,484.7,0.327
2023-04-16,Capesize,Mozambique,7.53,493.5,0.511
2023-04-17,Capesize,Mozambique,7.77,480.5,0.381
2023-04-18,Capesize,Mozambique,7.66,483.7,0.48
2023-04-19,Capesize,Mozambique,7.54,493.2,0.296
2023-04-20,Capesize,Mozambique,7.57,509.4,0.568
2023-04-21,Capesize,Mozambique,7.63,486.4,0.745
2023-04-22,Capesize,Mozambique,7.46,462.2,0.51
2023-04-23,Capesize,Mozambique,7.51,467.0,0.59
2023-04-24,Capesize,Mozambique,7.39,476.7,0.44
2023-04-25,Capesize,Mozambique,7.53,464.9,0.566
2023-04-26,Capesize,Mozambique,7.39,477.1,0.559
2023-04-27,Capesize,Mozambique,7.22,511.8,0.566
2023-04-28,Capesize,Mozambique,7.25,485.4,0.549
2023-04-29,Capesize,Mozambique,7.28,517.0,0.41
2023-04-30,Capesize,Mozambique,7.14,498.1,0.607
2023-05-01,Capesize,Mozambique,7.26,471.7,0.744
2023-05-02,Capesize,Mozambique,7.12,497.0,0.521
2023-05-03,Capesize,Mozambique,7.07,487.9,0.571
2023-05-04,Capesize,Mozambique,7.06,511.3,0.406
2023-05-05,Capesize,Mozambique,6.96,483.7,0.701
2023-05-06,Capesize,Mozambique,6.88,490.6,0.495
2023-05-07,Capesize,Mozambique,6.88,496.9,0.469
2023-05-08,Capesize,Mozambique,6.92,495.4,0.594
2023-05-09,Capesize,Mozambique,6.89,505.2,0.605
2023-05-10,Capesize,Mozambique,7.03,470.7,0.763
2023-05-11,Capesize,Mozambique,6.92,497.4,0.599
2023-05-12,Capesize,Mozambique,7.0,482.7,0.712
2023-05-13,Capesize,Mozambique,7.12,503.9,0.532
2023-05-14,Capesize,Mozambique,7.02,498.9,0.549
2023-05-15,Capesize,Mozambique,6.92,504.9,0.805
2023-05-16,Capesize,Mozambique,7.01,477.4,0.532
2023-05-17,Capesize,Mozambique,7.07,490.5,0.611
2023-05-18,Capesize,Mozambique,7.15,505.7,0.548
2023-05-19,Capesize,Mozambique,7.09,524.5,0.686
2023-05-20,Capesize,Mozambique,6.86,502.4,0.48
2023-05-21,Capesize,Mozambique,6.69,503.3,0.45
2023-05-22,Capesize,Mozambique,6.75,512.6,0.712
2023-05-23,Capesize,Mozambique,6.74,497.5,0.291
2023-05-24,Capesize,Mozambique,6.79,487.2,0.412
2023-05-25,Capesize,Mozambique,6.75,463.1,0.704
2023-05-26,Capesize,Mozambique,6.95,490.3,0.584
2023-05-27,Capesize,Mozambique,6.99,518.4,0.883
2023-05-28,Capesize,Mozambique,6.92,490.9,0.468
2023-05-29,Capesize,Mozambique,6.84,472.2,0.552
2023-05-30,Capesize,Mozambique,6.86,468.4,0.311
2023-05-31,Capesize,Mozambique,6.78,506.5,0.689
2023-06-01,Capesize,Mozambique,6.89,496.4,0.731
2023-06-02,Capesize,Mozambique,6.9,491.3,0.753
2023-06-03,Capesize,Mozambique,6.96,476.8,0.622
2023-06-04,Capesize,Mozambique,7.0,497.2,0.508
2023-06-05,Capesize,Mozambique,7.09,506.5,0.529
2023-06-06,Capesize,Mozambique,7.06,512.3,0.615
2023-06-07,Capesize,Mozambique,7.05,515.7,0.447
2023-06-08,Capesize,Mozambique,7.13,506.0,0.648
2023-06-09,Capesize,Mozambique,7.05,495.3,0.684
2023-06-10,Capesize,Mozambique,7.13,479.8,0.559
2023-06-11,Capesize,Mozambique,7.21,489.3,0.518
2023-06-12,Capesize,Mozambique,7.2,515.0,0.696
2023-06-13,Capesize,Mozambique,7.1,493.3,0.326
2023-06-14,Capesize,Mozambique,7.0,507.0,0.402
2023-06-15,Capesize,Mozambique,6.92,500.5,0.641
2023-06-16,Capesize,Mozambique,6.79,489.3,0.615
2023-06-17,Capesize,Mozambique,6.81,469.2,0.497
2023-06-18,Capesize,Mozambique,6.7,496.5,0.508
2023-06-19,Capesize,Mozambique,6.63,503.8,0.631
2023-06-20,Capesize,Mozambique,6.48,495.1,0.574
2023-06-21,Capesize,Mozambique,6.53,510.9,0.787
2023-06-22,Capesize,Mozambique,6.55,510.0,0.813
2023-06-23,Capesize,Mozambique,6.58,512.0,0.499
2023-06-24,Capesize,Mozambique,6.82,516.3,0.613
2023-06-25,Capesize,Mozambique,7.0,521.6,0.559
2023-06-26,Capesize,Mozambique,7.01,524.4,0.616
2023-06-27,Capesize,Mozambique,7.24,513.3,0.488
2023-06-28,Capesize,Mozambique,7.27,495.4,0.748
2023-06-29,Capesize,Mozambique,7.44,511.7,0.645
2023-06-30,Capesize,Mozambique,7.36,513.7,0.378
2023-07-01,Capesize,Mozambique,7.04,501.8,0.536
2023-07-02,Capesize,Mozambique,7.18,498.4,0.456
2023-07-03,Capesize,Mozambique,7.56,507.3,0.358
2023-07-04,Capesize,Mozambique,7.6,494.7,0.322
2023-07-05,Capesize,Mozambique,7.62,496.8,0.378
2023-07-06,Capesize,Mozambique,7.44,486.5,0.486
2023-07-07,Capesize,Mozambique,7.39,469.8,0.294
2023-07-08,Capesize,Mozambique,7.5,514.7,0.456
2023-07-09,Capesize,Mozambique,7.78,504.9,0.565
2023-07-10,Capesize,Mozambique,7.83,531.4,0.563
2023-07-11,Capesize,Mozambique,7.76,532.7,0.31
2023-07-12,Capesize,Mozambique,7.97,495.7,0.742
2023-07-13,Capesize,Mozambique,8.06,514.4,0.51
2023-07-14,Capesize,Mozambique,7.87,513.5,0.431
2023-07-15,Capesize,Mozambique,7.57,517.6,0.636
2023-07-16,Capesize,Mozambique,7.44,496.7,0.296
2023-07-17,Capesize,Mozambique,7.67,531.4,0.553
2023-07-18,Capesize,Mozambique,7.46,531.6,0.635
2023-07-19,Capesize,Mozambique,7.46,489.5,0.636
2023-07-20,Capesize,Mozambique,7.47,502.4,0.443
2023-07-21,Capesize,Mozambique,7.56,512.9,0.45
2023-07-22,Capesize,Mozambique,7.52,519.9,0.584
2023-07-23,Capesize,Mozambique,7.39,514.2,0.452
2023-07-24,Capesize,Mozambique,7.44,517.3,0.742
2023-07-25,Capesize,Mozambique,7.34,515.2,0.718
2023-07-26,Capesize,Mozambique,7.33,513.6,0.451
2023-07-27,Capesize,Mozambique,7.43,511.4,0.382
2023-07-28,Capesize,Mozambique,7.59,511.1,0.403
2023-07-29,Capesize,Mozambique,7.51,541.3,0.503
2023-07-30,Capesize,Mozambique,7.55,526.5,0.519
2023-07-31,Capesize,Mozambique,7.65,475.5,0.459
2023-08-01,Capesize,Mozambique,7.75,515.5,0.351
2023-08-02,Capesize,Mozambique,7.63,501.1,0.706
2023-08-03,Capesize,Mozambique,7.54,502.0,0.447
2023-08-04,Capesize,Mozambique,7.68,494.7,0.39
2023-08-05,Capesize,Mozambique,7.61,521.7,0.719
2023-08-06,Capesize,Mozambique,7.49,505.4,0.466
2023-08-07,Capesize,Mozambique,7.44,498.9,0.608
2023-08-08,Capesize,Mozambique,7.67,509.4,0.6
2023-08-09,Capesize,Mozambique,7.68,491.2,0.406
2023-08-10,Capesize,Mozambique,7.32,514.2,0.388
2023-08-11,Capesize,Mozambique,7.49,508.3,0.692
2023-08-12,Capesize,Mozambique,7.47,490.7,0.659
2023-08-13,Capesize,Mozambique,7.05,539.7,0.373
2023-08-14,Capesize,Mozambique,7.02,507.9,0.749
2023-08-15,Capesize,Mozambique,6.67,491.0,0.497
2023-08-16,Capesize,Mozambique,6.79,498.4,0.198
2023-08-17,Capesize,Mozambique,6.57,519.0,0.42
2023-08-18,Capesize,Mozambique,6.41,520.7,0.602
2023-08-19,Capesize,Mozambique,6.48,515.2,0.378
2023-08-20,Capesize,Mozambique,6.49,523.9,0.237
2023-08-21,Capesize,Mozambique,6.49,509.4,0.589
2023-08-22,Capesize,Mozambique,6.58,516.2,0.601
2023-08-23,Capesize,Mozambique,6.49,518.7,0.474
2023-08-24,Capesize,Mozambique,6.23,543.9,0.281
2023-08-25,Capesize,Mozambique,6.19,513.8,0.323
2023-08-26,Capesize,Mozambique,6.22,516.4,0.498
2023-08-27,Capesize,Mozambique,6.15,496.7,0.807
2023-08-28,Capesize,Mozambique,6.15,514.5,0.462
2023-08-29,Capesize,Mozambique,6.27,506.3,0.567
2023-08-30,Capesize,Mozambique,6.21,522.7,0.502
2023-08-31,Capesize,Mozambique,6.2,494.0,0.613
2023-09-01,Capesize,Mozambique,6.31,484.6,0.491
2023-09-02,Capesize,Mozambique,6.36,494.5,0.518
2023-09-03,Capesize,Mozambique,6.31,515.7,0.343
2023-09-04,Capesize,Mozambique,6.33,521.4,0.446
2023-09-05,Capesize,Mozambique,6.44,539.7,0.446
2023-09-06,Capesize,Mozambique,6.28,499.4,0.411
2023-09-07,Capesize,Mozambique,6.47,487.1,0.496
2023-09-08,Capesize,Mozambique,6.32,494.4,0.607
2023-09-09,Capesize,Mozambique,6.42,499.1,0.515
2023-09-10,Capesize,Mozambique,6.32,521.8,0.502
2023-09-11,Capesize,Mozambique,6.53,481.6,0.687
2023-09-12,Capesize,Mozambique,6.42,510.0,0.188
2023-09-13,Capesize,Mozambique,6.36,498.3,0.426
2023-09-14,Capesize,Mozambique,6.11,524.7,0.397
2023-09-15,Capesize,Mozambique,6.03,505.3,0.289
2023-09-16,Capesize,Mozambique,6.17,516.2,0.358
2023-09-17,Capesize,Mozambique,6.08,492.3,0.464
2023-09-18,Capesize,Mozambique,5.9,514.5,0.452
2023-09-19,Capesize,Mozambique,5.91,473.3,0.474
2023-09-20,Capesize,Mozambique,6.02,538.0,0.527
2023-09-21,Capesize,Mozambique,6.12,489.5,0.154
2023-09-22,Capesize,Mozambique,5.99,519.8,0.409
2023-09-23,Capesize,Mozambique,6.04,492.9,0.507
2023-09-24,Capesize,Mozambique,6.0,536.2,0.31
2023-09-25,Capesize,Mozambique,5.84,492.7,0.337
2023-09-26,Capesize,Mozambique,6.1,517.9,0.222
2023-09-27,Capesize,Mozambique,5.99,517.1,0.284
2023-09-28,Capesize,Mozambique,5.91,482.8,0.264
2023-09-29,Capesize,Mozambique,5.94,465.6,0.449
2023-09-30,Capesize,Mozambique,5.71,524.2,0.425
2023-10-01,Capesize,Mozambique,5.71,512.8,0.243
2023-10-02,Capesize,Mozambique,5.7,500.5,0.11
2023-10-03,Capesize,Mozambique,5.95,507.0,0.39
2023-10-04,Capesize,Mozambique,6.01,514.4,0.629
2023-10-05,Capesize,Mozambique,6.12,522.8,0.441
2023-10-06,Capesize,Mozambique,6.09,485.1,0.236
2023-10-07,Capesize,Mozambique,6.06,501.0,0.254
2023-10-08,Capesize,Mozambique,6.16,510.1,0.397
2023-10-09,Capesize,Mozambique,6.25,486.7,0.678
2023-10-10,Capesize,Mozambique,6.34,514.1,0.482
2023-10-11,Capesize,Mozambique,6.55,511.4,0.27
2023-10-12,Capesize,Mozambique,6.71,469.1,0.289
2023-10-13,Capesize,Mozambique,6.93,499.0,0.203
2023-10-14,Capesize,Mozambique,6.95,515.3,0.455
2023-10-15,Capesize,Mozambique,6.98,553.9,0.3
2023-10-16,Capesize,Mozambique,7.01,492.1,0.276
2023-10-17,Capesize,Mozambique,7.06,516.2,0.31
2023-10-18,Capesize,Mozambique,7.01,505.6,0.58
2023-10-19,Capesize,Mozambique,6.85,500.4,0.545
2023-10-20,Capesize,Mozambique,7.08,506.9,0.406
2023-10-21,Capesize,Mozambique,7.03,506.0,0.232
2023-10-22,Capesize,Mozambique,7.01,485.9,0.331
2023-10-23,Capesize,Mozambique,7.03,492.1,0.0
2023-10-24,Capesize,Mozambique,6.99,500.9,0.237
2023-10-25,Capesize,Mozambique,7.17,516.2,0.539
2023-10-26,Capesize,Mozambique,7.0,508.1,0.546
2023-10-27,Capesize,Mozambique,6.94,514.1,0.39
2023-10-28,Capesize,Mozambique,6.99,535.4,0.398
2023-10-29,Capesize,Mozambique,6.83,490.3,0.429
2023-10-30,Capesize,Mozambique,6.87,492.9,0.492
2023-10-31,Capesize,Mozambique,7.11,501.2,0.209
2023-11-01,Capesize,Mozambique,6.9,497.2,0.133
2023-11-02,Capesize,Mozambique,6.79,512.7,0.473
2023-11-03,Capesize,Mozambique,6.78,503.1,0.122
2023-11-04,Capesize,Mozambique,6.88,520.1,0.515
2023-11-05,Capesize,Mozambique,6.75,483.6,0.561
2023-11-06,Capesize,Mozambique,6.59,490.7,0.0
2023-11-07,Capesize,Mozambique,6.6,510.3,0.321
2023-11-08,Capesize,Mozambique,6.41,511.0,0.074
2023-11-09,Capesize,Mozambique,6.52,534.1,0.276
2023-11-10,Capesize,Mozambique,6.68,502.7,0.0
2023-11-11,Capesize,Mozambique,6.71,534.7,0.173
2023-11-12,Capesize,Mozambique,6.4,485.5,0.34
2023-11-13,Capesize,Mozambique,6.5,508.0,0.184
2023-11-14,Capesize,Mozambique,6.69,508.0,0.287
2023-11-15,Capesize,Mozambique,6.51,495.6,0.159
2023-11-16,Capesize,Mozambique,6.77,545.1,0.29
2023-11-17,Capesize,Mozambique,6.93,515.7,0.494
2023-11-18,Capesize,Mozambique,6.75,543.8,0.387
2023-11-19,Capesize,Mozambique,6.89,514.3,0.332
2023-11-20,Capesize,Mozambique,7.05,514.4,0.064
2023-11-21,Capesize,Mozambique,6.88,527.8,0.428
2023-11-22,Capesize,Mozambique,7.01,514.4,0.415
2023-11-23,Capesize,Mozambique,7.22,452.6,0.249
2023-11-24,Capesize,Mozambique,7.14,520.4,0.209
2023-11-25,Capesize,Mozambique,7.03,513.4,0.285
2023-11-26,Capesize,Mozambique,6.96,513.4,0.224
2023-11-27,Capesize,Mozambique,6.99,499.9,0.497
2023-11-28,Capesize,Mozambique,7.03,517.6,0.315
2023-11-29,Capesize,Mozambique,7.0,503.6,0.312
2023-11-30,Capesize,Mozambique,7.03,502.0,0.434
2023-12-01,Capesize,Mozambique,6.99,527.1,0.074
2023-12-02,Capesize,Mozambique,7.01,505.1,0.306
2023-12-03,Capesize,Mozambique,6.92,525.0,0.341
2023-12-04,Capesize,Mozambique,6.7,500.7,0.516
2023-12-05,Capesize,Mozambique,6.99,513.9,0.245
2023-12-06,Capesize,Mozambique,6.79,512.7,0.122
2023-12-07,Capesize,Mozambique,6.79,508.7,0.233
2023-12-08,Capesize,Mozambique,6.81,508.8,0.347
2023-12-09,Capesize,Mozambique,6.93,491.7,0.656
2023-12-10,Capesize,Mozambique,6.93,503.3,0.311
2023-12-11,Capesize,Mozambique,6.99,479.0,0.244
2023-12-12,Capesize,Mozambique,7.05,495.0,0.127
2023-12-13,Capesize,Mozambique,7.02,488.1,0.357
2023-12-14,Capesize,Mozambique,7.16,536.7,0.566
2023-12-15,Capesize,Mozambique,7.15,524.8,0.439
2023-12-16,Capesize,Mozambique,7.18,513.8,0.242
2023-12-17,Capesize,Mozambique,7.1,534.4,0.158
2023-12-18,Capesize,Mozambique,7.1,507.0,0.193
2023-12-19,Capesize,Mozambique,6.96,487.6,0.0
2023-12-20,Capesize,Mozambique,7.06,525.7,0.231
2023-12-21,Capesize,Mozambique,7.09,487.9,0.172
2023-12-22,Capesize,Mozambique,7.05,499.6,0.513
2023-12-23,Capesize,Mozambique,7.09,510.8,0.282
2023-12-24,Capesize,Mozambique,6.86,482.7,0.529
2023-12-25,Capesize,Mozambique,6.81,507.0,0.151
2023-12-26,Capesize,Mozambique,6.62,507.3,0.18
2023-12-27,Capesize,Mozambique,6.8,509.1,0.104
2023-12-28,Capesize,Mozambique,6.84,521.6,0.185
2023-12-29,Capesize,Mozambique,6.69,488.0,0.508
2023-12-30,Capesize,Mozambique,6.58,488.8,0.399
2023-12-31,Capesize,Mozambique,6.57,501.0,0.237
2024-01-01,Capesize,Mozambique,6.47,507.5,0.343
2024-01-02,Capesize,Mozambique,6.5,492.8,0.363
2024-01-03,Capesize,Mozambique,6.55,490.1,0.192
2024-01-04,Capesize,Mozambique,6.56,479.8,0.338
2024-01-05,Capesize,Mozambique,6.33,505.3,0.098
2024-01-06,Capesize,Mozambique,6.47,525.3,0.346
2024-01-07,Capesize,Mozambique,6.65,509.6,0.155
2024-01-08,Capesize,Mozambique,6.9,484.9,0.222
2024-01-09,Capesize,Mozambique,6.81,509.8,0.47
2024-01-10,Capesize,Mozambique,6.71,485.9,0.187
2024-01-11,Capesize,Mozambique,6.63,505.8,0.145
2024-01-12,Capesize,Mozambique,6.66,495.5,0.292
2024-01-13,Capesize,Mozambique,6.78,483.6,0.243
2024-01-14,Capesize,Mozambique,6.83,504.4,0.727
2024-01-15,Capesize,Mozambique,6.72,503.5,0.422
2024-01-16,Capesize,Mozambique,6.9,506.6,0.342
2024-01-17,Capesize,Mozambique,7.05,470.8,0.273
2024-01-18,Capesize,Mozambique,7.08,526.5,0.231
2024-01-19,Capesize,Mozambique,7.42,465.1,0.365
2024-01-20,Capesize,Mozambique,7.38,477.2,0.051
2024-01-21,Capesize,Mozambique,7.49,531.1,0.179
2024-01-22,Capesize,Mozambique,7.27,499.0,0.027
2024-01-23,Capesize,Mozambique,7.33,494.4,0.238
2024-01-24,Capesize,Mozambique,7.41,502.9,0.301
2024-01-25,Capesize,Mozambique,7.5,503.1,0.258
2024-01-26,Capesize,Mozambique,7.53,505.3,0.346
2024-01-27,Capesize,Mozambique,7.32,519.5,0.234
2024-01-28,Capesize,Mozambique,7.15,504.2,0.351
2024-01-29,Capesize,Mozambique,7.14,497.9,0.322
2024-01-30,Capesize,Mozambique,6.9,515.4,0.365
2024-01-31,Capesize,Mozambique,7.11,475.9,0.351
2024-02-01,Capesize,Mozambique,7.16,507.8,0.137
2024-02-02,Capesize,Mozambique,7.27,507.5,0.236
2024-02-03,Capesize,Mozambique,7.18,504.8,0.323
2024-02-04,Capesize,Mozambique,7.24,487.8,0.234
2024-02-05,Capesize,Mozambique,7.37,487.3,0.495
2024-02-06,Capesize,Mozambique,7.31,523.6,0.337
2024-02-07,Capesize,Mozambique,7.42,528.1,0.33
2024-02-08,Capesize,Mozambique,7.5,516.7,0.326
2024-02-09,Capesize,Mozambique,7.48,490.7,0.151
2024-02-10,Capesize,Mozambique,7.33,506.0,0.246
2024-02-11,Capesize,Mozambique,7.23,490.6,0.233
2024-02-12,Capesize,Mozambique,7.17,533.9,0.459
2024-02-13,Capesize,Mozambique,7.02,498.9,0.428
2024-02-14,Capesize,Mozambique,6.96,489.2,0.11
2024-02-15,Capesize,Mozambique,7.08,472.7,0.327
2024-02-16,Capesize,Mozambique,7.29,500.2,0.214
2024-02-17,Capesize,Mozambique,7.16,514.4,0.353
2024-02-18,Capesize,Mozambique,7.41,494.7,0.0
2024-02-19,Capesize,Mozambique,7.45,497.8,0.392
2024-02-20,Capesize,Mozambique,7.26,503.6,0.385
2024-02-21,Capesize,Mozambique,7.19,493.7,0.207
2024-02-22,Capesize,Mozambique,7.2,511.1,0.154
2024-02-23,Capesize,Mozambique,7.21,482.5,0.109
2024-02-24,Capesize,Mozambique,7.1,485.9,0.271
2024-02-25,Capesize,Mozambique,7.17,510.3,0.344
2024-02-26,Capesize,Mozambique,7.22,470.7,0.0
2024-02-27,Capesize,Mozambique,7.27,493.2,0.256
2024-02-28,Capesize,Mozambique,7.3,508.0,0.097
2024-02-29,Capesize,Mozambique,7.23,497.8,0.203
2024-03-01,Capesize,Mozambique,7.36,512.5,0.362
2024-03-02,Capesize,Mozambique,7.24,468.3,0.234
2024-03-03,Capesize,Mozambique,7.23,468.3,0.106
2024-03-04,Capesize,Mozambique,7.3,478.2,0.057
2024-03-05,Capesize,Mozambique,7.24,503.8,0.38
2024-03-06,Capesize,Mozambique,7.24,500.7,0.242
2024-03-07,Capesize,Mozambique,7.02,494.5,0.436
2024-03-08,Capesize,Mozambique,7.04,465.9,0.259
2024-03-09,Capesize,Mozambique,6.87,482.8,0.081
2024-03-10,Capesize,Mozambique,6.79,495.9,0.25
2024-03-11,Capesize,Mozambique,7.1,486.9,0.18
2024-03-12,Capesize,Mozambique,7.35,492.3,0.433
2024-03-13,Capesize,Mozambique,7.39,506.1,0.196
2024-03-14,Capesize,Mozambique,7.19,489.4,0.268
2024-03-15,Capesize,Mozambique,7.44,471.7,0.28
2024-03-16,Capesize,Mozambique,7.23,492.5,0.171
2024-03-17,Capesize,Mozambique,7.39,493.2,0.003
2024-03-18,Capesize,Mozambique,7.41,476.6,0.576
2024-03-19,Capesize,Mozambique,7.1,494.8,0.0
2024-03-20,Capesize,Mozambique,7.55,505.5,0.464
2024-03-21,Capesize,Mozambique,7.87,483.3,0.34
2024-03-22,Capesize,Mozambique,7.95,488.3,0.134
2024-03-23,Capesize,Mozambique,7.97,506.6,0.188
2024-03-24,Capesize,Mozambique,7.71,489.0,0.481
2024-03-25,Capesize,Mozambique,7.8,495.9,0.539
2024-03-26,Capesize,Mozambique,7.82,494.7,0.391
2024-03-27,Capesize,Mozambique,7.97,475.0,0.297
2024-03-28,Capesize,Mozambique,7.95,502.4,0.225
2024-03-29,Capesize,Mozambique,7.97,464.2,0.206
2024-03-30,Capesize,Mozambique,7.91,505.3,0.221
2024-03-31,Capesize,Mozambique,7.88,453.6,0.192
2024-04-01,Capesize,Mozambique,8.03,498.5,0.229
2024-04-02,Capesize,Mozambique,7.99,514.6,0.451
2024-04-03,Capesize,Mozambique,7.97,496.5,0.133
2024-04-04,Capesize,Mozambique,7.91,503.0,0.219
2024-04-05,Capesize,Mozambique,7.76,464.3,0.268
2024-04-06,Capesize,Mozambique,7.76,508.1,0.24
2024-04-07,Capesize,Mozambique,7.8,475.3,0.227
2024-04-08,Capesize,Mozambique,7.52,485.2,0.197
2024-04-09,Capesize,Mozambique,7.7,485.0,0.439
2024-04-10,Capesize,Mozambique,7.7,476.4,0.51
2024-04-11,Capesize,Mozambique,7.8,497.0,0.13
2024-04-12,Capesize,Mozambique,7.69,497.0,0.51
2024-04-13,Capesize,Mozambique,7.74,488.9,0.282
2024-04-14,Capesize,Mozambique,7.67,478.1,0.314
2024-04-15,Capesize,Mozambique,7.49,469.4,0.422
2024-04-16,Capesize,Mozambique,7.41,485.5,0.206
2024-04-17,Capesize,Mozambique,7.49,471.9,0.21
2024-04-18,Capesize,Mozambique,7.38,495.4,0.315
2024-04-19,Capesize,Mozambique,7.45,501.7,0.538
2024-04-20,Capesize,Mozambique,7.69,503.6,0.024
2024-04-21,Capesize,Mozambique,7.78,499.1,0.078
2024-04-22,Capesize,Mozambique,7.55,483.2,0.465
2024-04-23,Capesize,Mozambique,7.57,466.6,0.322
2024-04-24,Capesize,Mozambique,7.62,472.9,0.036
2024-04-25,Capesize,Mozambique,7.4,519.6,0.219
2024-04-26,Capesize,Mozambique,7.59,504.7,0.402
2024-04-27,Capesize,Mozambique,7.66,479.7,0.253
2024-04-28,Capesize,Mozambique,7.63,477.7,0.294
2024-04-29,Capesize,Mozambique,7.63,478.7,0.347
2024-04-30,Capesize,Mozambique,7.54,457.3,0.107
2024-05-01,Capesize,Mozambique,7.46,462.9,0.411
2024-05-02,Capesize,Mozambique,7.36,483.4,0.293
2024-05-03,Capesize,Mozambique,7.46,462.8,0.215
2024-05-04,Capesize,Mozambique,7.2,484.5,0.659
2024-05-05,Capesize,Mozambique,7.23,462.6,0.126
2024-05-06,Capesize,Mozambique,7.28,492.5,0.11
2024-05-07,Capesize,Mozambique,7.14,504.7,0.092
2024-05-08,Capesize,Mozambique,6.99,469.2,0.0
2024-05-09,Capesize,Mozambique,6.86,467.4,0.091
2024-05-10,Capesize,Mozambique,6.65,476.3,0.408
2024-05-11,Capesize,Mozambique,6.51,469.5,0.093
2024-05-12,Capesize,Mozambique,6.49,451.1,0.191
2024-05-13,Capesize,Mozambique,6.56,469.5,0.263
2024-05-14,Capesize,Mozambique,6.56,482.2,0.414
2024-05-15,Capesize,Mozambique,6.49,472.5,0.168
2024-05-16,Capesize,Mozambique,6.5,465.8,0.201
2024-05-17,Capesize,Mozambique,6.21,476.0,0.303
2024-05-18,Capesize,Mozambique,6.19,475.5,0.536
2024-05-19,Capesize,Mozambique,6.03,454.7,0.107
2024-05-20,Capesize,Mozambique,5.9,489.7,0.36
2024-05-21,Capesize,Mozambique,5.78,471.6,0.377
2024-05-22,Capesize,Mozambique,5.62,485.5,0.341
2024-05-23,Capesize,Mozambique,5.44,483.5,0.162
2024-05-24,Capesize,Mozambique,5.22,501.4,0.221
2024-05-25,Capesize,Mozambique,5.32,483.4,0.247
2024-05-26,Capesize,Mozambique,5.27,469.7,0.15
2024-05-27,Capesize,Mozambique,5.31,452.7,0.097
2024-05-28,Capesize,Mozambique,5.41,487.7,0.588
2024-05-29,Capesize,Mozambique,5.57,447.2,0.19
2024-05-30,Capesize,Mozambique,5.54,473.0,0.67
2024-05-31,Capesize,Mozambique,5.53,484.5,0.35
2024-06-01,Capesize,Mozambique,5.42,459.0,0.207
2024-06-02,Capesize,Mozambique,5.53,459.5,0.26
2024-06-03,Capesize,Mozambique,5.3,459.2,0.337
2024-06-04,Capesize,Mozambique,5.62,469.7,0.15
2024-06-05,Capesize,Mozambique,5.68,482.7,0.343
2024-06-06,Capesize,Mozambique,5.71,461.3,0.443
2024-06-07,Capesize,Mozambique,5.6,474.0,0.578
2024-06-08,Capesize,Mozambique,5.47,487.4,0.408
2024-06-09,Capesize,Mozambique,5.63,447.7,0.255
2024-06-10,Capesize,Mozambique,5.77,449.4,0.274
2024-06-11,Capesize,Mozambique,5.62,463.3,0.527
2024-06-12,Capesize,Mozambique,5.52,482.3,0.567
2024-06-13,Capesize,Mozambique,5.75,451.0,0.617
2024-06-14,Capesize,Mozambique,5.56,433.5,0.136
2024-06-15,Capesize,Mozambique,5.58,458.1,0.342
2024-06-16,Capesize,Mozambique,5.45,448.4,0.23
2024-06-17,Capesize,Mozambique,5.47,452.1,0.26
2024-06-18,Capesize,Mozambique,5.61,457.0,0.534
2024-06-19,Capesize,Mozambique,5.52,459.7,0.0
2024-06-20,Capesize,Mozambique,5.13,445.9,0.368
2024-06-21,Capesize,Mozambique,5.09,463.9,0.609
2024-06-22,Capesize,Mozambique,4.65,448.3,0.472
2024-06-23,Capesize,Mozambique,4.69,416.9,0.245
2024-06-24,Capesize,Mozambique,4.71,453.1,0.266
2024-06-25,Capesize,Mozambique,4.85,469.4,0.542
2024-06-26,Capesize,Mozambique,4.89,459.5,0.307
2024-06-27,Capesize,Mozambique,4.73,457.9,0.365
2024-06-28,Capesize,Mozambique,4.94,460.9,0.626
2024-06-29,Capesize,Mozambique,5.02,448.2,0.458
2024-06-30,Capesize,Mozambique,5.22,471.6,0.297
2024-07-01,Capesize,Mozambique,5.35,451.1,0.376
2024-07-02,Capesize,Mozambique,5.43,452.8,0.456
2024-07-03,Capesize,Mozambique,5.67,464.7,0.403
2024-07-04,Capesize,Mozambique,5.59,460.0,0.24
2024-07-05,Capesize,Mozambique,5.83,434.3,0.239
2024-07-06,Capesize,Mozambique,5.87,467.7,0.528
2024-07-07,Capesize,Mozambique,5.64,485.0,0.302
2024-07-08,Capesize,Mozambique,5.58,509.8,0.172
2024-07-09,Capesize,Mozambique,5.71,471.3,0.432
2024-07-10,Capesize,Mozambique,5.61,442.9,0.459
2024-07-11,Capesize,Mozambique,5.59,445.6,0.164
2024-07-12,Capesize,Mozambique,5.47,472.1,0.407
2024-07-13,Capesize,Mozambique,5.64,434.9,0.301
2024-07-14,Capesize,Mozambique,5.32,468.3,0.659
2024-07-15,Capesize,Mozambique,5.31,449.1,0.561
2024-07-16,Capesize,Mozambique,5.23,444.1,0.456
2024-07-17,Capesize,Mozambique,5.41,445.3,0.58
2024-07-18,Capesize,Mozambique,5.5,480.6,0.213
2024-07-19,Capesize,Mozambique,5.61,463.4,0.228
2024-07-20,Capesize,Mozambique,5.34,422.3,0.462
2024-07-21,Capesize,Mozambique,5.64,443.4,0.324
2024-07-22,Capesize,Mozambique,5.93,442.9,0.302
2024-07-23,Capesize,Mozambique,5.99,448.0,0.265
2024-07-24,Capesize,Mozambique,6.16,460.3,0.256
2024-07-25,Capesize,Mozambique,6.16,457.8,0.617
2024-07-26,Capesize,Mozambique,6.17,451.9,0.428
2024-07-27,Capesize,Mozambique,6.16,461.5,0.297
2024-07-28,Capesize,Mozambique,6.26,466.9,0.286
2024-07-29,Capesize,Mozambique,5.93,456.0,0.183
2024-07-30,Capesize,Mozambique,5.97,441.1,0.344
2024-07-31,Capesize,Mozambique,5.92,396.5,0.646
2024-08-01,Capesize,Mozambique,6.26,449.6,0.606
2024-08-02,Capesize,Mozambique,6.44,444.5,0.519
2024-08-03,Capesize,Mozambique,6.35,476.0,0.181
2024-08-04,Capesize,Mozambique,6.28,440.6,0.456
2024-08-05,Capesize,Mozambique,6.59,417.7,0.286
2024-08-06,Capesize,Mozambique,6.45,464.7,0.168
2024-08-07,Capesize,Mozambique,6.49,430.7,0.542
2024-08-08,Capesize,Mozambique,6.48,440.7,0.288
2024-08-09,Capesize,Mozambique,6.54,425.1,0.48
2024-08-10,Capesize,Mozambique,6.49,446.1,0.193
2024-08-11,Capesize,Mozambique,6.6,445.4,0.63
2024-08-12,Capesize,Mozambique,6.53,419.9,0.366
2024-08-13,Capesize,Mozambique,6.6,441.6,0.664
2024-08-14,Capesize,Mozambique,6.66,422.0,0.345
2024-08-15,Capesize,Mozambique,6.54,436.9,0.179
2024-08-16,Capesize,Mozambique,6.72,449.2,0.469
2024-08-17,Capesize,Mozambique,6.71,449.0,0.303
2024-08-18,Capesize,Mozambique,6.61,446.9,0.606
2024-08-19,Capesize,Mozambique,6.79,470.2,0.631
2024-08-20,Capesize,Mozambique,6.92,415.8,0.485
2024-08-21,Capesize,Mozambique,6.83,432.6,0.343
2024-08-22,Capesize,Mozambique,6.73,420.6,0.374
2024-08-23,Capesize,Mozambique,6.91,442.8,0.316
2024-08-24,Capesize,Mozambique,6.87,464.6,0.58
2024-08-25,Capesize,Mozambique,6.84,448.8,0.683
2024-08-26,Capesize,Mozambique,6.86,428.4,0.657
2024-08-27,Capesize,Mozambique,6.94,439.3,0.446
2024-08-28,Capesize,Mozambique,6.8,425.9,0.69
2024-08-29,Capesize,Mozambique,7.13,458.3,0.419
2024-08-30,Capesize,Mozambique,7.15,434.5,0.431
2024-08-31,Capesize,Mozambique,7.32,445.7,0.417
2024-09-01,Capesize,Mozambique,7.44,459.4,0.59
2024-09-02,Capesize,Mozambique,7.18,412.7,0.439
2024-09-03,Capesize,Mozambique,7.25,430.2,0.317
2024-09-04,Capesize,Mozambique,7.03,412.7,0.695
2024-09-05,Capesize,Mozambique,7.16,454.2,0.345
2024-09-06,Capesize,Mozambique,7.09,416.1,0.607
2024-09-07,Capesize,Mozambique,6.92,424.7,0.256
2024-09-08,Capesize,Mozambique,6.84,431.4,0.353
2024-09-09,Capesize,Mozambique,6.76,417.2,0.665
2024-09-10,Capesize,Mozambique,6.74,452.7,0.549
2024-09-11,Capesize,Mozambique,6.76,425.2,0.201
2024-09-12,Capesize,Mozambique,6.82,431.9,0.359
2024-09-13,Capesize,Mozambique,6.7,410.1,0.489
2024-09-14,Capesize,Mozambique,6.72,434.3,0.469
2024-09-15,Capesize,Mozambique,6.87,419.6,0.444
2024-09-16,Capesize,Mozambique,6.97,455.1,0.437
2024-09-17,Capesize,Mozambique,7.05,436.1,0.72
2024-09-18,Capesize,Mozambique,7.01,423.6,0.581
2024-09-19,Capesize,Mozambique,7.14,440.2,0.529
2024-09-20,Capesize,Mozambique,7.04,428.3,0.315
2024-09-21,Capesize,Mozambique,7.07,429.5,0.643
2024-09-22,Capesize,Mozambique,7.03,431.0,0.501
2024-09-23,Capesize,Mozambique,7.07,414.5,0.757
2024-09-24,Capesize,Mozambique,6.96,405.7,0.497
2024-09-25,Capesize,Mozambique,7.08,417.1,0.534
2024-09-26,Capesize,Mozambique,7.25,432.4,0.543
2024-09-27,Capesize,Mozambique,7.4,394.7,0.58
2024-09-28,Capesize,Mozambique,7.53,390.9,0.32
2024-09-29,Capesize,Mozambique,7.38,433.7,0.359
2024-09-30,Capesize,Mozambique,7.32,429.8,0.633
2024-10-01,Capesize,Mozambique,7.28,431.2,0.639
2024-10-02,Capesize,Mozambique,7.13,417.8,0.708
2024-10-03,Capesize,Mozambique,7.35,421.7,0.628
2024-10-04,Capesize,Mozambique,7.26,411.9,0.507
2024-10-05,Capesize,Mozambique,7.25,400.7,0.317
2024-10-06,Capesize,Mozambique,7.39,419.1,0.592
2024-10-07,Capesize,Mozambique,7.34,405.3,0.657
2024-10-08,Capesize,Mozambique,7.55,415.1,0.446
2024-10-09,Capesize,Mozambique,7.29,414.6,0.849
2024-10-10,Capesize,Mozambique,7.42,455.6,0.676
2024-10-11,Capesize,Mozambique,7.35,407.7,0.351
2024-10-12,Capesize,Mozambique,7.22,386.1,0.603
2024-10-13,Capesize,Mozambique,7.31,404.1,0.443
2024-10-14,Capesize,Mozambique,7.25,448.7,0.508
2024-10-15,Capesize,Mozambique,7.19,425.2,0.66
2024-10-16,Capesize,Mozambique,7.35,431.5,0.663
2024-10-17,Capesize,Mozambique,7.29,444.2,0.456
2024-10-18,Capesize,Mozambique,7.29,432.8,0.175
2024-10-19,Capesize,Mozambique,7.4,415.3,0.494
2024-10-20,Capesize,Mozambique,7.48,427.3,0.433
2024-10-21,Capesize,Mozambique,7.46,408.3,0.651
2024-10-22,Capesize,Mozambique,7.48,432.9,0.423
2024-10-23,Capesize,Mozambique,7.32,448.5,0.726
2024-10-24,Capesize,Mozambique,7.4,432.8,0.52
2024-10-25,Capesize,Mozambique,7.22,417.7,0.277
2024-10-26,Capesize,Mozambique,7.16,416.7,0.502
2024-10-27,Capesize,Mozambique,7.12,415.9,0.601
2024-10-28,Capesize,Mozambique,7.09,426.5,0.328
2024-10-29,Capesize,Mozambique,7.04,427.9,0.615
2024-10-30,Capesize,Mozambique,6.99,429.3,0.57
2024-10-31,Capesize,Mozambique,7.01,404.2,0.44
2024-11-01,Capesize,Mozambique,7.04,384.8,0.601
2024-11-02,Capesize,Mozambique,6.78,434.1,0.582
2024-11-03,Capesize,Mozambique,6.87,405.4,0.75
2024-11-04,Capesize,Mozambique,6.78,418.9,0.522
2024-11-05,Capesize,Mozambique,6.62,392.6,0.678
2024-11-06,Capesize,Mozambique,6.66,407.7,0.452
2024-11-07,Capesize,Mozambique,6.67,405.5,0.474
2024-11-08,Capesize,Mozambique,6.79,410.3,0.395
2024-11-09,Capesize,Mozambique,6.82,420.7,0.699
2024-11-10,Capesize,Mozambique,6.29,410.8,0.409
2024-11-11,Capesize,Mozambique,5.87,416.8,0.778
2024-11-12,Capesize,Mozambique,5.55,403.5,0.43
2024-11-13,Capesize,Mozambique,5.54,417.2,0.732
2024-11-14,Capesize,Mozambique,5.21,413.9,0.441
2024-11-15,Capesize,Mozambique,5.34,403.3,0.532
2024-11-16,Capesize,Mozambique,5.21,415.5,0.403
2024-11-17,Capesize,Mozambique,5.11,421.8,0.566
2024-11-18,Capesize,Mozambique,4.8,414.2,0.557
2024-11-19,Capesize,Mozambique,5.09,389.4,0.38
2024-11-20,Capesize,Mozambique,5.13,398.1,0.706
2024-11-21,Capesize,Mozambique,5.21,418.9,0.722
2024-11-22,Capesize,Mozambique,5.22,430.5,0.286
2024-11-23,Capesize,Mozambique,5.28,439.1,0.336
2024-11-24,Capesize,Mozambique,5.23,412.3,0.774
2024-11-25,Capesize,Mozambique,5.02,421.2,0.419
2024-11-26,Capesize,Mozambique,4.82,398.3,0.732
2024-11-27,Capesize,Mozambique,4.71,421.9,0.319
2024-11-28,Capesize,Mozambique,4.29,393.8,0.48
2024-11-29,Capesize,Mozambique,4.34,410.9,0.463
2024-11-30,Capesize,Mozambique,4.36,414.4,0.535
2024-12-01,Capesize,Mozambique,4.29,410.6,0.383
2024-12-02,Capesize,Mozambique,4.65,418.0,0.664
2024-12-03,Capesize,Mozambique,4.53,396.3,0.456
2024-12-04,Capesize,Mozambique,4.78,404.2,0.793
2024-12-05,Capesize,Mozambique,5.02,430.3,0.545
2024-12-06,Capesize,Mozambique,5.25,432.6,0.411
2024-12-07,Capesize,Mozambique,4.89,414.7,0.594
2024-12-08,Capesize,Mozambique,5.33,403.2,0.76
2024-12-09,Capesize,Mozambique,4.98,394.6,0.729
2024-12-10,Capesize,Mozambique,4.79,420.5,0.415
2024-12-11,Capesize,Mozambique,4.48,400.8,0.382
2024-12-12,Capesize,Mozambique,4.54,400.4,0.61
2024-12-13,Capesize,Mozambique,4.69,415.3,0.581
2024-12-14,Capesize,Mozambique,4.73,422.4,0.476
2024-12-15,Capesize,Mozambique,4.95,383.0,0.644
2024-12-16,Capesize,Mozambique,5.16,417.7,0.672
2024-12-17,Capesize,Mozambique,5.23,410.3,0.362
2024-12-18,Capesize,Mozambique,5.12,409.3,0.422
2024-12-19,Capesize,Mozambique,5.59,401.6,0.639
2024-12-20,Capesize,Mozambique,5.55,409.5,0.411
2024-12-21,Capesize,Mozambique,5.52,393.7,0.71
2024-12-22,Capesize,Mozambique,5.52,403.6,0.406
2024-12-23,Capesize,Mozambique,5.42,421.0,0.701
2024-12-24,Capesize,Mozambique,5.6,412.2,0.354
2024-12-25,Capesize,Mozambique,5.81,428.4,0.442
2024-12-26,Capesize,Mozambique,5.69,410.9,0.617
2024-12-27,Capesize,Mozambique,5.77,411.5,0.35
2024-12-28,Capesize,Mozambique,5.37,420.2,0.541
2024-12-29,Capesize,Mozambique,5.75,391.2,0.438
2024-12-30,Capesize,Mozambique,5.45,393.9,0.557
2024-12-31,Capesize,Mozambique,5.82,423.1,0.395
2025-01-01,Capesize,Mozambique,5.64,395.9,0.393
2025-01-02,Capesize,Mozambique,5.84,402.5,0.582
2025-01-03,Capesize,Mozambique,5.7,407.9,0.572
2025-01-04,Capesize,Mozambique,5.98,408.8,0.886
2025-01-05,Capesize,Mozambique,6.14,405.4,0.491
2025-01-06,Capesize,Mozambique,6.13,379.3,0.694
2025-01-07,Capesize,Mozambique,6.22,389.0,0.488
2025-01-08,Capesize,Mozambique,6.41,394.5,0.492
2025-01-09,Capesize,Mozambique,6.16,420.4,0.248
2025-01-10,Capesize,Mozambique,6.1,417.5,0.727
2025-01-11,Capesize,Mozambique,5.94,403.0,0.274
2025-01-12,Capesize,Mozambique,5.81,393.3,0.477
2025-01-13,Capesize,Mozambique,6.21,381.0,0.584
2025-01-14,Capesize,Mozambique,5.84,377.7,0.95
2025-01-15,Capesize,Mozambique,5.77,407.0,0.514
2025-01-16,Capesize,Mozambique,5.98,397.2,0.423
2025-01-17,Capesize,Mozambique,6.02,380.9,0.682
2025-01-18,Capesize,Mozambique,6.09,394.3,0.616
2025-01-19,Capesize,Mozambique,5.7,387.0,0.185
2025-01-20,Capesize,Mozambique,5.7,387.5,0.79
2025-01-21,Capesize,Mozambique,5.32,380.6,0.621
2025-01-22,Capesize,Mozambique,5.34,417.8,0.714
2025-01-23,Capesize,Mozambique,5.06,383.5,0.599
2025-01-24,Capesize,Mozambique,5.37,401.5,0.36
2025-01-25,Capesize,Mozambique,5.46,397.6,0.386
2025-01-26,Capesize,Mozambique,5.5,401.2,0.574
2025-01-27,Capesize,Mozambique,5.45,411.4,0.433
2025-01-28,Capesize,Mozambique,5.36,389.7,0.705
2025-01-29,Capesize,Mozambique,5.46,410.7,0.723
2025-01-30,Capesize,Mozambique,5.77,419.7,0.218
2025-01-31,Capesize,Mozambique,5.92,394.6,0.639
2025-02-01,Capesize,Mozambique,5.97,393.8,0.554
2025-02-02,Capesize,Mozambique,6.51,429.2,0.432
2025-02-03,Capesize,Mozambique,6.59,451.7,0.41
2025-02-04,Capesize,Mozambique,6.8,376.8,0.714
2025-02-05,Capesize,Mozambique,6.83,390.4,0.504
2025-02-06,Capesize,Mozambique,6.65,401.2,0.583
2025-02-07,Capesize,Mozambique,6.74,389.9,0.459
2025-02-08,Capesize,Mozambique,6.88,399.2,0.261
2025-02-09,Capesize,Mozambique,6.69,413.9,0.099
2025-02-10,Capesize,Mozambique,6.63,412.3,0.138
2025-02-11,Capesize,Mozambique,6.43,412.7,0.716
2025-02-12,Capesize,Mozambique,6.46,403.9,0.71
2025-02-13,Capesize,Mozambique,6.77,408.4,0.418
2025-02-14,Capesize,Mozambique,6.68,405.9,0.666
2025-02-15,Capesize,Mozambique,6.49,420.2,0.453
2025-02-16,Capesize,Mozambique,6.39,382.3,0.535
2025-02-17,Capesize,Mozambique,6.3,397.9,0.757
2025-02-18,Capesize,Mozambique,6.76,414.9,0.751
2025-02-19,Capesize,Mozambique,6.94,413.6,0.493
2025-02-20,Capesize,Mozambique,7.33,406.2,0.122
2025-02-21,Capesize,Mozambique,7.4,403.1,0.355
2025-02-22,Capesize,Mozambique,7.22,405.2,0.346
2025-02-23,Capesize,Mozambique,7.3,397.6,0.545
2025-02-24,Capesize,Mozambique,7.43,385.7,0.5
2025-02-25,Capesize,Mozambique,7.37,387.7,0.446
2025-02-26,Capesize,Mozambique,7.33,390.5,0.412
2025-02-27,Capesize,Mozambique,7.3,381.1,0.656
2025-02-28,Capesize,Mozambique,7.24,387.9,0.509
2025-03-01,Capesize,Mozambique,7.16,411.4,0.492
2025-03-02,Capesize,Mozambique,7.19,382.7,0.391
2025-03-03,Capesize,Mozambique,7.25,402.8,0.331
2025-03-04,Capesize,Mozambique,7.42,388.1,0.819
2025-03-05,Capesize,Mozambique,7.32,392.7,0.409
2025-03-06,Capesize,Mozambique,7.25,428.2,0.307
2025-03-07,Capesize,Mozambique,7.59,402.5,0.508
2025-03-08,Capesize,Mozambique,7.57,372.7,0.322
2025-03-09,Capesize,Mozambique,7.49,384.9,0.585
2025-03-10,Capesize,Mozambique,7.28,398.4,0.547
2025-03-11,Capesize,Mozambique,7.08,361.9,0.488
2025-03-12,Capesize,Mozambique,7.18,377.3,0.372
2025-03-13,Capesize,Mozambique,7.29,395.4,0.194
2025-03-14,Capesize,Mozambique,7.45,392.1,0.624
2025-03-15,Capesize,Mozambique,7.48,377.1,0.205
2025-03-16,Capesize,Mozambique,7.55,418.3,0.405
2025-03-17,Capesize,Mozambique,7.66,388.1,0.569
2025-03-18,Capesize,Mozambique,7.81,376.2,0.523
2025-03-19,Capesize,Mozambique,7.73,389.2,0.365
2025-03-20,Capesize,Mozambique,7.64,423.5,0.578
2025-03-21,Capesize,Mozambique,7.55,379.0,0.303
2025-03-22,Capesize,Mozambique,7.52,395.7,0.555
2025-03-23,Capesize,Mozambique,7.31,382.7,0.473
2025-03-24,Capesize,Mozambique,7.24,404.0,0.422
2025-03-25,Capesize,Mozambique,7.42,405.1,0.446
2025-03-26,Capesize,Mozambique,7.4,377.4,0.226
2025-03-27,Capesize,Mozambique,7.47,408.1,0.255
2025-03-28,Capesize,Mozambique,7.68,403.8,0.39
2025-03-29,Capesize,Mozambique,8.01,381.7,0.0
2025-03-30,Capesize,Mozambique,7.91,387.9,0.286
2025-03-31,Capesize,Mozambique,7.8,371.8,0.515
2025-04-01,Capesize,Mozambique,7.84,412.3,0.639
2025-04-02,Capesize,Mozambique,7.92,397.1,0.508
2025-04-03,Capesize,Mozambique,7.77,366.7,0.383
2025-04-04,Capesize,Mozambique,7.53,391.0,0.252
2025-04-05,Capesize,Mozambique,7.59,404.7,0.324
2025-04-06,Capesize,Mozambique,7.37,375.5,0.351
2025-04-07,Capesize,Mozambique,7.35,408.2,0.084
2025-04-08,Capesize,Mozambique,7.26,398.4,0.553
2025-04-09,Capesize,Mozambique,7.28,369.3,0.34
2025-04-10,Capesize,Mozambique,7.48,408.6,0.754
2025-04-11,Capesize,Mozambique,7.3,388.6,0.452
2025-04-12,Capesize,Mozambique,7.32,385.2,0.715
2025-04-13,Capesize,Mozambique,7.09,384.1,0.61
2025-04-14,Capesize,Mozambique,6.96,408.6,0.571
2025-04-15,Capesize,Mozambique,6.85,344.3,0.438
2025-04-16,Capesize,Mozambique,6.85,385.8,0.514
2025-04-17,Capesize,Mozambique,7.14,389.9,0.379
2025-04-18,Capesize,Mozambique,7.09,376.2,0.622
2025-04-19,Capesize,Mozambique,7.3,395.4,0.31
2025-04-20,Capesize,Mozambique,7.1,370.4,0.538
2025-04-21,Capesize,Mozambique,6.99,396.8,0.572
2025-04-22,Capesize,Mozambique,6.96,387.6,0.522
2025-04-23,Capesize,Mozambique,6.88,392.4,0.477
2025-04-24,Capesize,Mozambique,7.14,393.6,0.41
2025-04-25,Capesize,Mozambique,7.08,388.6,0.464
2025-04-26,Capesize,Mozambique,7.12,387.4,0.664
2025-04-27,Capesize,Mozambique,6.71,417.1,0.335
2025-04-28,Capesize,Mozambique,6.78,412.7,0.725
2025-04-29,Capesize,Mozambique,6.8,383.3,0.568
2025-04-30,Capesize,Mozambique,6.63,386.6,0.405
2025-05-01,Capesize,Mozambique,6.53,388.1,0.051
2025-05-02,Capesize,Mozambique,6.29,379.5,0.152
2025-05-03,Capesize,Mozambique,6.38,399.1,0.302
2025-05-04,Capesize,Mozambique,6.47,401.2,0.331
2025-05-05,Capesize,Mozambique,6.49,381.8,0.431
2025-05-06,Capesize,Mozambique,6.66,415.9,0.314
2025-05-07,Capesize,Mozambique,6.51,370.6,0.09
2025-05-08,Capesize,Mozambique,6.55,411.4,0.497
2025-05-09,Capesize,Mozambique,6.56,376.5,0.406
2025-05-10,Capesize,Mozambique,6.33,382.8,0.584
2025-05-11,Capesize,Mozambique,5.91,379.2,0.327
2025-05-12,Capesize,Mozambique,5.6,401.2,0.235
2025-05-13,Capesize,Mozambique,5.56,425.1,0.303
2025-05-14,Capesize,Mozambique,5.46,365.1,0.242
2025-05-15,Capesize,Mozambique,5.71,400.7,0.435
2025-05-16,Capesize,Mozambique,5.79,374.3,0.429
2025-05-17,Capesize,Mozambique,5.85,392.8,0.347
2025-05-18,Capesize,Mozambique,5.86,377.3,0.184
2025-05-19,Capesize,Mozambique,5.83,377.9,0.546
2025-05-20,Capesize,Mozambique,5.93,359.1,0.292
2025-05-21,Capesize,Mozambique,5.93,364.4,0.413
2025-05-22,Capesize,Mozambique,5.93,419.0,0.426
2025-05-23,Capesize,Mozambique,5.84,374.7,0.309
2025-05-24,Capesize,Mozambique,5.75,393.3,0.353
2025-05-25,Capesize,Mozambique,5.68,414.0,0.255
2025-05-26,Capesize,Mozambique,5.63,381.6,0.386
2025-05-27,Capesize,Mozambique,5.89,376.9,0.274
2025-05-28,Capesize,Mozambique,5.84,385.9,0.532
2025-05-29,Capesize,Mozambique,5.89,405.0,0.242
2025-05-30,Capesize,Mozambique,5.63,368.1,0.437
2025-05-31,Capesize,Mozambique,5.54,405.7,0.052
2025-06-01,Capesize,Mozambique,5.46,387.2,0.515
2025-06-02,Capesize,Mozambique,5.26,387.3,0.264
2025-06-03,Capesize,Mozambique,5.14,367.5,0.148
2025-06-04,Capesize,Mozambique,5.04,426.0,0.482
2025-06-05,Capesize,Mozambique,5.34,405.2,0.303
2025-06-06,Capesize,Mozambique,5.41,384.5,0.446
2025-06-07,Capesize,Mozambique,5.37,385.4,0.523
2025-06-08,Capesize,Mozambique,5.37,374.2,0.197
2025-06-09,Capesize,Mozambique,5.32,378.7,0.449
2025-06-10,Capesize,Mozambique,5.43,375.3,0.335
2025-06-11,Capesize,Mozambique,5.7,399.8,0.369
2025-06-12,Capesize,Mozambique,5.6,382.6,0.331
2025-06-13,Capesize,Mozambique,5.63,418.4,0.423
2025-06-14,Capesize,Mozambique,5.7,366.3,0.256
2025-06-15,Capesize,Mozambique,5.47,381.7,0.181
2025-06-16,Capesize,Mozambique,5.43,397.0,0.311
2025-06-17,Capesize,Mozambique,5.5,387.9,0.349
2025-06-18,Capesize,Mozambique,5.39,384.5,0.366
2025-06-19,Capesize,Mozambique,5.56,392.6,0.032
2025-06-20,Capesize,Mozambique,5.88,386.6,0.332
2025-06-21,Capesize,Mozambique,5.82,379.3,0.484
2025-06-22,Capesize,Mozambique,5.69,389.5,0.416
2025-06-23,Capesize,Mozambique,5.88,389.0,0.475
2025-06-24,Capesize,Mozambique,5.87,415.7,0.319
2025-06-25,Capesize,Mozambique,5.73,399.7,0.648
2025-06-26,Capesize,Mozambique,5.55,413.7,0.458
2025-06-27,Capesize,Mozambique,5.84,414.7,0.495
2025-06-28,Capesize,Mozambique,5.84,364.6,0.2
2025-06-29,Capesize,Mozambique,5.92,415.5,0.185
2025-06-30,Capesize,Mozambique,5.97,393.2,0.674
2025-07-01,Capesize,Mozambique,5.85,379.7,0.148
2025-07-02,Capesize,Mozambique,5.83,365.6,0.359
2025-07-03,Capesize,Mozambique,5.95,435.5,0.225
2025-07-04,Capesize,Mozambique,5.97,390.7,0.259
2025-07-05,Capesize,Mozambique,6.01,400.6,0.186
2025-07-06,Capesize,Mozambique,5.83,386.9,0.44
2025-07-07,Capesize,Mozambique,5.69,371.3,0.405
2025-07-08,Capesize,Mozambique,5.65,406.0,0.159
2025-07-09,Capesize,Mozambique,5.56,392.1,0.041
2025-07-10,Capesize,Mozambique,5.67,410.0,0.15
2025-07-11,Capesize,Mozambique,5.53,408.4,0.456
2025-07-12,Capesize,Mozambique,5.66,371.5,0.361
2025-07-13,Capesize,Mozambique,5.33,412.8,0.174
2025-07-14,Capesize,Mozambique,5.27,397.5,0.493
2025-07-15,Capesize,Mozambique,5.09,415.6,0.0
2025-07-16,Capesize,Mozambique,4.73,391.7,0.104
2025-07-17,Capesize,Mozambique,4.96,407.1,0.285
2025-07-18,Capesize,Mozambique,4.54,385.3,0.078
2025-07-19,Capesize,Mozambique,4.43,379.2,0.411
2025-07-20,Capesize,Mozambique,4.55,372.3,0.423
2025-07-21,Capesize,Mozambique,4.9,422.6,0.483
2025-07-22,Capesize,Mozambique,5.17,402.2,0.317
2025-07-23,Capesize,Mozambique,4.78,385.2,0.122
2025-07-24,Capesize,Mozambique,4.92,384.7,0.318
2025-07-25,Capesize,Mozambique,4.79,415.0,0.363
2025-07-26,Capesize,Mozambique,5.18,395.1,0.271
2025-07-27,Capesize,Mozambique,4.92,365.3,0.174
2025-07-28,Capesize,Mozambique,5.29,400.6,0.15
2025-07-29,Capesize,Mozambique,4.92,396.8,0.34
2025-07-30,Capesize,Mozambique,5.06,407.4,0.292
2025-07-31,Capesize,Mozambique,5.13,414.0,0.099
2025-08-01,Capesize,Mozambique,4.85,407.1,0.086
2025-08-02,Capesize,Mozambique,5.14,399.1,0.002
2025-08-03,Capesize,Mozambique,5.17,408.1,0.27
2025-08-04,Capesize,Mozambique,5.45,378.2,0.479
2025-08-05,Capesize,Mozambique,5.45,398.9,0.31
2025-08-06,Capesize,Mozambique,5.69,405.0,0.449
2025-08-07,Capesize,Mozambique,5.59,390.0,0.107
2025-08-08,Capesize,Mozambique,5.92,391.7,0.182
2025-08-09,Capesize,Mozambique,6.06,399.4,0.0
2025-08-10,Capesize,Mozambique,6.32,406.0,0.303
2025-08-11,Capesize,Mozambique,6.12,394.1,0.38
2025-08-12,Capesize,Mozambique,6.23,407.1,0.277
2025-08-13,Capesize,Mozambique,5.94,384.3,0.479
2025-08-14,Capesize,Mozambique,5.79,396.1,0.011
2025-08-15,Capesize,Mozambique,5.72,410.3,0.536
2025-08-16,Capesize,Mozambique,5.67,402.8,0.0
2025-08-17,Capesize,Mozambique,5.56,383.9,0.179
2025-08-18,Capesize,Mozambique,4.88,406.3,0.255
2025-08-19,Capesize,Mozambique,4.9,389.7,0.262
2025-08-20,Capesize,Mozambique,4.59,407.6,0.339
2025-08-21,Capesize,Mozambique,5.04,385.1,0.187
2025-08-22,Capesize,Mozambique,5.01,388.2,0.156
2025-08-23,Capesize,Mozambique,5.24,397.9,0.305
2025-08-24,Capesize,Mozambique,5.32,418.9,0.462
2025-08-25,Capesize,Mozambique,5.3,390.2,0.056
2025-08-26,Capesize,Mozambique,4.95,380.4,0.276
2025-08-27,Capesize,Mozambique,5.13,390.7,0.316
2025-08-28,Capesize,Mozambique,5.3,438.9,0.334
2025-08-29,Capesize,Mozambique,5.81,412.1,0.138
2025-08-30,Capesize,Mozambique,5.72,418.5,0.068
2025-08-31,Capesize,Mozambique,5.57,426.7,0.032
2025-09-01,Capesize,Mozambique,5.54,402.8,0.31
2025-09-02,Capesize,Mozambique,5.74,411.4,0.494
2025-09-03,Capesize,Mozambique,5.43,418.1,0.0
2025-09-04,Capesize,Mozambique,5.63,425.3,0.012
2025-09-05,Capesize,Mozambique,5.47,389.4,0.041
2025-09-06,Capesize,Mozambique,5.61,374.5,0.079
2025-09-07,Capesize,Mozambique,5.6,410.1,0.06
2025-09-08,Capesize,Mozambique,5.44,433.7,0.268
2025-09-09,Capesize,Mozambique,5.35,400.1,0.374
2025-09-10,Capesize,Mozambique,5.05,411.7,0.43
2025-09-11,Capesize,Mozambique,5.2,406.3,0.339
2025-09-12,Capesize,Mozambique,5.18,401.5,0.0
2025-09-13,Capesize,Mozambique,4.58,419.4,0.078
2025-09-14,Capesize,Mozambique,4.69,395.9,0.45
2025-09-15,Capesize,Mozambique,5.17,409.6,0.354
2025-09-16,Capesize,Mozambique,5.25,426.4,0.205
2025-09-17,Capesize,Mozambique,5.04,403.8,0.417
2025-09-18,Capesize,Mozambique,4.92,435.6,0.286
2025-09-19,Capesize,Mozambique,4.84,416.6,0.166
2025-09-20,Capesize,Mozambique,4.73,402.1,0.245
2025-09-21,Capesize,Mozambique,4.42,412.4,0.556
2025-09-22,Capesize,Mozambique,4.57,388.1,0.282
2025-09-23,Capesize,Mozambique,4.84,418.6,0.168
2025-09-24,Capesize,Mozambique,4.78,413.9,0.48
2025-09-25,Capesize,Mozambique,5.1,421.4,0.266
2025-09-26,Capesize,Mozambique,5.25,426.8,0.071
2025-09-27,Capesize,Mozambique,5.52,416.0,0.585
2025-09-28,Capesize,Mozambique,5.29,400.8,0.147
2025-09-29,Capesize,Mozambique,5.46,397.9,0.335
2025-09-30,Capesize,Mozambique,5.74,396.7,0.348
2025-10-01,Capesize,Mozambique,5.18,437.8,0.244
2025-10-02,Capesize,Mozambique,5.09,415.3,0.226
2025-10-03,Capesize,Mozambique,5.13,397.1,0.132
2025-10-04,Capesize,Mozambique,5.39,414.8,0.218
2025-10-05,Capesize,Mozambique,5.53,410.4,0.356
2025-10-06,Capesize,Mozambique,5.98,410.2,0.123
2025-10-07,Capesize,Mozambique,5.79,401.3,0.269
2025-10-08,Capesize,Mozambique,6.04,400.4,0.507
2025-10-09,Capesize,Mozambique,6.49,415.6,0.406
2025-10-10,Capesize,Mozambique,6.26,417.7,0.526
2025-10-11,Capesize,Mozambique,6.04,401.6,0.338
2025-10-12,Capesize,Mozambique,6.09,401.8,0.364
2025-10-13,Capesize,Mozambique,6.43,399.7,0.528
2025-10-14,Capesize,Mozambique,6.07,410.4,0.392
2025-10-15,Capesize,Mozambique,6.05,443.6,0.121
2025-10-16,Capesize,Mozambique,6.16,405.6,0.318
2025-10-17,Capesize,Mozambique,6.02,451.4,0.0
2025-10-18,Capesize,Mozambique,6.35,444.9,0.08
2025-10-19,Capesize,Mozambique,6.39,440.0,0.107
2025-10-20,Capesize,Mozambique,5.89,424.6,0.396
2025-10-21,Capesize,Mozambique,5.75,416.8,0.22
2025-10-22,Capesize,Mozambique,5.3,388.0,0.329
2025-10-23,Capesize,Mozambique,5.53,382.6,0.675
2025-10-24,Capesize,Mozambique,5.92,437.8,0.275
2025-10-25,Capesize,Mozambique,5.83,416.3,0.396
2025-10-26,Capesize,Mozambique,5.63,436.1,0.267
2025-10-27,Capesize,Mozambique,5.52,389.9,0.402
2025-10-28,Capesize,Mozambique,5.27,414.4,0.192
2025-10-29,Capesize,Mozambique,5.02,410.8,0.699
2025-10-30,Capesize,Mozambique,5.25,427.5,0.3
2025-10-31,Capesize,Mozambique,5.07,399.0,0.291
2025-11-01,Capesize,Mozambique,4.53,404.4,0.18
2025-11-02,Capesize,Mozambique,4.46,408.1,0.065
2025-11-03,Capesize,Mozambique,4.52,434.1,0.152
2025-11-04,Capesize,Mozambique,4.76,404.9,0.234
2025-11-05,Capesize,Mozambique,5.41,414.1,0.293
2025-11-06,Capesize,Mozambique,5.64,434.7,0.212
2025-11-07,Capesize,Mozambique,5.53,427.0,0.366
2025-11-08,Capesize,Mozambique,5.34,436.7,0.44
2025-11-09,Capesize,Mozambique,5.47,413.1,0.449
2025-11-10,Capesize,Mozambique,5.51,447.9,0.614
2025-11-11,Capesize,Mozambique,5.67,412.0,0.3
2025-11-12,Capesize,Mozambique,5.93,462.9,0.423
2025-11-13,Capesize,Mozambique,6.16,411.4,0.182
2025-11-14,Capesize,Mozambique,6.14,427.1,0.233
2025-11-15,Capesize,Mozambique,6.08,434.2,0.122
2025-11-16,Capesize,Mozambique,5.76,440.6,0.0
2025-11-17,Capesize,Mozambique,6.02,433.9,0.523
2025-11-18,Capesize,Mozambique,5.98,433.0,0.096
2025-11-19,Capesize,Mozambique,5.68,437.7,0.412
2025-11-20,Capesize,Mozambique,5.32,411.7,0.564
2025-11-21,Capesize,Mozambique,5.42,397.2,0.441
2025-11-22,Capesize,Mozambique,5.3,445.0,0.477
2025-11-23,Capesize,Mozambique,5.3,382.2,0.143
2025-11-24,Capesize,Mozambique,5.4,432.3,0.219
2025-11-25,Capesize,Mozambique,5.03,419.2,0.264
2025-11-26,Capesize,Mozambique,5.38,413.8,0.55
2025-11-27,Capesize,Mozambique,5.4,429.6,0.418
2025-11-28,Capesize,Mozambique,5.58,419.3,0.326
2025-11-29,Capesize,Mozambique,5.75,401.7,0.192
2025-11-30,Capesize,Mozambique,5.83,433.2,0.54
2025-12-01,Capesize,Mozambique,5.92,440.4,0.231
2025-12-02,Capesize,Mozambique,5.87,417.8,0.197
2025-12-03,Capesize,Mozambique,6.07,442.7,0.421
2025-12-04,Capesize,Mozambique,6.34,453.9,0.633
2025-12-05,Capesize,Mozambique,6.12,434.7,0.296
2025-12-06,Capesize,Mozambique,6.42,446.5,0.013
2025-12-07,Capesize,Mozambique,6.77,461.1,0.622
2025-12-08,Capesize,Mozambique,7.18,432.2,0.477
2025-12-09,Capesize,Mozambique,7.44,416.2,0.151
2025-12-10,Capesize,Mozambique,7.57,409.0,0.474
2025-12-11,Capesize,Mozambique,7.52,443.6,0.203
2025-12-12,Capesize,Mozambique,7.22,445.1,0.282
2025-12-13,Capesize,Mozambique,7.13,437.8,0.321
2025-12-14,Capesize,Mozambique,6.98,413.6,0.446
2025-12-15,Capesize,Mozambique,6.97,439.9,0.32
2025-12-16,Capesize,Mozambique,7.51,439.9,0.471
2025-12-17,Capesize,Mozambique,7.54,411.9,0.268
2025-12-18,Capesize,Mozambique,7.48,421.2,0.359
2025-12-19,Capesize,Mozambique,7.53,425.9,0.105
2025-12-20,Capesize,Mozambique,7.95,450.3,0.251
2025-12-21,Capesize,Mozambique,7.53,418.1,0.203
2025-12-22,Capesize,Mozambique,8.05,447.9,0.39
2025-12-23,Capesize,Mozambique,8.58,449.9,0.318
2025-12-24,Capesize,Mozambique,8.14,439.1,0.371
2025-12-25,Capesize,Mozambique,8.23,461.3,0.086
2025-12-26,Capesize,Mozambique,8.36,445.0,0.411
2025-12-27,Capesize,Mozambique,8.05,420.2,0.305
2025-12-28,Capesize,Mozambique,8.14,441.4,0.533
2025-12-29,Capesize,Mozambique,8.03,473.9,0.381
2025-12-30,Capesize,Mozambique,8.09,444.9,0.397
2023-01-01,Capesize,Russia,7.21,466.0,0.44
2023-01-02,Capesize,Russia,7.32,452.7,0.247
2023-01-03,Capesize,Russia,7.3,448.4,0.138
2023-01-04,Capesize,Russia,7.29,468.9,0.526
2023-01-05,Capesize,Russia,7.3,454.8,0.616
2023-01-06,Capesize,Russia,7.12,434.3,0.538
2023-01-07,Capesize,Russia,7.33,446.3,0.167
2023-01-08,Capesize,Russia,7.32,439.5,0.332
2023-01-09,Capesize,Russia,7.55,443.5,0.477
2023-01-10,Capesize,Russia,7.62,453.3,0.204
2023-01-11,Capesize,Russia,7.76,476.5,0.447
2023-01-12,Capesize,Russia,7.62,439.6,0.329
2023-01-13,Capesize,Russia,7.55,457.0,0.457
2023-01-14,Capesize,Russia,7.61,465.6,0.459
2023-01-15,Capesize,Russia,7.64,449.7,0.444
2023-01-16,Capesize,Russia,7.34,458.9,0.584
2023-01-17,Capesize,Russia,7.39,438.1,0.366
2023-01-18,Capesize,Russia,7.45,450.5,0.478
2023-01-19,Capesize,Russia,7.48,456.5,0.649
2023-01-20,Capesize,Russia,7.67,460.4,0.464
2023-01-21,Capesize,Russia,7.44,452.6,0.544
2023-01-22,Capesize,Russia,7.43,441.3,0.153
2023-01-23,Capesize,Russia,7.24,476.9,0.42
2023-01-24,Capesize,Russia,7.47,482.6,0.38
2023-01-25,Capesize,Russia,7.6,460.1,0.459
2023-01-26,Capesize,Russia,7.59,458.9,0.623
2023-01-27,Capesize,Russia,7.57,455.5,0.308
2023-01-28,Capesize,Russia,7.63,457.1,0.354
2023-01-29,Capesize,Russia,7.7,464.4,0.675
2023-01-30,Capesize,Russia,7.52,436.7,0.549
2023-01-31,Capesize,Russia,7.41,461.7,0.586
2023-02-01,Capesize,Russia,7.16,464.7,0.407
2023-02-02,Capesize,Russia,7.57,484.7,0.441
2023-02-03,Capesize,Russia,7.47,459.6,0.232
2023-02-04,Capesize,Russia,7.53,488.7,0.485
2023-02-05,Capesize,Russia,7.43,482.1,0.676
2023-02-06,Capesize,Russia,7.6,484.9,0.416
2023-02-07,Capesize,Russia,7.71,438.2,0.524
2023-02-08,Capesize,Russia,7.87,456.1,0.678
2023-02-09,Capesize,Russia,7.67,448.9,0.319
2023-02-10,Capesize,Russia,7.59,476.7,0.419
2023-02-11,Capesize,Russia,7.68,440.7,0.526
2023-02-12,Capesize,Russia,7.64,476.5,0.419
2023-02-13,Capesize,Russia,7.54,459.9,0.294
2023-02-14,Capesize,Russia,7.54,457.4,0.312
2023-02-15,Capesize,Russia,7.81,460.3,0.564
2023-02-16,Capesize,Russia,7.99,468.8,0.323
2023-02-17,Capesize,Russia,7.99,450.8,0.451
2023-02-18,Capesize,Russia,7.71,474.4,0.483
2023-02-19,Capesize,Russia,7.55,500.8,0.479
2023-02-20,Capesize,Russia,7.57,489.9,0.197
2023-02-21,Capesize,Russia,7.55,473.5,0.469
2023-02-22,Capesize,Russia,7.45,454.5,0.724
2023-02-23,Capesize,Russia,7.5,449.3,0.339
2023-02-24,Capesize,Russia,7.54,477.5,0.221
2023-02-25,Capesize,Russia,7.65,445.0,0.704
2023-02-26,Capesize,Russia,7.7,472.7,0.332
2023-02-27,Capesize,Russia,7.65,472.8,0.534
2023-02-28,Capesize,Russia,7.72,459.5,0.649
2023-03-01,Capesize,Russia,7.81,474.2,0.438
2023-03-02,Capesize,Russia,8.07,486.7,0.45
2023-03-03,Capesize,Russia,7.79,470.7,0.62
2023-03-04,Capesize,Russia,7.65,463.1,0.54
2023-03-05,Capesize,Russia,7.66,462.9,0.485
2023-03-06,Capesize,Russia,7.8,482.8,0.552
2023-03-07,Capesize,Russia,7.76,479.4,0.71
2023-03-08,Capesize,Russia,7.82,488.9,0.487
2023-03-09,Capesize,Russia,7.88,453.1,0.371
2023-03-10,Capesize,Russia,7.8,466.1,0.664
2023-03-11,Capesize,Russia,7.72,453.5,0.578
2023-03-12,Capesize,Russia,7.83,464.5,0.424
2023-03-13,Capesize,Russia,7.88,461.6,0.365
2023-03-14,Capesize,Russia,7.59,475.6,0.418
2023-03-15,Capesize,Russia,7.53,473.0,0.493
2023-03-16,Capesize,Russia,7.65,455.7,0.574
2023-03-17,Capesize,Russia,7.75,490.8,0.49
2023-03-18,Capesize,Russia,7.65,484.0,0.447
2023-03-19,Capesize,Russia,7.85,452.8,0.628
2023-03-20,Capesize,Russia,7.84,464.2,0.295
2023-03-21,Capesize,Russia,7.95,447.0,0.552
2023-03-22,Capesize,Russia,7.69,444.6,0.291
2023-03-23,Capesize,Russia,7.52,443.5,0.413
2023-03-24,Capesize,Russia,7.59,487.8,0.342
2023-03-25,Capesize,Russia,7.36,478.0,0.377
2023-03-26,Capesize,Russia,7.55,488.4,0.28
2023-03-27,Capesize,Russia,7.66,468.1,0.424
2023-03-28,Capesize,Russia,7.72,501.3,0.555
2023-03-29,Capesize,Russia,7.6,496.7,0.496
2023-03-30,Capesize,Russia,7.68,453.5,0.561
2023-03-31,Capesize,Russia,7.83,500.7,0.612
2023-04-01,Capesize,Russia,7.78,473.4,0.442
2023-04-02,Capesize,Russia,7.83,480.4,0.586
2023-04-03,Capesize,Russia,7.68,487.7,0.532
2023-04-04,Capesize,Russia,7.65,470.1,0.347
2023-04-05,Capesize,Russia,7.64,475.3,0.739
2023-04-06,Capesize,Russia,7.66,500.5,0.62
2023-04-07,Capesize,Russia,7.62,490.6,0.846
2023-04-08,Capesize,Russia,7.66,460.1,0.573
2023-04-09,Capesize,Russia,7.48,491.7,0.408
2023-04-10,Capesize,Russia,7.54,473.3,0.36
2023-04-11,Capesize,Russia,7.79,461.4,0.451
2023-04-12,Capesize,Russia,7.76,465.7,0.258
2023-04-13,Capesize,Russia,7.87,466.9,0.307
2023-04-14,Capesize,Russia,7.94,485.8,0.278
2023-04-15,Capesize,Russia,8.18,479.5,0.573
2023-04-16,Capesize,Russia,8.11,499.5,0.247
2023-04-17,Capesize,Russia,8.27,499.5,0.413
2023-04-18,Capesize,Russia,8.21,477.7,0.643
2023-04-19,Capesize,Russia,8.04,507.7,0.74
2023-04-20,Capesize,Russia,8.08,474.3,0.663
2023-04-21,Capesize,Russia,8.09,494.7,0.529
2023-04-22,Capesize,Russia,8.13,474.5,0.774
2023-04-23,Capesize,Russia,8.0,491.3,0.226
2023-04-24,Capesize,Russia,8.01,485.3,0.328
2023-04-25,Capesize,Russia,8.07,477.5,0.587
2023-04-26,Capesize,Russia,8.06,488.6,0.649
2023-04-27,Capesize,Russia,8.09,471.8,0.378
2023-04-28,Capesize,Russia,8.09,480.6,0.828
2023-04-29,Capesize,Russia,8.07,476.8,0.555
2023-04-30,Capesize,Russia,7.82,503.2,0.649
2023-05-01,Capesize,Russia,7.73,488.7,0.397
2023-05-02,Capesize,Russia,7.73,508.8,0.494
2023-05-03,Capesize,Russia,7.69,470.6,0.653
2023-05-04,Capesize,Russia,7.71,494.4,0.564
2023-05-05,Capesize,Russia,7.71,519.6,0.681
2023-05-06,Capesize,Russia,7.72,477.6,0.456
2023-05-07,Capesize,Russia,7.88,506.9,0.572
2023-05-08,Capesize,Russia,7.84,490.3,0.542
2023-05-09,Capesize,Russia,7.55,473.4,0.458
2023-05-10,Capesize,Russia,7.56,512.9,0.515
2023-05-11,Capesize,Russia,7.58,499.5,0.545
2023-05-12,Capesize,Russia,7.55,500.8,0.824
2023-05-13,Capesize,Russia,7.62,483.4,0.721
2023-05-14,Capesize,Russia,7.73,467.1,0.503
2023-05-15,Capesize,Russia,7.67,468.5,0.4
2023-05-16,Capesize,Russia,7.71,501.3,0.584
2023-05-17,Capesize,Russia,7.53,497.8,0.618
2023-05-18,Capesize,Russia,7.36,461.0,0.686
2023-05-19,Capesize,Russia,7.19,475.5,0.696
2023-05-20,Capesize,Russia,7.2,494.1,0.752
2023-05-21,Capesize,Russia,7.21,500.5,0.37
2023-05-22,Capesize,Russia,7.1,483.7,0.295
2023-05-23,Capesize,Russia,7.2,473.5,0.379
2023-05-24,Capesize,Russia,7.52,517.5,0.536
2023-05-25,Capesize,Russia,7.58,467.0,0.376
2023-05-26,Capesize,Russia,7.62,461.1,0.469
2023-05-27,Capesize,Russia,7.74,488.0,0.507
2023-05-28,Capesize,Russia,7.75,477.5,0.396
2023-05-29,Capesize,Russia,7.81,499.7,0.663
2023-05-30,Capesize,Russia,7.78,516.6,0.654
2023-05-31,Capesize,Russia,7.8,474.2,0.523
2023-06-01,Capesize,Russia,7.85,509.8,0.731
2023-06-02,Capesize,Russia,7.58,543.1,0.505
2023-06-03,Capesize,Russia,7.43,518.2,0.389
2023-06-04,Capesize,Russia,7.64,486.6,0.68
2023-06-05,Capesize,Russia,7.6,482.6,0.581
2023-06-06,Capesize,Russia,7.38,485.3,0.376
2023-06-07,Capesize,Russia,7.2,495.3,0.731
2023-06-08,Capesize,Russia,7.16,487.6,0.59
2023-06-09,Capesize,Russia,7.12,491.1,0.705
2023-06-10,Capesize,Russia,7.26,515.0,0.63
2023-06-11,Capesize,Russia,7.37,487.6,0.818
2023-06-12,Capesize,Russia,7.46,530.8,0.314
2023-06-13,Capesize,Russia,7.68,505.2,0.484
2023-06-14,Capesize,Russia,7.12,462.4,0.467
2023-06-15,Capesize,Russia,7.1,486.6,0.611
2023-06-16,Capesize,Russia,6.92,488.4,0.213
2023-06-17,Capesize,Russia,6.99,493.3,0.879
2023-06-18,Capesize,Russia,7.19,493.0,0.597
2023-06-19,Capesize,Russia,7.25,497.2,0.695
2023-06-20,Capesize,Russia,7.53,502.5,0.768
2023-06-21,Capesize,Russia,7.72,512.8,0.693
2023-06-22,Capesize,Russia,7.79,520.8,0.37
2023-06-23,Capesize,Russia,7.63,519.0,0.824
2023-06-24,Capesize,Russia,7.49,531.3,0.576
2023-06-25,Capesize,Russia,7.6,483.1,0.603
2023-06-26,Capesize,Russia,7.68,503.1,0.478
2023-06-27,Capesize,Russia,7.81,511.8,0.882
2023-06-28,Capesize,Russia,7.72,493.3,0.527
2023-06-29,Capesize,Russia,7.89,478.4,0.67
2023-06-30,Capesize,Russia,7.9,481.2,0.472
2023-07-01,Capesize,Russia,7.79,535.5,0.612
2023-07-02,Capesize,Russia,7.74,499.7,0.623
2023-07-03,Capesize,Russia,7.66,512.9,0.589
2023-07-04,Capesize,Russia,7.69,492.7,0.463
2023-07-05,Capesize,Russia,7.44,481.6,0.396
2023-07-06,Capesize,Russia,7.43,513.2,0.629
2023-07-07,Capesize,Russia,7.54,506.3,0.406
2023-07-08,Capesize,Russia,7.71,480.9,0.289
2023-07-09,Capesize,Russia,7.66,486.2,0.591
2023-07-10,Capesize,Russia,7.49,503.9,0.273
2023-07-11,Capesize,Russia,7.54,511.7,0.662
2023-07-12,Capesize,Russia,7.37,499.8,0.604
2023-07-13,Capesize,Russia,7.4,513.2,0.416
2023-07-14,Capesize,Russia,7.22,478.7,0.588
2023-07-15,Capesize,Russia,7.18,514.1,0.532
2023-07-16,Capesize,Russia,7.13,491.1,0.306
2023-07-17,Capesize,Russia,7.26,509.2,0.436
2023-07-18,Capesize,Russia,7.11,489.3,0.495
2023-07-19,Capesize,Russia,6.96,487.0,0.64
2023-07-20,Capesize,Russia,6.99,494.8,0.578
2023-07-21,Capesize,Russia,7.08,491.3,0.459
2023-07-22,Capesize,Russia,7.15,506.0,0.673
2023-07-23,Capesize,Russia,6.97,493.3,0.442
2023-07-24,Capesize,Russia,7.12,501.0,0.224
2023-07-25,Capesize,Russia,6.9,497.9,0.588
2023-07-26,Capesize,Russia,6.92,521.9,0.404
2023-07-27,Capesize,Russia,6.98,491.0,0.516
2023-07-28,Capesize,Russia,6.86,512.9,0.41
2023-07-29,Capesize,Russia,6.88,524.7,0.278
2023-07-30,Capesize,Russia,6.53,514.2,0.536
2023-07-31,Capesize,Russia,6.38,489.4,0.512
2023-08-01,Capesize,Russia,6.38,507.5,0.511
2023-08-02,Capesize,Russia,6.43,521.8,0.698
2023-08-03,Capesize,Russia,6.5,488.2,0.476
2023-08-04,Capesize,Russia,6.54,503.0,0.458
2023-08-05,Capesize,Russia,6.76,492.3,0.98
2023-08-06,Capesize,Russia,6.7,495.8,0.33
2023-08-07,Capesize,Russia,6.86,509.8,0.731
2023-08-08,Capesize,Russia,6.82,500.3,0.394
2023-08-09,Capesize,Russia,6.63,515.0,0.553
2023-08-10,Capesize,Russia,6.49,523.9,0.433
2023-08-11,Capesize,Russia,6.55,523.0,0.551
2023-08-12,Capesize,Russia,6.66,499.6,0.494
2023-08-13,Capesize,Russia,6.8,502.8,0.462
2023-08-14,Capesize,Russia,6.73,505.3,0.5
2023-08-15,Capesize,Russia,6.97,508.4,0.386
2023-08-16,Capesize,Russia,6.85,502.9,0.263
2023-08-17,Capesize,Russia,6.96,508.0,0.266
2023-08-18,Capesize,Russia,6.96,497.5,0.577
2023-08-19,Capesize,Russia,7.04,479.7,0.539
2023-08-20,Capesize,Russia,6.86,511.3,0.35
2023-08-21,Capesize,Russia,6.65,510.6,0.51
2023-08-22,Capesize,Russia,6.62,496.0,0.585
2023-08-23,Capesize,Russia,6.46,505.0,0.606
2023-08-24,Capesize,Russia,6.33,499.7,0.326
2023-08-25,Capesize,Russia,6.37,504.8,0.317
2023-08-26,Capesize,Russia,6.25,510.3,0.78
2023-08-27,Capesize,Russia,6.2,500.4,0.522
2023-08-28,Capesize,Russia,6.18,488.3,0.415
2023-08-29,Capesize,Russia,6.4,524.3,0.457
2023-08-30,Capesize,Russia,6.28,515.4,0.551
2023-08-31,Capesize,Russia,6.23,512.0,0.36
2023-09-01,Capesize,Russia,6.16,512.7,0.599
2023-09-02,Capesize,Russia,6.41,533.4,0.374
2023-09-03,Capesize,Russia,6.28,483.4,0.559
2023-09-04,Capesize,Russia,6.16,487.7,0.392
2023-09-05,Capesize,Russia,6.27,512.9,0.48
2023-09-06,Capesize,Russia,6.17,520.7,0.425
2023-09-07,Capesize,Russia,6.22,511.1,0.711
2023-09-08,Capesize,Russia,6.17,510.1,0.285
2023-09-09,Capesize,Russia,6.17,498.1,0.264
2023-09-10,Capesize,Russia,6.4,519.8,0.549
2023-09-11,Capesize,Russia,6.45,505.5,0.468
2023-09-12,Capesize,Russia,6.17,516.9,0.712
2023-09-13,Capesize,Russia,6.19,506.1,0.607
2023-09-14,Capesize,Russia,6.58,547.8,0.398
2023-09-15,Capesize,Russia,6.63,517.8,0.598
2023-09-16,Capesize,Russia,6.69,517.6,0.428
2023-09-17,Capesize,Russia,6.59,488.5,0.62
2023-09-18,Capesize,Russia,6.19,513.9,0.429
2023-09-19,Capesize,Russia,6.45,501.0,0.427
2023-09-20,Capesize,Russia,6.34,517.7,0.356
2023-09-21,Capesize,Russia,6.32,489.9,0.406
2023-09-22,Capesize,Russia,6.44,494.7,0.555
2023-09-23,Capesize,Russia,6.19,516.1,0.547
2023-09-24,Capesize,Russia,6.05,524.7,0.686
2023-09-25,Capesize,Russia,6.23,474.7,0.45
2023-09-26,Capesize,Russia,6.06,494.9,0.564
2023-09-27,Capesize,Russia,5.99,502.3,0.345
2023-09-28,Capesize,Russia,5.9,471.3,0.246
2023-09-29,Capesize,Russia,5.69,477.4,0.67
2023-09-30,Capesize,Russia,5.72,531.8,0.428
2023-10-01,Capesize,Russia,5.84,522.2,0.461
2023-10-02,Capesize,Russia,5.87,510.4,0.093
2023-10-03,Capesize,Russia,5.88,490.4,0.386
2023-10-04,Capesize,Russia,5.86,511.0,0.471
2023-10-05,Capesize,Russia,6.12,509.8,0.594
2023-10-06,Capesize,Russia,6.33,502.0,0.443
2023-10-07,Capesize,Russia,6.28,518.8,0.391
2023-10-08,Capesize,Russia,6.5,517.8,0.563
2023-10-09,Capesize,Russia,6.57,493.4,0.586
2023-10-10,Capesize,Russia,6.58,513.5,0.314
2023-10-11,Capesize,Russia,6.66,506.1,0.271
2023-10-12,Capesize,Russia,6.54,526.1,0.281
2023-10-13,Capesize,Russia,6.58,505.6,0.243
2023-10-14,Capesize,Russia,6.57,496.4,0.422
2023-10-15,Capesize,Russia,6.69,510.8,0.187
2023-10-16,Capesize,Russia,6.67,516.3,0.43
2023-10-17,Capesize,Russia,6.71,525.2,0.272
2023-10-18,Capesize,Russia,6.69,527.8,0.449
2023-10-19,Capesize,Russia,6.72,501.5,0.35
2023-10-20,Capesize,Russia,7.07,503.1,0.315
2023-10-21,Capesize,Russia,7.0,521.4,0.118
2023-10-22,Capesize,Russia,7.02,521.9,0.496
2023-10-23,Capesize,Russia,6.88,519.6,0.276
2023-10-24,Capesize,Russia,6.88,480.6,0.151
2023-10-25,Capesize,Russia,6.8,503.3,0.369
2023-10-26,Capesize,Russia,6.77,522.8,0.37
2023-10-27,Capesize,Russia,6.8,528.7,0.032
2023-10-28,Capesize,Russia,6.76,496.5,0.258
2023-10-29,Capesize,Russia,6.72,517.6,0.613
2023-10-30,Capesize,Russia,6.94,512.5,0.508
2023-10-31,Capesize,Russia,7.13,501.1,0.395
2023-11-01,Capesize,Russia,7.19,488.4,0.399
2023-11-02,Capesize,Russia,7.25,480.7,0.3
2023-11-03,Capesize,Russia,7.09,514.9,0.212
2023-11-04,Capesize,Russia,7.08,515.9,0.414
2023-11-05,Capesize,Russia,7.2,514.8,0.524
2023-11-06,Capesize,Russia,7.11,506.8,0.341
2023-11-07,Capesize,Russia,7.29,483.7,0.308
2023-11-08,Capesize,Russia,7.44,522.4,0.244
2023-11-09,Capesize,Russia,7.02,522.1,0.388
2023-11-10,Capesize,Russia,7.12,538.3,0.647
2023-11-11,Capesize,Russia,7.11,500.8,0.169
2023-11-12,Capesize,Russia,7.12,511.8,0.342
2023-11-13,Capesize,Russia,7.11,510.7,0.196
2023-11-14,Capesize,Russia,6.97,522.0,0.093
2023-11-15,Capesize,Russia,6.97,499.7,0.423
2023-11-16,Capesize,Russia,6.91,520.9,0.422
2023-11-17,Capesize,Russia,6.81,474.7,0.526
2023-11-18,Capesize,Russia,6.89,511.4,0.458
2023-11-19,Capesize,Russia,6.85,509.7,0.485
2023-11-20,Capesize,Russia,6.96,518.6,0.364
2023-11-21,Capesize,Russia,6.8,530.5,0.31
2023-11-22,Capesize,Russia,6.75,506.2,0.176
2023-11-23,Capesize,Russia,6.73,498.2,0.301
2023-11-24,Capesize,Russia,6.75,518.6,0.156
2023-11-25,Capesize,Russia,6.93,511.1,0.366
2023-11-26,Capesize,Russia,7.02,512.3,0.158
2023-11-27,Capesize,Russia,6.92,529.4,0.174
2023-11-28,Capesize,Russia,6.98,518.1,0.324
2023-11-29,Capesize,Russia,7.0,503.8,0.29
2023-11-30,Capesize,Russia,7.07,495.4,0.377
2023-12-01,Capesize,Russia,7.12,517.8,0.37
2023-12-02,Capesize,Russia,7.06,528.2,0.221
2023-12-03,Capesize,Russia,7.19,495.0,0.107
2023-12-04,Capesize,Russia,7.31,497.8,0.306
2023-12-05,Capesize,Russia,7.27,498.9,0.383
2023-12-06,Capesize,Russia,7.27,521.6,0.394
2023-12-07,Capesize,Russia,7.24,514.3,0.355
2023-12-08,Capesize,Russia,7.22,517.9,0.21
2023-12-09,Capesize,Russia,7.34,502.8,0.351
2023-12-10,Capesize,Russia,7.49,502.0,0.253
2023-12-11,Capesize,Russia,7.49,541.2,0.254
2023-12-12,Capesize,Russia,7.45,518.0,0.32
2023-12-13,Capesize,Russia,7.36,478.5,0.445
2023-12-14,Capesize,Russia,7.29,476.1,0.0
2023-12-15,Capesize,Russia,7.22,489.3,0.276
2023-12-16,Capesize,Russia,7.3,476.4,0.06
2023-12-17,Capesize,Russia,7.35,517.1,0.274
2023-12-18,Capesize,Russia,7.5,500.2,0.352
2023-12-19,Capesize,Russia,7.33,526.7,0.62
2023-12-20,Capesize,Russia,7.4,507.2,0.318
2023-12-21,Capesize,Russia,7.42,507.5,0.336
2023-12-22,Capesize,Russia,7.52,506.8,0.575
2023-12-23,Capesize,Russia,7.47,508.4,0.022
2023-12-24,Capesize,Russia,7.37,496.5,0.22
2023-12-25,Capesize,Russia,7.45,498.7,0.422
2023-12-26,Capesize,Russia,7.43,519.0,0.403
2023-12-27,Capesize,Russia,7.35,496.1,0.0
2023-12-28,Capesize,Russia,7.35,497.1,0.26
2023-12-29,Capesize,Russia,7.38,514.0,0.092
2023-12-30,Capesize,Russia,7.33,506.0,0.386
2023-12-31,Capesize,Russia,7.27,509.5,0.405
2024-01-01,Capesize,Russia,7.44,502.0,0.331
2024-01-02,Capesize,Russia,7.4,480.2,0.182
2024-01-03,Capesize,Russia,7.5,482.3,0.17
2024-01-04,Capesize,Russia,7.37,479.3,0.252
2024-01-05,Capesize,Russia,7.36,481.6,0.349
2024-01-06,Capesize,Russia,7.32,508.8,0.26
2024-01-07,Capesize,Russia,7.26,497.9,0.313
2024-01-08,Capesize,Russia,7.36,479.8,0.053
2024-01-09,Capesize,Russia,7.29,495.5,0.326
2024-01-10,Capesize,Russia,7.33,496.6,0.174
2024-01-11,Capesize,Russia,7.45,494.5,0.41
2024-01-12,Capesize,Russia,7.52,508.2,0.163
2024-01-13,Capesize,Russia,7.53,505.9,0.0
2024-01-14,Capesize,Russia,7.49,501.1,0.1
2024-01-15,Capesize,Russia,7.3,502.8,0.363
2024-01-16,Capesize,Russia,7.31,518.4,0.452
2024-01-17,Capesize,Russia,7.12,488.1,0.183
2024-01-18,Capesize,Russia,7.33,504.4,0.316
2024-01-19,Capesize,Russia,7.27,514.4,0.199
2024-01-20,Capesize,Russia,7.16,495.4,0.135
2024-01-21,Capesize,Russia,7.08,504.8,0.264
2024-01-22,Capesize,Russia,7.31,492.7,0.385
2024-01-23,Capesize,Russia,7.28,482.6,0.337
2024-01-24,Capesize,Russia,7.06,502.1,0.473
2024-01-25,Capesize,Russia,7.2,514.9,0.29
2024-01-26,Capesize,Russia,7.21,491.3,0.352
2024-01-27,Capesize,Russia,7.15,496.5,0.483
2024-01-28,Capesize,Russia,7.38,481.8,0.506
2024-01-29,Capesize,Russia,7.5,505.7,0.341
2024-01-30,Capesize,Russia,7.46,457.3,0.176
2024-01-31,Capesize,Russia,7.51,479.3,0.346
2024-02-01,Capesize,Russia,7.48,502.4,0.079
2024-02-02,Capesize,Russia,7.67,497.5,0.404
2024-02-03,Capesize,Russia,7.53,515.2,0.415
2024-02-04,Capesize,Russia,7.42,522.5,0.544
2024-02-05,Capesize,Russia,7.49,524.5,0.486
2024-02-06,Capesize,Russia,7.49,506.0,0.211
2024-02-07,Capesize,Russia,7.67,484.2,0.261
2024-02-08,Capesize,Russia,7.73,505.6,0.159
2024-02-09,Capesize,Russia,7.59,496.1,0.348
2024-02-10,Capesize,Russia,7.59,504.0,0.048
2024-02-11,Capesize,Russia,7.46,495.3,0.284
2024-02-12,Capesize,Russia,7.55,494.5,0.1
2024-02-13,Capesize,Russia,7.57,507.4,0.261
2024-02-14,Capesize,Russia,7.58,497.0,0.143
2024-02-15,Capesize,Russia,7.66,490.5,0.318
2024-02-16,Capesize,Russia,7.59,476.2,0.0
2024-02-17,Capesize,Russia,7.7,500.5,0.401
2024-02-18,Capesize,Russia,7.76,477.5,0.338
2024-02-19,Capesize,Russia,7.81,493.2,0.425
2024-02-20,Capesize,Russia,7.68,517.3,0.068
2024-02-21,Capesize,Russia,7.74,517.8,0.363
2024-02-22,Capesize,Russia,7.82,510.5,0.213
2024-02-23,Capesize,Russia,7.88,491.8,0.458
2024-02-24,Capesize,Russia,7.86,498.4,0.016
2024-02-25,Capesize,Russia,7.87,461.8,0.176
2024-02-26,Capesize,Russia,7.91,503.7,0.149
2024-02-27,Capesize,Russia,7.65,480.2,0.706
2024-02-28,Capesize,Russia,7.84,488.4,0.441
2024-02-29,Capesize,Russia,7.79,483.8,0.13
2024-03-01,Capesize,Russia,7.77,485.8,0.129
2024-03-02,Capesize,Russia,7.8,476.5,0.185
2024-03-03,Capesize,Russia,7.73,491.2,0.347
2024-03-04,Capesize,Russia,7.74,475.2,0.0
2024-03-05,Capesize,Russia,7.69,499.9,0.207
2024-03-06,Capesize,Russia,7.78,490.6,0.206
2024-03-07,Capesize,Russia,7.88,505.8,0.18
2024-03-08,Capesize,Russia,7.87,493.4,0.397
2024-03-09,Capesize,Russia,7.75,520.1,0.289
2024-03-10,Capesize,Russia,7.58,487.6,0.366
2024-03-11,Capesize,Russia,7.56,489.5,0.294
2024-03-12,Capesize,Russia,7.42,472.3,0.309
2024-03-13,Capesize,Russia,7.6,474.4,0.294
2024-03-14,Capesize,Russia,7.52,507.7,0.13
2024-03-15,Capesize,Russia,7.43,482.6,0.266
2024-03-16,Capesize,Russia,7.49,482.1,0.349
2024-03-17,Capesize,Russia,7.63,478.8,0.264
2024-03-18,Capesize,Russia,7.74,506.6,0.256
2024-03-19,Capesize,Russia,7.77,479.0,0.183
2024-03-20,Capesize,Russia,7.69,481.9,0.058
2024-03-21,Capesize,Russia,7.74,486.0,0.241
2024-03-22,Capesize,Russia,7.74,466.8,0.0
2024-03-23,Capesize,Russia,7.83,457.0,0.0
2024-03-24,Capesize,Russia,7.78,469.3,0.347
2024-03-25,Capesize,Russia,7.77,481.4,0.406
2024-03-26,Capesize,Russia,7.69,494.6,0.0
2024-03-27,Capesize,Russia,7.62,471.5,0.054
2024-03-28,Capesize,Russia,7.57,506.2,0.214
2024-03-29,Capesize,Russia,7.52,473.4,0.429
2024-03-30,Capesize,Russia,7.63,484.9,0.213
2024-03-31,Capesize,Russia,7.62,489.2,0.174
2024-04-01,Capesize,Russia,7.73,485.6,0.139
2024-04-02,Capesize,Russia,7.69,495.8,0.137
2024-04-03,Capesize,Russia,7.66,484.8,0.283
2024-04-04,Capesize,Russia,7.69,466.1,0.4
2024-04-05,Capesize,Russia,7.48,487.9,0.223
2024-04-06,Capesize,Russia,7.63,469.5,0.294
2024-04-07,Capesize,Russia,7.65,498.6,0.0
2024-04-08,Capesize,Russia,7.68,468.0,0.31
2024-04-09,Capesize,Russia,7.62,477.4,0.221
2024-04-10,Capesize,Russia,7.54,461.6,0.612
2024-04-11,Capesize,Russia,7.59,470.1,0.327
2024-04-12,Capesize,Russia,7.71,499.2,0.343
2024-04-13,Capesize,Russia,7.6,454.1,0.184
2024-04-14,Capesize,Russia,7.65,477.5,0.449
2024-04-15,Capesize,Russia,7.48,475.2,0.151
2024-04-16,Capesize,Russia,7.37,475.8,0.389
2024-04-17,Capesize,Russia,7.35,468.3,0.287
2024-04-18,Capesize,Russia,7.06,493.4,0.336
2024-04-19,Capesize,Russia,7.2,470.9,0.444
2024-04-20,Capesize,Russia,7.32,474.5,0.15
2024-04-21,Capesize,Russia,7.35,500.8,0.243
2024-04-22,Capesize,Russia,7.3,443.6,0.259
2024-04-23,Capesize,Russia,7.2,449.1,0.281
2024-04-24,Capesize,Russia,7.41,475.4,0.363
2024-04-25,Capesize,Russia,7.48,485.6,0.376
2024-04-26,Capesize,Russia,7.36,490.3,0.438
2024-04-27,Capesize,Russia,7.35,502.1,0.253
2024-04-28,Capesize,Russia,7.45,497.0,0.523
2024-04-29,Capesize,Russia,7.48,504.4,0.333
2024-04-30,Capesize,Russia,7.53,461.1,0.477
2024-05-01,Capesize,Russia,7.31,438.7,0.045
2024-05-02,Capesize,Russia,7.2,490.8,0.056
2024-05-03,Capesize,Russia,7.09,489.1,0.456
2024-05-04,Capesize,Russia,7.18,480.4,0.497
2024-05-05,Capesize,Russia,7.05,464.3,0.41
2024-05-06,Capesize,Russia,7.04,481.6,0.251
2024-05-07,Capesize,Russia,7.19,439.7,0.303
2024-05-08,Capesize,Russia,7.06,493.1,0.24
2024-05-09,Capesize,Russia,7.01,501.7,0.408
2024-05-10,Capesize,Russia,6.98,481.0,0.217
2024-05-11,Capesize,Russia,6.93,461.2,0.282
2024-05-12,Capesize,Russia,7.09,471.7,0.281
2024-05-13,Capesize,Russia,7.02,451.7,0.376
2024-05-14,Capesize,Russia,7.0,456.3,0.239
2024-05-15,Capesize,Russia,7.15,476.1,0.023
2024-05-16,Capesize,Russia,7.13,476.5,0.444
2024-05-17,Capesize,Russia,7.23,460.2,0.414
2024-05-18,Capesize,Russia,7.33,488.7,0.544
2024-05-19,Capesize,Russia,7.32,470.6,0.347
2024-05-20,Capesize,Russia,7.26,481.5,0.266
2024-05-21,Capesize,Russia,7.38,444.9,0.234
2024-05-22,Capesize,Russia,7.46,476.3,0.31
2024-05-23,Capesize,Russia,7.39,490.6,0.49
2024-05-24,Capesize,Russia,7.36,470.7,0.262
2024-05-25,Capesize,Russia,7.29,500.3,0.201
2024-05-26,Capesize,Russia,7.33,463.2,0.264
2024-05-27,Capesize,Russia,7.36,472.5,0.318
2024-05-28,Capesize,Russia,7.27,457.9,0.296
2024-05-29,Capesize,Russia,7.25,475.3,0.361
2024-05-30,Capesize,Russia,7.2,486.4,0.417
2024-05-31,Capesize,Russia,7.22,464.7,0.425
2024-06-01,Capesize,Russia,7.14,464.6,0.32
2024-06-02,Capesize,Russia,7.02,463.1,0.615
2024-06-03,Capesize,Russia,6.88,480.0,0.241
2024-06-04,Capesize,Russia,6.88,451.6,0.496
2024-06-05,Capesize,Russia,6.79,465.8,0.291
2024-06-06,Capesize,Russia,6.82,468.2,0.434
2024-06-07,Capesize,Russia,7.01,462.6,0.259
2024-06-08,Capesize,Russia,6.9,490.9,0.092
2024-06-09,Capesize,Russia,6.75,426.0,0.273
2024-06-10,Capesize,Russia,6.67,467.7,0.128
2024-06-11,Capesize,Russia,6.89,441.9,0.359
2024-06-12,Capesize,Russia,6.91,460.2,0.31
2024-06-13,Capesize,Russia,6.76,452.5,0.229
2024-06-14,Capesize,Russia,6.67,455.2,0.202
2024-06-15,Capesize,Russia,6.65,500.2,0.313
2024-06-16,Capesize,Russia,6.52,448.3,0.115
2024-06-17,Capesize,Russia,6.57,472.6,0.212
2024-06-18,Capesize,Russia,6.64,454.1,0.266
2024-06-19,Capesize,Russia,6.63,446.4,0.263
2024-06-20,Capesize,Russia,6.46,437.2,0.358
2024-06-21,Capesize,Russia,6.5,489.2,0.245
2024-06-22,Capesize,Russia,6.51,454.9,0.405
2024-06-23,Capesize,Russia,6.31,443.7,0.541
2024-06-24,Capesize,Russia,6.27,436.0,0.563
2024-06-25,Capesize,Russia,6.11,470.0,0.308
2024-06-26,Capesize,Russia,6.16,454.6,0.107
2024-06-27,Capesize,Russia,6.34,473.2,0.547
2024-06-28,Capesize,Russia,6.22,495.0,0.445
2024-06-29,Capesize,Russia,6.37,459.6,0.26
2024-06-30,Capesize,Russia,6.44,458.1,0.411
2024-07-01,Capesize,Russia,6.37,448.0,0.348
2024-07-02,Capesize,Russia,6.4,443.8,0.688
2024-07-03,Capesize,Russia,6.52,453.4,0.227
2024-07-04,Capesize,Russia,6.33,481.6,0.536
2024-07-05,Capesize,Russia,6.27,455.3,0.34
2024-07-06,Capesize,Russia,6.2,457.0,0.602
2024-07-07,Capesize,Russia,6.26,478.4,0.419
2024-07-08,Capesize,Russia,6.18,442.6,0.571
2024-07-09,Capesize,Russia,6.05,490.6,0.191
2024-07-10,Capesize,Russia,6.1,446.8,0.407
2024-07-11,Capesize,Russia,6.03,464.7,0.197
2024-07-12,Capesize,Russia,6.04,454.0,0.271
2024-07-13,Capesize,Russia,6.09,431.6,0.494
2024-07-14,Capesize,Russia,6.07,469.3,0.2
2024-07-15,Capesize,Russia,6.18,443.8,0.299
2024-07-16,Capesize,Russia,6.27,458.5,0.244
2024-07-17,Capesize,Russia,6.25,451.6,0.827
2024-07-18,Capesize,Russia,6.43,425.3,0.283
2024-07-19,Capesize,Russia,6.41,445.9,0.664
2024-07-20,Capesize,Russia,6.46,434.6,0.384
2024-07-21,Capesize,Russia,6.53,462.0,0.468
2024-07-22,Capesize,Russia,6.43,462.4,0.395
2024-07-23,Capesize,Russia,6.48,462.1,0.345
2024-07-24,Capesize,Russia,6.28,449.7,0.325
2024-07-25,Capesize,Russia,6.2,448.0,0.511
2024-07-26,Capesize,Russia,6.16,452.6,0.584
2024-07-27,Capesize,Russia,6.09,456.2,0.215
2024-07-28,Capesize,Russia,6.07,461.1,0.484
2024-07-29,Capesize,Russia,6.04,433.2,0.403
2024-07-30,Capesize,Russia,6.07,453.7,0.412
2024-07-31,Capesize,Russia,6.12,455.8,0.752
2024-08-01,Capesize,Russia,6.28,454.3,0.267
2024-08-02,Capesize,Russia,6.4,452.5,0.322
2024-08-03,Capesize,Russia,6.5,422.8,0.374
2024-08-04,Capesize,Russia,6.38,461.8,0.36
2024-08-05,Capesize,Russia,6.53,444.2,0.339
2024-08-06,Capesize,Russia,6.56,452.4,0.606
2024-08-07,Capesize,Russia,6.63,445.7,0.848
2024-08-08,Capesize,Russia,6.69,426.9,0.738
2024-08-09,Capesize,Russia,6.62,432.3,0.507
2024-08-10,Capesize,Russia,6.83,449.7,0.311
2024-08-11,Capesize,Russia,6.75,427.9,0.481
2024-08-12,Capesize,Russia,6.62,424.6,0.39
2024-08-13,Capesize,Russia,6.72,440.5,0.337
2024-08-14,Capesize,Russia,6.72,443.4,0.237
2024-08-15,Capesize,Russia,6.62,450.2,0.852
2024-08-16,Capesize,Russia,6.85,425.7,0.478
2024-08-17,Capesize,Russia,6.71,438.1,0.195
2024-08-18,Capesize,Russia,6.57,440.4,0.382
2024-08-19,Capesize,Russia,6.47,456.5,0.367
2024-08-20,Capesize,Russia,6.42,470.6,0.277
2024-08-21,Capesize,Russia,6.43,467.8,0.539
2024-08-22,Capesize,Russia,6.44,446.9,0.593
2024-08-23,Capesize,Russia,6.37,418.6,0.214
2024-08-24,Capesize,Russia,6.21,431.8,0.298
2024-08-25,Capesize,Russia,6.31,424.9,0.642
2024-08-26,Capesize,Russia,6.26,429.6,0.589
2024-08-27,Capesize,Russia,6.16,467.3,0.719
2024-08-28,Capesize,Russia,5.97,446.4,0.4
2024-08-29,Capesize,Russia,5.73,404.5,0.738
2024-08-30,Capesize,Russia,5.92,467.3,0.318
2024-08-31,Capesize,Russia,6.04,451.4,0.508
2024-09-01,Capesize,Russia,6.01,456.6,0.372
2024-09-02,Capesize,Russia,6.06,463.5,0.746
2024-09-03,Capesize,Russia,5.96,431.7,0.343
2024-09-04,Capesize,Russia,6.34,427.8,0.286
2024-09-05,Capesize,Russia,6.46,431.4,0.313
2024-09-06,Capesize,Russia,6.58,433.6,0.497
2024-09-07,Capesize,Russia,6.57,437.4,0.425
2024-09-08,Capesize,Russia,6.92,426.9,0.431
2024-09-09,Capesize,Russia,7.09,397.5,0.566
2024-09-10,Capesize,Russia,7.0,398.8,0.539
2024-09-11,Capesize,Russia,6.92,431.2,0.448
2024-09-12,Capesize,Russia,6.97,438.5,0.29
2024-09-13,Capesize,Russia,6.99,445.2,0.467
2024-09-14,Capesize,Russia,7.03,452.2,0.474
2024-09-15,Capesize,Russia,6.86,405.0,0.62
2024-09-16,Capesize,Russia,6.77,433.5,0.606
2024-09-17,Capesize,Russia,6.51,448.9,0.641
2024-09-18,Capesize,Russia,6.74,438.1,0.4
2024-09-19,Capesize,Russia,6.83,439.1,0.211
2024-09-20,Capesize,Russia,6.96,447.0,0.471
2024-09-21,Capesize,Russia,6.9,424.6,0.266
2024-09-22,Capesize,Russia,6.92,415.9,0.535
2024-09-23,Capesize,Russia,6.89,443.2,0.331
2024-09-24,Capesize,Russia,6.91,415.2,0.374
2024-09-25,Capesize,Russia,6.79,441.8,0.684
2024-09-26,Capesize,Russia,6.81,417.2,0.216
2024-09-27,Capesize,Russia,6.8,431.6,0.71
2024-09-28,Capesize,Russia,6.6,431.4,0.529
2024-09-29,Capesize,Russia,6.44,449.3,0.321
2024-09-30,Capesize,Russia,6.22,424.9,0.359
2024-10-01,Capesize,Russia,6.14,416.5,0.643
2024-10-02,Capesize,Russia,6.26,390.2,0.251
2024-10-03,Capesize,Russia,5.97,418.0,0.329
2024-10-04,Capesize,Russia,6.04,426.7,0.467
2024-10-05,Capesize,Russia,5.96,430.7,0.533
2024-10-06,Capesize,Russia,5.76,419.8,0.553
2024-10-07,Capesize,Russia,5.91,443.8,0.585
2024-10-08,Capesize,Russia,5.87,394.6,0.652
2024-10-09,Capesize,Russia,5.93,439.4,0.386
2024-10-10,Capesize,Russia,5.8,405.7,0.498
2024-10-11,Capesize,Russia,5.92,382.2,0.449
2024-10-12,Capesize,Russia,6.0,420.9,0.455
2024-10-13,Capesize,Russia,5.85,394.2,0.862
2024-10-14,Capesize,Russia,5.72,413.1,0.293
2024-10-15,Capesize,Russia,5.7,383.2,0.198
2024-10-16,Capesize,Russia,5.92,426.1,0.477
2024-10-17,Capesize,Russia,6.09,405.5,0.529
2024-10-18,Capesize,Russia,6.27,419.6,0.319
2024-10-19,Capesize,Russia,6.32,405.2,0.41
2024-10-20,Capesize,Russia,6.24,425.2,0.508
2024-10-21,Capesize,Russia,6.53,413.5,0.768
2024-10-22,Capesize,Russia,6.4,420.5,0.71
2024-10-23,Capesize,Russia,6.39,417.0,0.587
2024-10-24,Capesize,Russia,6.32,411.3,0.588
2024-10-25,Capesize,Russia,6.24,405.5,0.201
2024-10-26,Capesize,Russia,6.36,397.7,0.537
2024-10-27,Capesize,Russia,6.58,425.2,0.572
2024-10-28,Capesize,Russia,6.48,409.1,0.561
2024-10-29,Capesize,Russia,6.54,420.1,0.591
2024-10-30,Capesize,Russia,6.6,423.7,0.535
2024-10-31,Capesize,Russia,6.35,427.4,0.346
2024-11-01,Capesize,Russia,6.26,403.2,0.656
2024-11-02,Capesize,Russia,6.47,433.3,0.781
2024-11-03,Capesize,Russia,6.55,424.3,0.562
2024-11-04,Capesize,Russia,6.55,416.2,0.517
2024-11-05,Capesize,Russia,6.6,450.7,0.607
2024-11-06,Capesize,Russia,6.64,422.9,0.589
2024-11-07,Capesize,Russia,6.89,418.8,0.594
2024-11-08,Capesize,Russia,7.06,390.0,0.376
2024-11-09,Capesize,Russia,7.25,421.7,0.383
2024-11-10,Capesize,Russia,7.49,413.3,0.599
2024-11-11,Capesize,Russia,7.61,398.3,0.726
2024-11-12,Capesize,Russia,7.84,416.0,0.604
2024-11-13,Capesize,Russia,7.71,431.0,0.375
2024-11-14,Capesize,Russia,7.61,414.9,0.658
2024-11-15,Capesize,Russia,7.77,410.2,0.442
2024-11-16,Capesize,Russia,7.74,429.6,0.457
2024-11-17,Capesize,Russia,7.79,411.7,0.66
2024-11-18,Capesize,Russia,7.53,402.4,0.582
2024-11-19,Capesize,Russia,7.47,405.7,0.47
2024-11-20,Capesize,Russia,7.27,425.3,0.551
2024-11-21,Capesize,Russia,7.29,411.4,0.655
2024-11-22,Capesize,Russia,7.22,415.1,0.656
2024-11-23,Capesize,Russia,7.36,415.5,0.505
2024-11-24,Capesize,Russia,7.45,418.4,0.672
2024-11-25,Capesize,Russia,7.5,397.9,0.578
2024-11-26,Capesize,Russia,7.51,419.7,0.603
2024-11-27,Capesize,Russia,7.31,402.3,0.555
2024-11-28,Capesize,Russia,6.97,409.8,0.608
2024-11-29,Capesize,Russia,7.06,421.1,0.471
2024-11-30,Capesize,Russia,6.82,379.5,0.285
2024-12-01,Capesize,Russia,7.02,422.5,0.671
2024-12-02,Capesize,Russia,7.14,412.3,0.662
2024-12-03,Capesize,Russia,7.07,419.2,0.466
2024-12-04,Capesize,Russia,7.26,394.5,0.531
2024-12-05,Capesize,Russia,7.4,446.2,0.285
2024-12-06,Capesize,Russia,7.46,398.8,0.649
2024-12-07,Capesize,Russia,7.68,386.8,0.448
2024-12-08,Capesize,Russia,7.78,405.8,0.349
2024-12-09,Capesize,Russia,7.95,393.6,0.686
2024-12-10,Capesize,Russia,8.06,417.6,0.237
2024-12-11,Capesize,Russia,7.89,399.0,0.7
2024-12-12,Capesize,Russia,8.0,403.5,0.897
2024-12-13,Capesize,Russia,8.03,412.8,0.511
2024-12-14,Capesize,Russia,7.33,397.4,0.39
2024-12-15,Capesize,Russia,7.12,433.7,0.299
2024-12-16,Capesize,Russia,6.86,436.4,0.717
2024-12-17,Capesize,Russia,6.73,400.0,0.589
2024-12-18,Capesize,Russia,6.96,403.9,0.55
2024-12-19,Capesize,Russia,7.19,417.6,0.577
2024-12-20,Capesize,Russia,7.38,383.9,0.5
2024-12-21,Capesize,Russia,7.71,373.9,0.619
2024-12-22,Capesize,Russia,8.0,387.6,0.455
2024-12-23,Capesize,Russia,8.02,432.2,0.553
2024-12-24,Capesize,Russia,8.32,402.4,0.804
2024-12-25,Capesize,Russia,8.49,419.6,0.788
2024-12-26,Capesize,Russia,8.31,415.6,0.404
2024-12-27,Capesize,Russia,8.35,415.7,0.282
2024-12-28,Capesize,Russia,8.2,408.1,0.577
2024-12-29,Capesize,Russia,7.93,422.2,0.497
2024-12-30,Capesize,Russia,7.45,417.1,0.626
2024-12-31,Capesize,Russia,7.69,425.1,0.531
2025-01-01,Capesize,Russia,7.76,420.2,0.56
2025-01-02,Capesize,Russia,7.49,404.7,0.479
2025-01-03,Capesize,Russia,7.2,405.1,0.477
2025-01-04,Capesize,Russia,7.46,431.6,0.464
2025-01-05,Capesize,Russia,7.63,410.7,0.673
2025-01-06,Capesize,Russia,8.03,412.3,0.483
2025-01-07,Capesize,Russia,8.02,383.4,0.382
2025-01-08,Capesize,Russia,8.04,392.1,0.747
2025-01-09,Capesize,Russia,8.26,400.9,0.502
2025-01-10,Capesize,Russia,8.39,383.4,0.545
2025-01-11,Capesize,Russia,8.18,385.3,0.321
2025-01-12,Capesize,Russia,8.27,399.4,0.806
2025-01-13,Capesize,Russia,8.58,403.1,0.574
2025-01-14,Capesize,Russia,8.46,407.2,0.792
2025-01-15,Capesize,Russia,8.21,402.4,0.205
2025-01-16,Capesize,Russia,8.42,413.1,0.453
2025-01-17,Capesize,Russia,8.61,383.4,0.771
2025-01-18,Capesize,Russia,8.62,391.8,0.4
2025-01-19,Capesize,Russia,8.99,391.3,0.425
2025-01-20,Capesize,Russia,8.91,381.4,0.678
2025-01-21,Capesize,Russia,9.0,400.3,0.835
2025-01-22,Capesize,Russia,9.15,408.4,0.651
2025-01-23,Capesize,Russia,9.28,396.7,0.698
2025-01-24,Capesize,Russia,9.2,388.7,0.507
2025-01-25,Capesize,Russia,9.37,373.4,0.583
2025-01-26,Capesize,Russia,9.07,408.6,0.247
2025-01-27,Capesize,Russia,9.39,418.6,0.765
2025-01-28,Capesize,Russia,9.65,412.3,0.593
2025-01-29,Capesize,Russia,9.26,419.0,0.538
2025-01-30,Capesize,Russia,9.19,396.1,0.639
2025-01-31,Capesize,Russia,9.19,378.6,0.438
2025-02-01,Capesize,Russia,8.7,397.5,0.605
2025-02-02,Capesize,Russia,8.71,374.2,0.463
2025-02-03,Capesize,Russia,8.39,403.4,0.603
2025-02-04,Capesize,Russia,8.46,403.3,0.583
2025-02-05,Capesize,Russia,8.29,403.6,0.497
2025-02-06,Capesize,Russia,8.09,383.5,0.369
2025-02-07,Capesize,Russia,8.24,405.7,0.49
2025-02-08,Capesize,Russia,8.37,419.4,0.792
2025-02-09,Capesize,Russia,8.56,382.9,0.444
2025-02-10,Capesize,Russia,8.86,387.5,0.728
2025-02-11,Capesize,Russia,8.73,407.4,0.524
2025-02-12,Capesize,Russia,8.75,408.7,0.7
2025-02-13,Capesize,Russia,8.87,394.3,0.507
2025-02-14,Capesize,Russia,8.76,400.9,0.617
2025-02-15,Capesize,Russia,8.5,390.2,0.537
2025-02-16,Capesize,Russia,8.61,368.8,0.519
2025-02-17,Capesize,Russia,8.36,390.4,0.333
2025-02-18,Capesize,Russia,8.31,371.3,0.549
2025-02-19,Capesize,Russia,8.3,393.3,0.484
2025-02-20,Capesize,Russia,8.66,383.6,0.543
2025-02-21,Capesize,Russia,8.85,387.5,0.594
2025-02-22,Capesize,Russia,8.93,400.8,0.385
2025-02-23,Capesize,Russia,8.59,422.0,0.592
2025-02-24,Capesize,Russia,8.63,376.8,0.692
2025-02-25,Capesize,Russia,8.11,395.7,0.442
2025-02-26,Capesize,Russia,8.17,370.5,0.475
2025-02-27,Capesize,Russia,8.02,429.4,0.36
2025-02-28,Capesize,Russia,8.16,391.4,0.703
2025-03-01,Capesize,Russia,7.75,405.8,0.493
2025-03-02,Capesize,Russia,8.24,364.3,0.527
2025-03-03,Capesize,Russia,8.62,374.0,0.627
2025-03-04,Capesize,Russia,8.8,411.2,0.252
2025-03-05,Capesize,Russia,8.42,412.5,0.577
2025-03-06,Capesize,Russia,8.19,406.4,0.638
2025-03-07,Capesize,Russia,8.55,376.7,0.539
2025-03-08,Capesize,Russia,8.58,410.2,0.596
2025-03-09,Capesize,Russia,8.13,388.1,0.292
2025-03-10,Capesize,Russia,8.65,419.8,0.402
2025-03-11,Capesize,Russia,9.07,400.9,0.338
2025-03-12,Capesize,Russia,9.04,401.4,0.343
2025-03-13,Capesize,Russia,8.82,392.9,0.534
2025-03-14,Capesize,Russia,8.74,399.2,0.432
2025-03-15,Capesize,Russia,8.13,407.6,0.381
2025-03-16,Capesize,Russia,7.74,370.8,0.275
2025-03-17,Capesize,Russia,7.78,384.2,0.457
2025-03-18,Capesize,Russia,7.3,381.5,0.607
2025-03-19,Capesize,Russia,7.09,387.2,0.651
2025-03-20,Capesize,Russia,7.05,404.6,0.53
2025-03-21,Capesize,Russia,6.99,414.0,0.528
2025-03-22,Capesize,Russia,7.26,405.5,0.426
2025-03-23,Capesize,Russia,7.17,378.6,0.677
2025-03-24,Capesize,Russia,7.04,393.6,0.777
2025-03-25,Capesize,Russia,7.48,378.5,0.352
2025-03-26,Capesize,Russia,7.53,401.2,0.509
2025-03-27,Capesize,Russia,7.2,397.4,0.366
2025-03-28,Capesize,Russia,7.45,397.4,0.323
2025-03-29,Capesize,Russia,7.22,390.5,0.33
2025-03-30,Capesize,Russia,7.4,380.7,0.391
2025-03-31,Capesize,Russia,7.85,409.8,0.328
2025-04-01,Capesize,Russia,7.48,377.8,0.412
2025-04-02,Capesize,Russia,7.38,385.6,0.211
2025-04-03,Capesize,Russia,7.08,399.1,0.379
2025-04-04,Capesize,Russia,6.71,394.2,0.491
2025-04-05,Capesize,Russia,6.77,378.4,0.547
2025-04-06,Capesize,Russia,6.67,398.7,0.63
2025-04-07,Capesize,Russia,6.27,391.2,0.369
2025-04-08,Capesize,Russia,6.59,353.7,0.138
2025-04-09,Capesize,Russia,7.06,378.9,0.46
2025-04-10,Capesize,Russia,6.95,387.7,0.175
2025-04-11,Capesize,Russia,6.95,388.5,0.341
2025-04-12,Capesize,Russia,6.9,393.6,0.581
2025-04-13,Capesize,Russia,6.5,419.4,0.587
2025-04-14,Capesize,Russia,6.65,374.0,0.273
2025-04-15,Capesize,Russia,6.89,376.9,0.343
2025-04-16,Capesize,Russia,7.34,393.8,0.459
2025-04-17,Capesize,Russia,6.99,374.3,0.322
2025-04-18,Capesize,Russia,6.75,376.1,0.417
2025-04-19,Capesize,Russia,6.58,390.4,0.419
2025-04-20,Capesize,Russia,6.52,403.3,0.412
2025-04-21,Capesize,Russia,6.95,404.9,0.125
2025-04-22,Capesize,Russia,6.96,386.1,0.274
2025-04-23,Capesize,Russia,6.35,376.5,0.576
2025-04-24,Capesize,Russia,6.21,368.2,0.596
2025-04-25,Capesize,Russia,5.93,403.8,0.551
2025-04-26,Capesize,Russia,6.38,372.0,0.213
2025-04-27,Capesize,Russia,6.24,388.8,0.539
2025-04-28,Capesize,Russia,6.26,392.8,0.349
2025-04-29,Capesize,Russia,6.58,435.2,0.214
2025-04-30,Capesize,Russia,6.52,398.5,0.575
2025-05-01,Capesize,Russia,6.38,388.9,0.517
2025-05-02,Capesize,Russia,6.62,392.0,0.396
2025-05-03,Capesize,Russia,6.44,406.5,0.244
2025-05-04,Capesize,Russia,6.23,381.5,0.474
2025-05-05,Capesize,Russia,6.62,419.1,0.455
2025-05-06,Capesize,Russia,6.82,400.8,0.248
2025-05-07,Capesize,Russia,6.62,361.0,0.394
2025-05-08,Capesize,Russia,6.42,392.4,0.441
2025-05-09,Capesize,Russia,6.3,396.3,0.276
2025-05-10,Capesize,Russia,6.09,411.1,0.413
2025-05-11,Capesize,Russia,6.76,394.6,0.445
2025-05-12,Capesize,Russia,6.6,370.1,0.358
2025-05-13,Capesize,Russia,6.09,394.9,0.286
2025-05-14,Capesize,Russia,5.82,401.4,0.498
2025-05-15,Capesize,Russia,5.45,380.6,0.408
2025-05-16,Capesize,Russia,5.75,403.4,0.392
2025-05-17,Capesize,Russia,5.58,399.4,0.233
2025-05-18,Capesize,Russia,5.82,419.7,0.282
2025-05-19,Capesize,Russia,5.72,385.3,0.177
2025-05-20,Capesize,Russia,5.56,383.5,0.678
2025-05-21,Capesize,Russia,5.72,370.0,0.393
2025-05-22,Capesize,Russia,6.03,398.9,0.568
2025-05-23,Capesize,Russia,5.82,401.1,0.246
2025-05-24,Capesize,Russia,5.91,380.8,0.59
2025-05-25,Capesize,Russia,5.94,400.8,0.37
2025-05-26,Capesize,Russia,5.84,427.6,0.36
2025-05-27,Capesize,Russia,5.7,388.5,0.457
2025-05-28,Capesize,Russia,5.35,370.5,0.457
2025-05-29,Capesize,Russia,5.29,386.3,0.36
2025-05-30,Capesize,Russia,5.71,389.3,0.378
2025-05-31,Capesize,Russia,6.2,380.8,0.501
2025-06-01,Capesize,Russia,5.77,367.0,0.242
2025-06-02,Capesize,Russia,5.76,405.5,0.392
2025-06-03,Capesize,Russia,5.42,393.3,0.502
2025-06-04,Capesize,Russia,5.62,398.4,0.15
2025-06-05,Capesize,Russia,6.01,368.4,0.363
2025-06-06,Capesize,Russia,6.14,379.6,0.417
2025-06-07,Capesize,Russia,6.35,378.6,0.341
2025-06-08,Capesize,Russia,6.61,366.3,0.496
2025-06-09,Capesize,Russia,7.07,377.9,0.183
2025-06-10,Capesize,Russia,6.66,386.7,0.18
2025-06-11,Capesize,Russia,6.57,423.0,0.153
2025-06-12,Capesize,Russia,6.62,394.9,0.313
2025-06-13,Capesize,Russia,6.66,380.3,0.263
2025-06-14,Capesize,Russia,6.63,379.7,0.273
2025-06-15,Capesize,Russia,6.75,399.3,0.268
2025-06-16,Capesize,Russia,6.63,372.7,0.301
2025-06-17,Capesize,Russia,6.57,410.1,0.239
2025-06-18,Capesize,Russia,6.74,391.2,0.052
2025-06-19,Capesize,Russia,6.64,415.4,0.372
2025-06-20,Capesize,Russia,6.54,416.4,0.138
2025-06-21,Capesize,Russia,6.53,398.8,0.501
2025-06-22,Capesize,Russia,6.45,389.7,0.451
2025-06-23,Capesize,Russia,6.5,381.9,0.134
2025-06-24,Capesize,Russia,6.43,394.1,0.056
2025-06-25,Capesize,Russia,6.5,403.3,0.289
2025-06-26,Capesize,Russia,6.37,403.2,0.519
2025-06-27,Capesize,Russia,6.37,357.6,0.353
2025-06-28,Capesize,Russia,6.57,397.3,0.295
2025-06-29,Capesize,Russia,6.66,390.3,0.18
2025-06-30,Capesize,Russia,6.83,409.7,0.217
2025-07-01,Capesize,Russia,6.74,378.4,0.325
2025-07-02,Capesize,Russia,6.64,388.3,0.251
2025-07-03,Capesize,Russia,6.62,405.0,0.139
2025-07-04,Capesize,Russia,6.79,394.9,0.488
2025-07-05,Capesize,Russia,6.88,413.0,0.265
2025-07-06,Capesize,Russia,6.81,374.3,0.336
2025-07-07,Capesize,Russia,6.89,394.6,0.065
2025-07-08,Capesize,Russia,6.78,402.7,0.086
2025-07-09,Capesize,Russia,6.79,403.8,0.341
2025-07-10,Capesize,Russia,6.85,422.1,0.09
2025-07-11,Capesize,Russia,7.02,380.5,0.156
2025-07-12,Capesize,Russia,6.98,397.3,0.19
2025-07-13,Capesize,Russia,6.98,378.5,0.277
2025-07-14,Capesize,Russia,6.94,378.7,0.244
2025-07-15,Capesize,Russia,6.92,409.6,0.335
2025-07-16,Capesize,Russia,6.92,391.9,0.021
2025-07-17,Capesize,Russia,6.92,405.0,0.288
2025-07-18,Capesize,Russia,6.89,405.9,0.168
2025-07-19,Capesize,Russia,6.96,405.2,0.264
2025-07-20,Capesize,Russia,7.01,366.9,0.332
2025-07-21,Capesize,Russia,6.94,397.3,0.177
2025-07-22,Capesize,Russia,6.92,420.3,0.38
2025-07-23,Capesize,Russia,6.82,416.8,0.267
2025-07-24,Capesize,Russia,6.59,396.0,0.0
2025-07-25,Capesize,Russia,6.59,397.9,0.189
2025-07-26,Capesize,Russia,6.82,377.9,0.425
2025-07-27,Capesize,Russia,6.88,408.6,0.196
2025-07-28,Capesize,Russia,6.91,410.0,0.495
2025-07-29,Capesize,Russia,6.82,390.6,0.255
2025-07-30,Capesize,Russia,6.72,394.5,0.141
2025-07-31,Capesize,Russia,6.72,412.5,0.262
2025-08-01,Capesize,Russia,6.57,411.8,0.252
2025-08-02,Capesize,Russia,6.54,401.1,0.382
2025-08-03,Capesize,Russia,6.62,414.8,0.0
2025-08-04,Capesize,Russia,6.89,388.5,0.343
2025-08-05,Capesize,Russia,6.82,403.4,0.0
2025-08-06,Capesize,Russia,6.94,403.4,0.0
2025-08-07,Capesize,Russia,6.68,388.7,0.262
2025-08-08,Capesize,Russia,6.67,401.5,0.113
2025-08-09,Capesize,Russia,6.71,400.2,0.253
2025-08-10,Capesize,Russia,6.8,404.9,0.112
2025-08-11,Capesize,Russia,6.74,427.4,0.222
2025-08-12,Capesize,Russia,6.77,389.1,0.15
2025-08-13,Capesize,Russia,6.79,394.5,0.0
2025-08-14,Capesize,Russia,6.93,416.0,0.209
2025-08-15,Capesize,Russia,6.84,398.5,0.366
2025-08-16,Capesize,Russia,6.84,425.4,0.156
2025-08-17,Capesize,Russia,6.73,411.1,0.035
2025-08-18,Capesize,Russia,6.61,391.1,0.228
2025-08-19,Capesize,Russia,6.56,420.5,0.23
2025-08-20,Capesize,Russia,6.77,422.5,0.022
2025-08-21,Capesize,Russia,6.63,389.4,0.208
2025-08-22,Capesize,Russia,6.74,406.7,0.585
2025-08-23,Capesize,Russia,6.68,390.8,0.445
2025-08-24,Capesize,Russia,6.64,376.0,0.149
2025-08-25,Capesize,Russia,6.75,427.8,0.18
2025-08-26,Capesize,Russia,6.9,399.5,0.226
2025-08-27,Capesize,Russia,6.84,435.6,0.2
2025-08-28,Capesize,Russia,6.76,413.5,0.203
2025-08-29,Capesize,Russia,6.65,425.2,0.542
2025-08-30,Capesize,Russia,6.58,409.2,0.161
2025-08-31,Capesize,Russia,6.54,405.7,0.317
2025-09-01,Capesize,Russia,6.57,383.6,0.142
2025-09-02,Capesize,Russia,6.53,393.5,0.232
2025-09-03,Capesize,Russia,6.53,413.1,0.014
2025-09-04,Capesize,Russia,6.43,370.1,0.177
2025-09-05,Capesize,Russia,6.5,388.8,0.034
2025-09-06,Capesize,Russia,6.43,395.7,0.04
2025-09-07,Capesize,Russia,6.54,431.7,0.479
2025-09-08,Capesize,Russia,6.7,390.8,0.173
2025-09-09,Capesize,Russia,6.83,410.2,0.226
2025-09-10,Capesize,Russia,6.67,404.5,0.113
2025-09-11,Capesize,Russia,6.8,395.3,0.409
2025-09-12,Capesize,Russia,6.7,383.9,0.33
2025-09-13,Capesize,Russia,6.6,398.9,0.342
2025-09-14,Capesize,Russia,6.7,401.8,0.383
2025-09-15,Capesize,Russia,6.46,400.8,0.405
2025-09-16,Capesize,Russia,6.5,401.6,0.133
2025-09-17,Capesize,Russia,6.64,407.9,0.239
2025-09-18,Capesize,Russia,6.68,403.5,0.39
2025-09-19,Capesize,Russia,6.7,423.4,0.309
2025-09-20,Capesize,Russia,6.56,417.5,0.303
2025-09-21,Capesize,Russia,6.47,406.5,0.424
2025-09-22,Capesize,Russia,6.41,389.7,0.134
2025-09-23,Capesize,Russia,6.4,416.0,0.45
2025-09-24,Capesize,Russia,6.4,387.8,0.716
2025-09-25,Capesize,Russia,6.38,405.0,0.045
2025-09-26,Capesize,Russia,6.41,386.5,0.31
2025-09-27,Capesize,Russia,6.31,406.8,0.0
2025-09-28,Capesize,Russia,6.36,395.1,0.448
2025-09-29,Capesize,Russia,6.37,370.9,0.174
2025-09-30,Capesize,Russia,6.36,391.5,0.105
2025-10-01,Capesize,Russia,6.55,435.4,0.529
2025-10-02,Capesize,Russia,6.47,401.9,0.37
2025-10-03,Capesize,Russia,6.4,419.8,0.193
2025-10-04,Capesize,Russia,6.53,417.8,0.346
2025-10-05,Capesize,Russia,6.44,418.9,0.26
2025-10-06,Capesize,Russia,6.49,415.1,0.163
2025-10-07,Capesize,Russia,6.49,418.9,0.444
2025-10-08,Capesize,Russia,6.4,429.6,0.382
2025-10-09,Capesize,Russia,6.45,406.1,0.049
2025-10-10,Capesize,Russia,6.61,401.7,0.204
2025-10-11,Capesize,Russia,6.65,450.4,0.0
2025-10-12,Capesize,Russia,6.64,430.0,0.09
2025-10-13,Capesize,Russia,6.74,402.9,0.354
2025-10-14,Capesize,Russia,6.8,413.0,0.184
2025-10-15,Capesize,Russia,6.97,406.1,0.242
2025-10-16,Capesize,Russia,6.96,401.6,0.136
2025-10-17,Capesize,Russia,6.92,426.8,0.26
2025-10-18,Capesize,Russia,6.87,426.6,0.276
2025-10-19,Capesize,Russia,6.98,393.7,0.388
2025-10-20,Capesize,Russia,6.98,419.6,0.254
2025-10-21,Capesize,Russia,7.07,441.3,0.171
2025-10-22,Capesize,Russia,6.97,433.6,0.265
2025-10-23,Capesize,Russia,6.76,417.9,0.367
2025-10-24,Capesize,Russia,6.71,414.8,0.401
2025-10-25,Capesize,Russia,6.79,435.9,0.305
2025-10-26,Capesize,Russia,6.87,403.5,0.209
2025-10-27,Capesize,Russia,6.82,423.2,0.257
2025-10-28,Capesize,Russia,6.87,423.2,0.15
2025-10-29,Capesize,Russia,6.87,410.4,0.476
2025-10-30,Capesize,Russia,6.87,432.3,0.0
2025-10-31,Capesize,Russia,6.9,406.8,0.199
2025-11-01,Capesize,Russia,6.85,415.3,0.101
2025-11-02,Capesize,Russia,6.76,426.0,0.036
2025-11-03,Capesize,Russia,6.73,417.3,0.315
2025-11-04,Capesize,Russia,6.67,420.8,0.258
2025-11-05,Capesize,Russia,6.78,451.0,0.233
2025-11-06,Capesize,Russia,6.62,431.3,0.54
2025-11-07,Capesize,Russia,6.57,422.8,0.257
2025-11-08,Capesize,Russia,6.56,446.6,0.138
2025-11-09,Capesize,Russia,6.85,419.7,0.637
2025-11-10,Capesize,Russia,6.73,435.3,0.398
2025-11-11,Capesize,Russia,6.73,429.5,0.539
2025-11-12,Capesize,Russia,6.78,420.0,0.398
2025-11-13,Capesize,Russia,6.72,415.0,0.283
2025-11-14,Capesize,Russia,6.73,404.4,0.35
2025-11-15,Capesize,Russia,6.51,395.3,0.414
2025-11-16,Capesize,Russia,6.47,415.9,0.416
2025-11-17,Capesize,Russia,6.51,416.1,0.376
2025-11-18,Capesize,Russia,6.75,431.7,0.372
2025-11-19,Capesize,Russia,6.78,412.9,0.335
2025-11-20,Capesize,Russia,6.89,448.1,0.519
2025-11-21,Capesize,Russia,6.89,428.0,0.215
2025-11-22,Capesize,Russia,7.11,388.2,0.196
2025-11-23,Capesize,Russia,6.91,427.7,0.191
2025-11-24,Capesize,Russia,6.76,457.6,0.251
2025-11-25,Capesize,Russia,6.87,424.1,0.174
2025-11-26,Capesize,Russia,6.89,434.1,0.126
2025-11-27,Capesize,Russia,6.72,410.0,0.077
2025-11-28,Capesize,Russia,6.68,401.3,0.451
2025-11-29,Capesize,Russia,6.81,418.2,0.324
2025-11-30,Capesize,Russia,6.74,426.4,0.516
2025-12-01,Capesize,Russia,6.68,437.3,0.432
2025-12-02,Capesize,Russia,6.67,423.3,0.376
2025-12-03,Capesize,Russia,6.73,448.4,0.264
2025-12-04,Capesize,Russia,6.71,440.2,0.135
2025-12-05,Capesize,Russia,6.8,425.4,0.472
2025-12-06,Capesize,Russia,6.81,425.1,0.188
2025-12-07,Capesize,Russia,6.89,421.3,0.117
2025-12-08,Capesize,Russia,7.01,404.3,0.272
2025-12-09,Capesize,Russia,6.82,397.3,0.248
2025-12-10,Capesize,Russia,6.76,425.6,0.077
2025-12-11,Capesize,Russia,6.86,431.4,0.22
2025-12-12,Capesize,Russia,6.86,423.4,0.331
2025-12-13,Capesize,Russia,6.84,446.7,0.195
2025-12-14,Capesize,Russia,6.87,400.8,0.166
2025-12-15,Capesize,Russia,6.78,420.8,0.178
2025-12-16,Capesize,Russia,6.81,459.8,0.243
2025-12-17,Capesize,Russia,7.02,427.5,0.261
2025-12-18,Capesize,Russia,6.98,424.8,0.326
2025-12-19,Capesize,Russia,7.12,438.2,0.304
2025-12-20,Capesize,Russia,7.26,427.0,0.416
2025-12-21,Capesize,Russia,7.38,406.3,0.433
2025-12-22,Capesize,Russia,7.48,462.2,0.483
2025-12-23,Capesize,Russia,7.68,434.5,0.2
2025-12-24,Capesize,Russia,7.67,459.2,0.376
2025-12-25,Capesize,Russia,7.76,446.8,0.194
2025-12-26,Capesize,Russia,7.85,429.4,0.415
2025-12-27,Capesize,Russia,7.83,446.7,0.422
2025-12-28,Capesize,Russia,7.72,431.6,0.249
2025-12-29,Capesize,Russia,7.86,428.4,0.244
2025-12-30,Capesize,Russia,7.91,419.4,0.406
2023-01-01,Capesize,USA,10.56,465.2,0.168
2023-01-02,Capesize,USA,10.44,435.8,0.308
2023-01-03,Capesize,USA,10.55,440.0,0.303
2023-01-04,Capesize,USA,10.65,446.4,0.529
2023-01-05,Capesize,USA,11.24,442.2,0.335
2023-01-06,Capesize,USA,11.29,460.8,0.34
2023-01-07,Capesize,USA,11.29,441.0,0.497
2023-01-08,Capesize,USA,11.07,459.0,0.69
2023-01-09,Capesize,USA,11.06,451.9,0.164
2023-01-10,Capesize,USA,10.78,457.6,0.428
2023-01-11,Capesize,USA,11.08,437.5,0.602
2023-01-12,Capesize,USA,10.84,451.7,0.532
2023-01-13,Capesize,USA,10.65,456.1,0.322
2023-01-14,Capesize,USA,10.94,446.4,0.247
2023-01-15,Capesize,USA,10.96,462.3,0.223
2023-01-16,Capesize,USA,11.21,443.8,0.646
2023-01-17,Capesize,USA,10.98,470.9,0.53
2023-01-18,Capesize,USA,11.07,440.7,0.479
2023-01-19,Capesize,USA,11.28,448.5,0.692
2023-01-20,Capesize,USA,11.35,438.8,0.554
2023-01-21,Capesize,USA,11.41,460.1,0.424
2023-01-22,Capesize,USA,11.37,434.5,0.412
2023-01-23,Capesize,USA,11.6,470.2,0.473
2023-01-24,Capesize,USA,11.68,457.6,0.413
2023-01-25,Capesize,USA,11.53,463.2,0.35
2023-01-26,Capesize,USA,11.92,477.0,0.464
2023-01-27,Capesize,USA,12.09,456.1,0.107
2023-01-28,Capesize,USA,12.21,458.2,0.592
2023-01-29,Capesize,USA,12.67,459.9,0.228
2023-01-30,Capesize,USA,12.4,456.7,0.372
2023-01-31,Capesize,USA,12.63,473.2,0.291
2023-02-01,Capesize,USA,12.89,475.0,0.517
2023-02-02,Capesize,USA,12.83,454.6,0.37
2023-02-03,Capesize,USA,12.45,429.2,0.25
2023-02-04,Capesize,USA,12.36,436.6,0.385
2023-02-05,Capesize,USA,12.39,456.8,0.481
2023-02-06,Capesize,USA,12.3,486.8,0.543
2023-02-07,Capesize,USA,12.12,446.5,0.385
2023-02-08,Capesize,USA,12.26,443.2,0.283
2023-02-09,Capesize,USA,12.26,492.1,0.547
2023-02-10,Capesize,USA,12.37,457.1,0.363
2023-02-11,Capesize,USA,12.31,484.3,0.65
2023-02-12,Capesize,USA,12.74,492.7,0.36
2023-02-13,Capesize,USA,12.89,467.4,0.541
2023-02-14,Capesize,USA,12.78,450.3,0.225
2023-02-15,Capesize,USA,12.83,473.7,0.529
2023-02-16,Capesize,USA,12.84,449.3,0.442
2023-02-17,Capesize,USA,12.97,488.6,0.602
2023-02-18,Capesize,USA,13.1,492.3,0.123
2023-02-19,Capesize,USA,13.07,477.8,0.489
2023-02-20,Capesize,USA,13.44,458.9,0.54
2023-02-21,Capesize,USA,13.74,477.2,0.267
2023-02-22,Capesize,USA,13.59,457.4,0.372
2023-02-23,Capesize,USA,13.82,471.8,0.524
2023-02-24,Capesize,USA,13.69,507.7,0.231
2023-02-25,Capesize,USA,13.54,472.4,0.503
2023-02-26,Capesize,USA,14.08,473.8,0.35
2023-02-27,Capesize,USA,14.24,471.0,0.44
2023-02-28,Capesize,USA,14.28,481.4,0.553
2023-03-01,Capesize,USA,14.49,444.8,0.502
2023-03-02,Capesize,USA,14.25,466.7,0.538
2023-03-03,Capesize,USA,14.54,467.9,0.504
2023-03-04,Capesize,USA,14.54,484.3,0.318
2023-03-05,Capesize,USA,14.33,470.5,0.659
2023-03-06,Capesize,USA,14.11,456.9,0.421
2023-03-07,Capesize,USA,13.93,475.8,0.798
2023-03-08,Capesize,USA,13.92,477.6,0.258
2023-03-09,Capesize,USA,13.63,441.9,0.323
2023-03-10,Capesize,USA,13.6,475.9,0.808
2023-03-11,Capesize,USA,13.58,469.5,0.556
2023-03-12,Capesize,USA,13.66,457.3,0.557
2023-03-13,Capesize,USA,13.4,481.4,0.376
2023-03-14,Capesize,USA,13.29,454.5,0.307
2023-03-15,Capesize,USA,13.38,452.6,0.334
2023-03-16,Capesize,USA,13.5,476.0,0.463
2023-03-17,Capesize,USA,13.16,498.9,0.36
2023-03-18,Capesize,USA,13.05,465.4,0.25
2023-03-19,Capesize,USA,12.95,452.0,0.688
2023-03-20,Capesize,USA,12.72,475.1,0.611
2023-03-21,Capesize,USA,12.59,464.4,0.49
2023-03-22,Capesize,USA,12.42,492.3,0.949
2023-03-23,Capesize,USA,12.68,481.2,0.705
2023-03-24,Capesize,USA,12.8,446.2,0.664
2023-03-25,Capesize,USA,12.98,473.6,0.555
2023-03-26,Capesize,USA,13.01,476.1,0.488
2023-03-27,Capesize,USA,13.03,467.0,0.506
2023-03-28,Capesize,USA,13.23,506.9,0.527
2023-03-29,Capesize,USA,13.7,482.2,0.39
2023-03-30,Capesize,USA,13.5,493.3,0.359
2023-03-31,Capesize,USA,13.22,475.2,0.394
2023-04-01,Capesize,USA,13.05,492.2,0.572
2023-04-02,Capesize,USA,13.15,481.9,0.535
2023-04-03,Capesize,USA,13.23,424.1,0.591
2023-04-04,Capesize,USA,13.45,461.9,0.894
2023-04-05,Capesize,USA,13.13,506.0,0.457
2023-04-06,Capesize,USA,13.01,500.3,0.535
2023-04-07,Capesize,USA,13.05,527.2,0.71
2023-04-08,Capesize,USA,12.97,461.9,0.642
2023-04-09,Capesize,USA,12.88,481.0,0.475
2023-04-10,Capesize,USA,13.08,506.5,0.489
2023-04-11,Capesize,USA,13.09,474.1,0.344
2023-04-12,Capesize,USA,12.81,477.7,0.478
2023-04-13,Capesize,USA,13.25,513.0,0.393
2023-04-14,Capesize,USA,13.23,500.5,0.696
2023-04-15,Capesize,USA,13.55,461.7,0.601
2023-04-16,Capesize,USA,13.63,490.8,0.747
2023-04-17,Capesize,USA,13.55,456.0,0.933
2023-04-18,Capesize,USA,13.13,508.9,0.729
2023-04-19,Capesize,USA,13.06,526.8,0.596
2023-04-20,Capesize,USA,12.91,498.9,0.557
2023-04-21,Capesize,USA,12.85,486.6,0.676
2023-04-22,Capesize,USA,12.97,467.7,0.424
2023-04-23,Capesize,USA,13.09,494.9,0.452
2023-04-24,Capesize,USA,12.85,475.1,0.568
2023-04-25,Capesize,USA,12.74,484.6,0.388
2023-04-26,Capesize,USA,12.83,492.0,0.745
2023-04-27,Capesize,USA,12.56,474.1,0.461
2023-04-28,Capesize,USA,12.37,487.2,0.555
2023-04-29,Capesize,USA,12.26,488.6,0.682
2023-04-30,Capesize,USA,11.76,472.2,0.485
2023-05-01,Capesize,USA,12.02,508.9,0.524
2023-05-02,Capesize,USA,11.82,485.5,0.48
2023-05-03,Capesize,USA,12.12,467.5,0.615
2023-05-04,Capesize,USA,12.22,517.4,0.495
2023-05-05,Capesize,USA,12.33,492.7,0.393
2023-05-06,Capesize,USA,12.37,511.8,0.916
2023-05-07,Capesize,USA,12.42,478.5,0.894
2023-05-08,Capesize,USA,11.83,499.4,0.747
2023-05-09,Capesize,USA,11.82,503.3,0.603
2023-05-10,Capesize,USA,11.61,497.2,0.54
2023-05-11,Capesize,USA,11.74,485.3,0.556
2023-05-12,Capesize,USA,11.26,485.2,0.521
2023-05-13,Capesize,USA,11.47,494.3,0.369
2023-05-14,Capesize,USA,11.27,503.4,0.64
2023-05-15,Capesize,USA,11.44,493.3,0.556
2023-05-16,Capesize,USA,11.33,491.2,0.533
2023-05-17,Capesize,USA,11.46,501.3,0.523
2023-05-18,Capesize,USA,11.18,458.0,0.368
2023-05-19,Capesize,USA,11.15,480.5,0.738
2023-05-20,Capesize,USA,11.28,487.3,0.527
2023-05-21,Capesize,USA,11.46,482.1,0.518
2023-05-22,Capesize,USA,11.58,501.1,0.607
2023-05-23,Capesize,USA,12.0,480.4,0.593
2023-05-24,Capesize,USA,11.79,474.6,0.598
2023-05-25,Capesize,USA,11.64,499.2,0.385
2023-05-26,Capesize,USA,11.6,502.0,0.462
2023-05-27,Capesize,USA,11.6,480.2,0.61
2023-05-28,Capesize,USA,11.68,504.0,0.563
2023-05-29,Capesize,USA,11.59,510.8,0.787
2023-05-30,Capesize,USA,11.65,496.8,0.482
2023-05-31,Capesize,USA,11.77,508.1,0.36
2023-06-01,Capesize,USA,11.75,499.5,0.761
2023-06-02,Capesize,USA,11.68,490.4,0.562
2023-06-03,Capesize,USA,11.86,482.8,0.516
2023-06-04,Capesize,USA,11.95,503.4,0.614
2023-06-05,Capesize,USA,11.8,492.2,0.53
2023-06-06,Capesize,USA,11.84,468.1,0.48
2023-06-07,Capesize,USA,11.88,507.1,0.289
2023-06-08,Capesize,USA,11.69,525.9,0.806
2023-06-09,Capesize,USA,11.68,488.7,0.826
2023-06-10,Capesize,USA,11.74,500.6,0.474
2023-06-11,Capesize,USA,11.6,494.6,0.693
2023-06-12,Capesize,USA,11.45,485.7,0.636
2023-06-13,Capesize,USA,11.43,498.7,0.498
2023-06-14,Capesize,USA,11.43,497.4,0.664
2023-06-15,Capesize,USA,11.85,498.6,0.445
2023-06-16,Capesize,USA,12.22,527.4,0.311
2023-06-17,Capesize,USA,12.07,500.0,0.429
2023-06-18,Capesize,USA,11.99,485.5,0.352
2023-06-19,Capesize,USA,12.2,485.6,0.597
2023-06-20,Capesize,USA,12.33,523.9,0.488
2023-06-21,Capesize,USA,12.49,475.2,0.764
2023-06-22,Capesize,USA,12.26,500.2,0.351
2023-06-23,Capesize,USA,12.17,508.4,0.526
2023-06-24,Capesize,USA,12.33,490.0,0.42
2023-06-25,Capesize,USA,12.12,501.5,0.531
2023-06-26,Capesize,USA,11.94,499.0,0.415
2023-06-27,Capesize,USA,11.63,540.7,0.206
2023-06-28,Capesize,USA,11.95,486.6,0.68
2023-06-29,Capesize,USA,11.86,527.3,0.367
2023-06-30,Capesize,USA,11.77,498.3,0.295
2023-07-01,Capesize,USA,11.52,531.1,0.449
2023-07-02,Capesize,USA,11.47,494.9,0.657
2023-07-03,Capesize,USA,11.56,504.3,0.465
2023-07-04,Capesize,USA,11.55,486.9,0.655
2023-07-05,Capesize,USA,11.31,504.1,0.468
2023-07-06,Capesize,USA,11.6,503.4,0.564
2023-07-07,Capesize,USA,11.96,490.4,0.391
2023-07-08,Capesize,USA,11.96,497.5,0.568
2023-07-09,Capesize,USA,11.85,493.7,0.696
2023-07-10,Capesize,USA,11.78,500.8,0.536
2023-07-11,Capesize,USA,11.67,517.0,0.75
2023-07-12,Capesize,USA,11.89,513.7,0.404
2023-07-13,Capesize,USA,11.58,507.6,0.391
2023-07-14,Capesize,USA,11.73,496.0,0.438
2023-07-15,Capesize,USA,11.57,507.7,0.659
2023-07-16,Capesize,USA,11.86,488.5,0.737
2023-07-17,Capesize,USA,11.89,503.4,0.602
2023-07-18,Capesize,USA,11.34,532.2,0.634
2023-07-19,Capesize,USA,11.51,506.4,0.22
2023-07-20,Capesize,USA,11.4,521.6,0.461
2023-07-21,Capesize,USA,11.34,508.7,0.643
2023-07-22,Capesize,USA,11.25,516.6,0.423
2023-07-23,Capesize,USA,11.26,501.0,0.436
2023-07-24,Capesize,USA,10.74,492.2,0.582
2023-07-25,Capesize,USA,11.11,524.9,0.66
2023-07-26,Capesize,USA,11.14,505.7,0.528
2023-07-27,Capesize,USA,11.1,526.3,0.529
2023-07-28,Capesize,USA,11.05,506.8,0.547
2023-07-29,Capesize,USA,10.83,514.8,0.712
2023-07-30,Capesize,USA,10.8,496.8,0.52
2023-07-31,Capesize,USA,10.49,487.9,0.638
2023-08-01,Capesize,USA,10.26,499.5,0.528
2023-08-02,Capesize,USA,10.16,525.4,0.186
2023-08-03,Capesize,USA,10.46,484.1,0.618
2023-08-04,Capesize,USA,10.38,527.2,0.314
2023-08-05,Capesize,USA,10.34,500.2,0.422
2023-08-06,Capesize,USA,9.91,492.0,0.571
2023-08-07,Capesize,USA,9.44,524.0,0.337
2023-08-08,Capesize,USA,9.55,500.7,0.61
2023-08-09,Capesize,USA,9.56,486.9,0.443
2023-08-10,Capesize,USA,9.49,511.7,0.296
2023-08-11,Capesize,USA,9.96,511.1,0.396
2023-08-12,Capesize,USA,9.93,494.3,0.306
2023-08-13,Capesize,USA,10.08,503.3,0.635
2023-08-14,Capesize,USA,10.13,524.2,0.603
2023-08-15,Capesize,USA,10.23,510.3,0.497
2023-08-16,Capesize,USA,10.2,494.4,0.322
2023-08-17,Capesize,USA,10.22,481.2,0.431
2023-08-18,Capesize,USA,10.44,483.4,0.288
2023-08-19,Capesize,USA,10.27,513.8,0.47
2023-08-20,Capesize,USA,9.94,515.9,0.58
2023-08-21,Capesize,USA,9.66,518.1,0.541
2023-08-22,Capesize,USA,9.51,495.7,0.239
2023-08-23,Capesize,USA,9.21,524.6,0.573
2023-08-24,Capesize,USA,8.98,507.4,0.554
2023-08-25,Capesize,USA,9.14,515.3,0.377
2023-08-26,Capesize,USA,9.13,505.4,0.365
2023-08-27,Capesize,USA,8.93,488.0,0.399
2023-08-28,Capesize,USA,8.68,494.1,0.533
2023-08-29,Capesize,USA,8.82,514.0,0.562
2023-08-30,Capesize,USA,8.95,502.4,0.497
2023-08-31,Capesize,USA,8.76,516.6,0.636
2023-09-01,Capesize,USA,9.05,483.6,0.52
2023-09-02,Capesize,USA,9.4,496.8,0.487
2023-09-03,Capesize,USA,9.46,541.1,0.567
2023-09-04,Capesize,USA,9.67,536.0,0.413
2023-09-05,Capesize,USA,9.47,491.4,0.274
2023-09-06,Capesize,USA,9.55,514.3,0.741
2023-09-07,Capesize,USA,9.68,491.9,0.577
2023-09-08,Capesize,USA,10.16,524.9,0.62
2023-09-09,Capesize,USA,10.49,520.2,0.267
2023-09-10,Capesize,USA,10.55,489.1,0.528
2023-09-11,Capesize,USA,10.6,502.8,0.365
2023-09-12,Capesize,USA,10.38,504.5,0.394
2023-09-13,Capesize,USA,10.52,542.8,0.623
2023-09-14,Capesize,USA,10.45,520.1,0.445
2023-09-15,Capesize,USA,10.35,532.7,0.454
2023-09-16,Capesize,USA,10.36,514.7,0.586
2023-09-17,Capesize,USA,9.85,507.3,0.36
2023-09-18,Capesize,USA,9.44,501.0,0.397
2023-09-19,Capesize,USA,9.13,511.9,0.544
2023-09-20,Capesize,USA,9.53,513.6,0.297
2023-09-21,Capesize,USA,9.14,488.8,0.396
2023-09-22,Capesize,USA,8.91,517.0,0.401
2023-09-23,Capesize,USA,9.12,541.1,0.48
2023-09-24,Capesize,USA,9.1,505.8,0.318
2023-09-25,Capesize,USA,9.24,507.7,0.433
2023-09-26,Capesize,USA,8.86,507.7,0.544
2023-09-27,Capesize,USA,8.68,512.5,0.549
2023-09-28,Capesize,USA,9.11,502.7,0.428
2023-09-29,Capesize,USA,8.92,519.4,0.392
2023-09-30,Capesize,USA,8.79,532.8,0.31
2023-10-01,Capesize,USA,8.8,502.2,0.497
2023-10-02,Capesize,USA,8.86,501.7,0.327
2023-10-03,Capesize,USA,9.11,482.9,0.464
2023-10-04,Capesize,USA,9.4,517.6,0.689
2023-10-05,Capesize,USA,9.27,524.9,0.306
2023-10-06,Capesize,USA,9.22,494.4,0.389
2023-10-07,Capesize,USA,9.14,524.1,0.561
2023-10-08,Capesize,USA,9.24,511.3,0.5
2023-10-09,Capesize,USA,9.34,517.3,0.283
2023-10-10,Capesize,USA,9.18,518.2,0.319
2023-10-11,Capesize,USA,9.12,498.7,0.233
2023-10-12,Capesize,USA,9.22,514.6,0.487
2023-10-13,Capesize,USA,9.12,529.9,0.08
2023-10-14,Capesize,USA,8.82,509.4,0.083
2023-10-15,Capesize,USA,8.79,502.8,0.518
2023-10-16,Capesize,USA,9.01,493.6,0.539
2023-10-17,Capesize,USA,8.81,517.1,0.518
2023-10-18,Capesize,USA,9.12,506.4,0.371
2023-10-19,Capesize,USA,8.83,503.1,0.328
2023-10-20,Capesize,USA,8.71,517.7,0.122
2023-10-21,Capesize,USA,8.9,522.8,0.442
2023-10-22,Capesize,USA,9.01,494.2,0.275
2023-10-23,Capesize,USA,8.77,501.3,0.38
2023-10-24,Capesize,USA,8.95,513.5,0.17
2023-10-25,Capesize,USA,8.8,512.0,0.534
2023-10-26,Capesize,USA,8.75,502.5,0.405
2023-10-27,Capesize,USA,8.83,515.6,0.072
2023-10-28,Capesize,USA,8.89,498.8,0.306
2023-10-29,Capesize,USA,9.01,522.8,0.282
2023-10-30,Capesize,USA,9.14,510.0,0.247
2023-10-31,Capesize,USA,9.29,511.6,0.544
2023-11-01,Capesize,USA,9.03,514.1,0.307
2023-11-02,Capesize,USA,8.9,535.2,0.651
2023-11-03,Capesize,USA,9.19,510.9,0.124
2023-11-04,Capesize,USA,9.27,501.6,0.274
2023-11-05,Capesize,USA,9.45,524.1,0.486
2023-11-06,Capesize,USA,9.54,475.9,0.342
2023-11-07,Capesize,USA,9.59,536.1,0.488
2023-11-08,Capesize,USA,9.43,498.4,0.414
2023-11-09,Capesize,USA,9.06,519.3,0.26
2023-11-10,Capesize,USA,9.01,481.5,0.424
2023-11-11,Capesize,USA,8.92,530.9,0.015
2023-11-12,Capesize,USA,8.83,513.4,0.487
2023-11-13,Capesize,USA,8.9,527.7,0.387
2023-11-14,Capesize,USA,9.11,494.4,0.304
2023-11-15,Capesize,USA,8.71,505.5,0.487
2023-11-16,Capesize,USA,8.41,508.9,0.329
2023-11-17,Capesize,USA,8.84,502.6,0.375
2023-11-18,Capesize,USA,9.03,506.8,0.389
2023-11-19,Capesize,USA,9.18,511.7,0.378
2023-11-20,Capesize,USA,9.13,521.2,0.448
2023-11-21,Capesize,USA,9.25,509.5,0.689
2023-11-22,Capesize,USA,9.47,484.1,0.563
2023-11-23,Capesize,USA,9.59,538.0,0.459
2023-11-24,Capesize,USA,9.58,501.7,0.246
2023-11-25,Capesize,USA,10.24,498.6,0.355
2023-11-26,Capesize,USA,10.29,485.0,0.464
2023-11-27,Capesize,USA,9.91,512.8,0.143
2023-11-28,Capesize,USA,9.9,512.8,0.201
2023-11-29,Capesize,USA,10.07,478.3,0.135
2023-11-30,Capesize,USA,10.18,512.0,0.252
2023-12-01,Capesize,USA,9.97,516.8,0.365
2023-12-02,Capesize,USA,10.07,498.4,0.327
2023-12-03,Capesize,USA,9.99,512.9,0.494
2023-12-04,Capesize,USA,9.97,502.4,0.0
2023-12-05,Capesize,USA,9.78,504.1,0.146
2023-12-06,Capesize,USA,9.6,506.9,0.089
2023-12-07,Capesize,USA,9.47,492.3,0.52
2023-12-08,Capesize,USA,9.17,486.2,0.403
2023-12-09,Capesize,USA,9.33,522.2,0.518
2023-12-10,Capesize,USA,9.26,520.5,0.194
2023-12-11,Capesize,USA,9.38,508.3,0.551
2023-12-12,Capesize,USA,9.31,505.0,0.482
2023-12-13,Capesize,USA,9.43,523.4,0.121
2023-12-14,Capesize,USA,9.29,504.2,0.232
2023-12-15,Capesize,USA,9.66,502.4,0.053
2023-12-16,Capesize,USA,9.52,494.9,0.18
2023-12-17,Capesize,USA,9.68,517.1,0.213
2023-12-18,Capesize,USA,9.96,504.7,0.253
2023-12-19,Capesize,USA,10.15,527.5,0.352
2023-12-20,Capesize,USA,10.0,505.7,0.162
2023-12-21,Capesize,USA,10.01,506.2,0.599
2023-12-22,Capesize,USA,9.84,501.4,0.212
2023-12-23,Capesize,USA,9.8,493.2,0.284
2023-12-24,Capesize,USA,9.64,498.9,0.563
2023-12-25,Capesize,USA,9.62,492.8,0.265
2023-12-26,Capesize,USA,9.93,500.0,0.239
2023-12-27,Capesize,USA,10.05,507.1,0.286
2023-12-28,Capesize,USA,10.06,511.7,0.28
2023-12-29,Capesize,USA,10.16,510.0,0.112
2023-12-30,Capesize,USA,9.98,514.3,0.256
2023-12-31,Capesize,USA,9.87,503.2,0.351
2024-01-01,Capesize,USA,9.77,509.1,0.469
2024-01-02,Capesize,USA,9.65,521.9,0.39
2024-01-03,Capesize,USA,9.64,513.0,0.204
2024-01-04,Capesize,USA,9.93,503.7,0.314
2024-01-05,Capesize,USA,9.93,490.5,0.183
2024-01-06,Capesize,USA,9.65,484.4,0.264
2024-01-07,Capesize,USA,10.04,491.4,0.156
2024-01-08,Capesize,USA,10.11,476.3,0.14
2024-01-09,Capesize,USA,10.39,499.2,0.007
2024-01-10,Capesize,USA,10.44,492.0,0.456
2024-01-11,Capesize,USA,10.59,498.9,0.405
2024-01-12,Capesize,USA,10.52,493.6,0.253
2024-01-13,Capesize,USA,10.71,499.5,0.174
2024-01-14,Capesize,USA,10.89,510.2,0.13
2024-01-15,Capesize,USA,10.68,508.3,0.376
2024-01-16,Capesize,USA,10.71,508.7,0.24
2024-01-17,Capesize,USA,10.62,479.5,0.442
2024-01-18,Capesize,USA,10.51,503.8,0.158
2024-01-19,Capesize,USA,10.51,514.0,0.27
2024-01-20,Capesize,USA,10.5,503.3,0.3
2024-01-21,Capesize,USA,10.75,504.4,0.35
2024-01-22,Capesize,USA,10.86,498.0,0.25
2024-01-23,Capesize,USA,11.09,494.6,0.29
2024-01-24,Capesize,USA,10.86,509.1,0.464
2024-01-25,Capesize,USA,10.91,508.8,0.22
2024-01-26,Capesize,USA,10.85,498.0,0.205
2024-01-27,Capesize,USA,10.65,517.6,0.21
2024-01-28,Capesize,USA,10.87,514.3,0.25
2024-01-29,Capesize,USA,10.87,496.6,0.351
2024-01-30,Capesize,USA,10.88,493.6,0.06
2024-01-31,Capesize,USA,10.59,512.9,0.365
2024-02-01,Capesize,USA,10.5,501.5,0.327
2024-02-02,Capesize,USA,10.41,491.3,0.145
2024-02-03,Capesize,USA,10.49,488.8,0.277
2024-02-04,Capesize,USA,10.41,496.6,0.425
2024-02-05,Capesize,USA,10.32,483.4,0.187
2024-02-06,Capesize,USA,10.18,501.6,0.431
2024-02-07,Capesize,USA,10.3,480.2,0.16
2024-02-08,Capesize,USA,10.56,491.8,0.37
2024-02-09,Capesize,USA,10.74,518.9,0.298
2024-02-10,Capesize,USA,10.53,484.1,0.589
2024-02-11,Capesize,USA,10.18,518.9,0.304
2024-02-12,Capesize,USA,10.09,497.3,0.0
2024-02-13,Capesize,USA,10.44,519.9,0.15
2024-02-14,Capesize,USA,10.41,502.5,0.162
2024-02-15,Capesize,USA,10.33,482.8,0.632
2024-02-16,Capesize,USA,10.36,517.5,0.461
2024-02-17,Capesize,USA,10.48,511.7,0.0
2024-02-18,Capesize,USA,10.07,503.9,0.178
2024-02-19,Capesize,USA,9.73,502.6,0.246
2024-02-20,Capesize,USA,9.85,479.2,0.218
2024-02-21,Capesize,USA,10.27,479.4,0.244
2024-02-22,Capesize,USA,9.73,502.5,0.244
2024-02-23,Capesize,USA,9.94,520.5,0.261
2024-02-24,Capesize,USA,10.01,502.2,0.093
2024-02-25,Capesize,USA,9.88,487.8,0.0
2024-02-26,Capesize,USA,9.96,496.8,0.069
2024-02-27,Capesize,USA,10.17,508.2,0.268
2024-02-28,Capesize,USA,10.35,500.6,0.333
2024-02-29,Capesize,USA,10.05,524.1,0.388
2024-03-01,Capesize,USA,10.22,494.9,0.417
2024-03-02,Capesize,USA,10.51,513.9,0.366
2024-03-03,Capesize,USA,10.37,499.0,0.101
2024-03-04,Capesize,USA,10.12,531.3,0.428
2024-03-05,Capesize,USA,10.36,505.1,0.372
2024-03-06,Capesize,USA,10.44,459.7,0.008
2024-03-07,Capesize,USA,10.39,496.6,0.289
2024-03-08,Capesize,USA,10.38,473.3,0.525
2024-03-09,Capesize,USA,10.51,484.9,0.095
2024-03-10,Capesize,USA,10.68,493.9,0.178
2024-03-11,Capesize,USA,11.09,473.1,0.225
2024-03-12,Capesize,USA,10.78,504.9,0.362
2024-03-13,Capesize,USA,10.95,505.8,0.245
2024-03-14,Capesize,USA,11.12,467.1,0.061
2024-03-15,Capesize,USA,11.07,495.7,0.0
2024-03-16,Capesize,USA,10.85,489.4,0.397
2024-03-17,Capesize,USA,11.1,483.1,0.321
2024-03-18,Capesize,USA,11.18,466.5,0.35
2024-03-19,Capesize,USA,11.31,514.7,0.065
2024-03-20,Capesize,USA,11.14,485.0,0.179
2024-03-21,Capesize,USA,11.73,483.7,0.034
2024-03-22,Capesize,USA,11.39,518.0,0.045
2024-03-23,Capesize,USA,11.51,470.6,0.257
2024-03-24,Capesize,USA,11.65,490.1,0.488
2024-03-25,Capesize,USA,11.42,507.3,0.228
2024-03-26,Capesize,USA,11.32,505.5,0.233
2024-03-27,Capesize,USA,11.19,458.2,0.381
2024-03-28,Capesize,USA,11.25,479.7,0.133
2024-03-29,Capesize,USA,11.04,487.8,0.172
2024-03-30,Capesize,USA,11.01,475.3,0.079
2024-03-31,Capesize,USA,10.71,469.1,0.393
2024-04-01,Capesize,USA,10.61,471.3,0.356
2024-04-02,Capesize,USA,10.71,513.0,0.346
2024-04-03,Capesize,USA,10.62,490.2,0.312
2024-04-04,Capesize,USA,10.74,454.2,0.298
2024-04-05,Capesize,USA,10.62,478.4,0.169
2024-04-06,Capesize,USA,10.81,459.6,0.039
2024-04-07,Capesize,USA,10.93,466.9,0.261
2024-04-08,Capesize,USA,10.87,493.2,0.57
2024-04-09,Capesize,USA,11.01,476.7,0.0
2024-04-10,Capesize,USA,11.23,505.0,0.326
2024-04-11,Capesize,USA,11.19,476.2,0.172
2024-04-12,Capesize,USA,11.11,495.6,0.534
2024-04-13,Capesize,USA,11.22,472.4,0.271
2024-04-14,Capesize,USA,10.9,492.6,0.345
2024-04-15,Capesize,USA,11.13,468.4,0.309
2024-04-16,Capesize,USA,10.84,494.2,0.287
2024-04-17,Capesize,USA,11.16,472.3,0.28
2024-04-18,Capesize,USA,10.97,452.9,0.078
2024-04-19,Capesize,USA,11.34,474.2,0.17
2024-04-20,Capesize,USA,11.26,488.9,0.203
2024-04-21,Capesize,USA,11.7,480.4,0.119
2024-04-22,Capesize,USA,11.95,486.8,0.0
2024-04-23,Capesize,USA,12.03,489.4,0.193
2024-04-24,Capesize,USA,12.01,480.5,0.448
2024-04-25,Capesize,USA,12.23,515.7,0.413
2024-04-26,Capesize,USA,11.98,501.4,0.249
2024-04-27,Capesize,USA,12.44,461.5,0.247
2024-04-28,Capesize,USA,12.12,476.8,0.261
2024-04-29,Capesize,USA,12.02,512.7,0.455
2024-04-30,Capesize,USA,12.36,471.3,0.172
2024-05-01,Capesize,USA,12.39,465.5,0.305
2024-05-02,Capesize,USA,12.17,484.9,0.328
2024-05-03,Capesize,USA,12.36,467.5,0.288
2024-05-04,Capesize,USA,12.22,457.0,0.09
2024-05-05,Capesize,USA,12.57,480.5,0.121
2024-05-06,Capesize,USA,12.27,506.9,0.227
2024-05-07,Capesize,USA,12.24,457.4,0.202
2024-05-08,Capesize,USA,12.44,468.5,0.228
2024-05-09,Capesize,USA,12.53,451.9,0.313
2024-05-10,Capesize,USA,12.39,478.9,0.389
2024-05-11,Capesize,USA,12.36,440.6,0.527
2024-05-12,Capesize,USA,12.64,465.0,0.319
2024-05-13,Capesize,USA,12.57,445.1,0.446
2024-05-14,Capesize,USA,12.36,454.3,0.432
2024-05-15,Capesize,USA,12.63,488.7,0.153
2024-05-16,Capesize,USA,12.64,485.7,0.031
2024-05-17,Capesize,USA,12.52,455.1,0.298
2024-05-18,Capesize,USA,12.85,485.3,0.077
2024-05-19,Capesize,USA,12.99,493.5,0.0
2024-05-20,Capesize,USA,13.28,459.0,0.224
2024-05-21,Capesize,USA,13.14,480.4,0.497
2024-05-22,Capesize,USA,13.04,482.2,0.123
2024-05-23,Capesize,USA,12.6,486.0,0.101
2024-05-24,Capesize,USA,12.22,474.7,0.34
2024-05-25,Capesize,USA,11.86,464.2,0.245
2024-05-26,Capesize,USA,12.0,443.9,0.145
2024-05-27,Capesize,USA,11.83,445.8,0.379
2024-05-28,Capesize,USA,11.56,470.2,0.139
2024-05-29,Capesize,USA,11.42,491.7,0.0
2024-05-30,Capesize,USA,11.49,470.5,0.227
2024-05-31,Capesize,USA,11.38,492.9,0.218
2024-06-01,Capesize,USA,11.32,483.5,0.299
2024-06-02,Capesize,USA,11.28,457.2,0.39
2024-06-03,Capesize,USA,10.92,456.6,0.387
2024-06-04,Capesize,USA,10.75,471.7,0.155
2024-06-05,Capesize,USA,10.66,442.0,0.289
2024-06-06,Capesize,USA,10.49,453.7,0.348
2024-06-07,Capesize,USA,10.49,467.1,0.148
2024-06-08,Capesize,USA,10.76,462.4,0.344
2024-06-09,Capesize,USA,10.62,456.1,0.32
2024-06-10,Capesize,USA,10.97,473.1,0.126
2024-06-11,Capesize,USA,10.97,484.1,0.335
2024-06-12,Capesize,USA,11.28,461.9,0.313
2024-06-13,Capesize,USA,11.34,446.8,0.456
2024-06-14,Capesize,USA,11.2,456.5,0.286
2024-06-15,Capesize,USA,10.87,451.1,0.101
2024-06-16,Capesize,USA,10.65,468.5,0.198
2024-06-17,Capesize,USA,10.49,461.3,0.0
2024-06-18,Capesize,USA,10.41,445.6,0.295
2024-06-19,Capesize,USA,10.66,431.5,0.732
2024-06-20,Capesize,USA,10.57,436.2,0.232
2024-06-21,Capesize,USA,11.02,455.9,0.327
2024-06-22,Capesize,USA,11.57,468.1,0.349
2024-06-23,Capesize,USA,11.49,453.1,0.61
2024-06-24,Capesize,USA,11.36,440.2,0.404
2024-06-25,Capesize,USA,11.64,459.2,0.09
2024-06-26,Capesize,USA,11.48,444.8,0.38
2024-06-27,Capesize,USA,11.63,462.7,0.329
2024-06-28,Capesize,USA,11.14,440.3,0.38
2024-06-29,Capesize,USA,11.18,491.9,0.722
2024-06-30,Capesize,USA,11.25,470.3,0.519
2024-07-01,Capesize,USA,10.93,475.3,0.165
2024-07-02,Capesize,USA,10.99,479.5,0.523
2024-07-03,Capesize,USA,10.75,472.8,0.313
2024-07-04,Capesize,USA,10.72,446.0,0.259
2024-07-05,Capesize,USA,10.48,444.1,0.668
2024-07-06,Capesize,USA,10.71,453.8,0.263
2024-07-07,Capesize,USA,10.47,465.8,0.311
2024-07-08,Capesize,USA,10.63,456.2,0.502
2024-07-09,Capesize,USA,10.48,466.9,0.545
2024-07-10,Capesize,USA,10.92,450.5,0.627
2024-07-11,Capesize,USA,10.68,458.1,0.366
2024-07-12,Capesize,USA,10.2,448.7,0.414
2024-07-13,Capesize,USA,10.17,471.8,0.336
2024-07-14,Capesize,USA,10.03,453.7,0.532
2024-07-15,Capesize,USA,10.14,432.5,0.587
2024-07-16,Capesize,USA,10.31,465.7,0.544
2024-07-17,Capesize,USA,10.05,458.3,0.145
2024-07-18,Capesize,USA,10.03,458.5,0.359
2024-07-19,Capesize,USA,9.26,435.5,0.33
2024-07-20,Capesize,USA,9.17,456.3,0.505
2024-07-21,Capesize,USA,9.38,475.2,0.329
2024-07-22,Capesize,USA,9.34,474.0,0.55
2024-07-23,Capesize,USA,9.64,446.6,0.48
2024-07-24,Capesize,USA,9.53,452.0,0.571
2024-07-25,Capesize,USA,9.27,442.3,0.374
2024-07-26,Capesize,USA,9.2,447.4,0.566
2024-07-27,Capesize,USA,9.0,450.8,0.446
2024-07-28,Capesize,USA,8.63,461.0,0.451
2024-07-29,Capesize,USA,8.83,432.4,0.528
2024-07-30,Capesize,USA,8.63,480.5,0.477
2024-07-31,Capesize,USA,8.31,411.2,0.294
2024-08-01,Capesize,USA,8.52,445.6,0.157
2024-08-02,Capesize,USA,8.54,422.0,0.13
2024-08-03,Capesize,USA,8.9,440.0,0.44
2024-08-04,Capesize,USA,8.88,454.2,0.477
2024-08-05,Capesize,USA,9.58,452.5,0.615
2024-08-06,Capesize,USA,9.73,437.6,0.299
2024-08-07,Capesize,USA,9.78,430.9,0.47
2024-08-08,Capesize,USA,9.41,468.3,0.525
2024-08-09,Capesize,USA,9.13,451.6,0.464
2024-08-10,Capesize,USA,8.89,437.4,0.326
2024-08-11,Capesize,USA,9.33,446.1,0.615
2024-08-12,Capesize,USA,9.3,425.0,0.656
2024-08-13,Capesize,USA,9.49,426.9,0.531
2024-08-14,Capesize,USA,9.62,417.7,0.285
2024-08-15,Capesize,USA,9.79,442.0,0.531
2024-08-16,Capesize,USA,9.87,422.9,0.517
2024-08-17,Capesize,USA,9.79,464.4,0.276
2024-08-18,Capesize,USA,9.69,416.8,0.48
2024-08-19,Capesize,USA,9.92,418.9,0.355
2024-08-20,Capesize,USA,9.75,455.9,0.382
2024-08-21,Capesize,USA,9.94,426.7,0.208
2024-08-22,Capesize,USA,10.07,417.7,0.542
2024-08-23,Capesize,USA,9.95,413.9,0.402
2024-08-24,Capesize,USA,9.77,443.3,0.528
2024-08-25,Capesize,USA,10.04,437.5,0.425
2024-08-26,Capesize,USA,9.98,438.6,0.532
2024-08-27,Capesize,USA,10.36,426.0,0.456
2024-08-28,Capesize,USA,10.77,447.1,0.317
2024-08-29,Capesize,USA,10.44,437.1,0.517
2024-08-30,Capesize,USA,10.35,435.8,0.303
2024-08-31,Capesize,USA,10.19,425.4,0.321
2024-09-01,Capesize,USA,10.42,445.4,0.323
2024-09-02,Capesize,USA,10.41,425.0,0.346
2024-09-03,Capesize,USA,10.34,439.8,0.543
2024-09-04,Capesize,USA,10.31,437.3,0.679
2024-09-05,Capesize,USA,10.1,451.7,0.518
2024-09-06,Capesize,USA,10.55,440.1,0.351
2024-09-07,Capesize,USA,10.47,445.5,0.403
2024-09-08,Capesize,USA,10.4,450.3,0.249
2024-09-09,Capesize,USA,10.52,420.0,0.59
2024-09-10,Capesize,USA,10.86,419.4,0.584
2024-09-11,Capesize,USA,11.02,450.7,0.108
2024-09-12,Capesize,USA,10.75,455.7,0.319
2024-09-13,Capesize,USA,10.86,433.4,0.492
2024-09-14,Capesize,USA,11.19,410.8,0.333
2024-09-15,Capesize,USA,10.69,431.8,0.293
2024-09-16,Capesize,USA,10.82,451.7,0.314
2024-09-17,Capesize,USA,10.78,449.9,0.635
2024-09-18,Capesize,USA,10.63,416.5,0.673
2024-09-19,Capesize,USA,10.91,448.1,0.321
2024-09-20,Capesize,USA,10.86,433.9,0.417
2024-09-21,Capesize,USA,11.14,452.9,0.546
2024-09-22,Capesize,USA,11.18,405.1,0.345
2024-09-23,Capesize,USA,11.22,428.1,0.443
2024-09-24,Capesize,USA,11.3,413.1,0.687
2024-09-25,Capesize,USA,10.95,425.6,0.62
2024-09-26,Capesize,USA,10.65,458.1,0.36
2024-09-27,Capesize,USA,11.08,422.3,0.693
2024-09-28,Capesize,USA,11.07,440.2,0.494
2024-09-29,Capesize,USA,10.94,400.1,0.495
2024-09-30,Capesize,USA,10.93,426.2,0.566
2024-10-01,Capesize,USA,10.71,444.7,0.406
2024-10-02,Capesize,USA,10.61,421.1,0.602
2024-10-03,Capesize,USA,10.22,424.7,0.743
2024-10-04,Capesize,USA,10.21,446.3,0.842
2024-10-05,Capesize,USA,10.2,428.0,0.51
2024-10-06,Capesize,USA,10.42,426.7,0.389
2024-10-07,Capesize,USA,10.59,414.8,0.435
2024-10-08,Capesize,USA,10.2,393.6,0.288
2024-10-09,Capesize,USA,9.77,426.3,0.469
2024-10-10,Capesize,USA,9.68,443.8,0.591
2024-10-11,Capesize,USA,9.7,410.6,0.667
2024-10-12,Capesize,USA,10.28,436.5,0.36
2024-10-13,Capesize,USA,10.26,450.2,0.524
2024-10-14,Capesize,USA,10.7,443.0,0.45
2024-10-15,Capesize,USA,10.65,451.9,0.564
2024-10-16,Capesize,USA,11.35,425.3,0.498
2024-10-17,Capesize,USA,11.61,416.6,0.648
2024-10-18,Capesize,USA,11.57,417.8,0.729
2024-10-19,Capesize,USA,11.39,415.3,0.418
2024-10-20,Capesize,USA,11.04,440.3,0.486
2024-10-21,Capesize,USA,11.39,421.8,0.723
2024-10-22,Capesize,USA,10.96,439.1,0.413
2024-10-23,Capesize,USA,10.45,441.4,0.571
2024-10-24,Capesize,USA,10.29,431.3,0.563
2024-10-25,Capesize,USA,9.92,428.2,0.184
2024-10-26,Capesize,USA,10.02,432.6,0.675
2024-10-27,Capesize,USA,9.64,394.8,0.525
2024-10-28,Capesize,USA,9.27,431.6,0.253
2024-10-29,Capesize,USA,9.68,382.7,0.486
2024-10-30,Capesize,USA,10.1,399.3,0.669
2024-10-31,Capesize,USA,9.99,407.4,0.453
2024-11-01,Capesize,USA,10.19,411.6,0.514
2024-11-02,Capesize,USA,9.68,418.1,0.811
2024-11-03,Capesize,USA,9.85,397.6,0.422
2024-11-04,Capesize,USA,9.92,408.2,0.588
2024-11-05,Capesize,USA,9.68,424.6,0.627
2024-11-06,Capesize,USA,9.76,425.9,0.293
2024-11-07,Capesize,USA,10.19,404.1,0.694
2024-11-08,Capesize,USA,10.28,391.2,0.426
2024-11-09,Capesize,USA,9.94,408.2,0.572
2024-11-10,Capesize,USA,9.69,432.7,0.432
2024-11-11,Capesize,USA,10.09,414.4,0.635
2024-11-12,Capesize,USA,10.3,413.8,0.618
2024-11-13,Capesize,USA,10.12,434.2,0.657
2024-11-14,Capesize,USA,10.17,390.0,0.698
2024-11-15,Capesize,USA,10.01,383.7,0.603
2024-11-16,Capesize,USA,10.05,395.7,0.425
2024-11-17,Capesize,USA,10.33,417.7,0.563
2024-11-18,Capesize,USA,9.96,399.6,0.451
2024-11-19,Capesize,USA,9.76,419.3,0.578
2024-11-20,Capesize,USA,10.44,410.4,0.659
2024-11-21,Capesize,USA,10.12,421.8,0.376
2024-11-22,Capesize,USA,9.57,422.0,0.626
2024-11-23,Capesize,USA,9.9,420.0,0.368
2024-11-24,Capesize,USA,9.42,428.5,0.651
2024-11-25,Capesize,USA,9.59,416.3,0.59
2024-11-26,Capesize,USA,9.61,415.3,0.575
2024-11-27,Capesize,USA,9.73,404.4,0.483
2024-11-28,Capesize,USA,9.91,408.3,0.42
2024-11-29,Capesize,USA,9.9,410.3,0.686
2024-11-30,Capesize,USA,10.08,411.5,0.644
2024-12-01,Capesize,USA,10.42,402.3,0.73
2024-12-02,Capesize,USA,10.49,406.4,0.447
2024-12-03,Capesize,USA,9.86,403.9,0.425
2024-12-04,Capesize,USA,10.18,392.3,0.68
2024-12-05,Capesize,USA,9.75,396.0,0.23
2024-12-06,Capesize,USA,9.63,390.1,0.641
2024-12-07,Capesize,USA,9.8,389.9,0.425
2024-12-08,Capesize,USA,9.62,411.8,0.784
2024-12-09,Capesize,USA,10.2,398.5,0.595
2024-12-10,Capesize,USA,10.22,399.8,0.571
2024-12-11,Capesize,USA,10.66,446.7,0.181
2024-12-12,Capesize,USA,10.68,409.2,0.598
2024-12-13,Capesize,USA,11.35,408.0,0.765
2024-12-14,Capesize,USA,11.54,402.4,0.392
2024-12-15,Capesize,USA,11.95,420.9,0.34
2024-12-16,Capesize,USA,12.24,397.9,0.524
2024-12-17,Capesize,USA,12.43,428.3,0.536
2024-12-18,Capesize,USA,12.7,411.6,0.391
2024-12-19,Capesize,USA,12.34,394.5,0.561
2024-12-20,Capesize,USA,12.55,398.5,0.37
2024-12-21,Capesize,USA,12.69,423.9,0.695
2024-12-22,Capesize,USA,12.29,406.1,0.597
2024-12-23,Capesize,USA,12.32,407.8,0.705
2024-12-24,Capesize,USA,12.39,401.9,0.899
2024-12-25,Capesize,USA,12.43,381.7,0.593
2024-12-26,Capesize,USA,12.58,404.3,0.46
2024-12-27,Capesize,USA,12.6,390.2,0.583
2024-12-28,Capesize,USA,12.47,401.0,0.508
2024-12-29,Capesize,USA,12.4,400.4,0.562
2024-12-30,Capesize,USA,12.53,420.0,0.425
2024-12-31,Capesize,USA,12.77,407.7,0.479
2025-01-01,Capesize,USA,12.88,433.7,0.545
2025-01-02,Capesize,USA,12.86,416.6,0.687
2025-01-03,Capesize,USA,12.94,414.8,0.411
2025-01-04,Capesize,USA,12.87,423.4,0.581
2025-01-05,Capesize,USA,12.65,423.9,0.461
2025-01-06,Capesize,USA,12.65,408.0,0.47
2025-01-07,Capesize,USA,12.69,380.2,0.68
2025-01-08,Capesize,USA,12.65,370.6,0.498
2025-01-09,Capesize,USA,12.54,373.9,0.488
2025-01-10,Capesize,USA,12.52,409.8,0.665
2025-01-11,Capesize,USA,12.59,399.0,0.681
2025-01-12,Capesize,USA,12.56,418.4,0.612
2025-01-13,Capesize,USA,12.42,400.9,0.655
2025-01-14,Capesize,USA,12.42,434.5,0.611
2025-01-15,Capesize,USA,12.23,383.2,0.472
2025-01-16,Capesize,USA,12.29,374.1,0.764
2025-01-17,Capesize,USA,12.27,404.5,0.639
2025-01-18,Capesize,USA,12.4,400.6,0.49
2025-01-19,Capesize,USA,12.3,393.7,0.786
2025-01-20,Capesize,USA,12.39,398.9,0.543
2025-01-21,Capesize,USA,12.45,420.5,0.483
2025-01-22,Capesize,USA,12.26,405.1,0.626
2025-01-23,Capesize,USA,12.43,389.9,0.605
2025-01-24,Capesize,USA,12.47,416.0,0.719
2025-01-25,Capesize,USA,12.44,405.1,0.421
2025-01-26,Capesize,USA,12.41,371.7,0.685
2025-01-27,Capesize,USA,12.37,379.0,0.332
2025-01-28,Capesize,USA,12.41,418.4,0.123
2025-01-29,Capesize,USA,12.57,403.4,0.338
2025-01-30,Capesize,USA,12.4,389.6,0.465
2025-01-31,Capesize,USA,12.36,396.9,0.609
2025-02-01,Capesize,USA,12.28,400.0,0.704
2025-02-02,Capesize,USA,12.09,394.1,0.407
2025-02-03,Capesize,USA,12.11,395.5,0.52
2025-02-04,Capesize,USA,12.2,389.4,0.311
2025-02-05,Capesize,USA,12.31,371.1,0.463
2025-02-06,Capesize,USA,12.28,424.1,0.558
2025-02-07,Capesize,USA,12.3,407.6,0.45
2025-02-08,Capesize,USA,12.3,402.6,0.376
2025-02-09,Capesize,USA,12.3,397.9,0.641
2025-02-10,Capesize,USA,12.33,397.8,0.429
2025-02-11,Capesize,USA,12.58,397.3,0.588
2025-02-12,Capesize,USA,12.42,397.1,0.696
2025-02-13,Capesize,USA,12.69,366.4,0.625
2025-02-14,Capesize,USA,12.6,371.8,0.585
2025-02-15,Capesize,USA,12.83,420.0,0.503
2025-02-16,Capesize,USA,12.81,412.4,0.892
2025-02-17,Capesize,USA,12.94,417.5,0.343
2025-02-18,Capesize,USA,12.84,386.7,0.748
2025-02-19,Capesize,USA,12.56,398.3,0.452
2025-02-20,Capesize,USA,12.84,416.1,0.619
2025-02-21,Capesize,USA,12.98,392.0,0.419
2025-02-22,Capesize,USA,12.91,404.7,0.444
2025-02-23,Capesize,USA,12.98,382.2,0.561
2025-02-24,Capesize,USA,13.0,423.1,0.496
2025-02-25,Capesize,USA,13.04,409.3,0.464
2025-02-26,Capesize,USA,13.23,396.9,0.405
2025-02-27,Capesize,USA,13.24,385.7,0.741
2025-02-28,Capesize,USA,13.44,388.4,0.446
2025-03-01,Capesize,USA,13.51,385.4,0.314
2025-03-02,Capesize,USA,13.52,362.6,0.729
2025-03-03,Capesize,USA,13.52,390.4,0.449
2025-03-04,Capesize,USA,13.43,407.4,0.599
2025-03-05,Capesize,USA,13.55,395.6,0.503
2025-03-06,Capesize,USA,13.6,394.7,0.554
2025-03-07,Capesize,USA,13.35,383.6,0.566
2025-03-08,Capesize,USA,13.2,398.6,0.355
2025-03-09,Capesize,USA,13.21,411.8,0.762
2025-03-10,Capesize,USA,12.85,380.7,0.477
2025-03-11,Capesize,USA,13.14,399.7,0.423
2025-03-12,Capesize,USA,13.13,395.5,0.51
2025-03-13,Capesize,USA,13.11,392.2,0.496
2025-03-14,Capesize,USA,12.86,390.9,0.467
2025-03-15,Capesize,USA,12.99,400.7,0.581
2025-03-16,Capesize,USA,13.07,395.2,0.343
2025-03-17,Capesize,USA,13.03,389.8,0.396
2025-03-18,Capesize,USA,13.0,406.1,0.338
2025-03-19,Capesize,USA,12.75,375.9,0.56
2025-03-20,Capesize,USA,12.89,380.7,0.661
2025-03-21,Capesize,USA,12.75,401.7,0.494
2025-03-22,Capesize,USA,12.65,420.9,0.151
2025-03-23,Capesize,USA,12.78,416.5,0.503
2025-03-24,Capesize,USA,12.93,372.5,0.65
2025-03-25,Capesize,USA,12.85,392.9,0.379
2025-03-26,Capesize,USA,12.81,429.4,0.643
2025-03-27,Capesize,USA,12.86,411.3,0.867
2025-03-28,Capesize,USA,12.98,386.8,0.427
2025-03-29,Capesize,USA,12.84,394.4,0.561
2025-03-30,Capesize,USA,12.63,409.9,0.68
2025-03-31,Capesize,USA,12.87,393.2,0.644
2025-04-01,Capesize,USA,12.84,437.9,0.599
2025-04-02,Capesize,USA,12.76,394.7,0.745
2025-04-03,Capesize,USA,12.7,366.1,0.481
2025-04-04,Capesize,USA,12.66,382.9,0.202
2025-04-05,Capesize,USA,12.45,375.0,0.443
2025-04-06,Capesize,USA,12.56,373.2,0.436
2025-04-07,Capesize,USA,12.73,388.2,0.514
2025-04-08,Capesize,USA,12.86,387.1,0.442
2025-04-09,Capesize,USA,12.81,393.7,0.327
2025-04-10,Capesize,USA,12.79,394.1,0.607
2025-04-11,Capesize,USA,12.73,393.5,0.704
2025-04-12,Capesize,USA,12.62,384.9,0.192
2025-04-13,Capesize,USA,12.33,389.9,0.576
2025-04-14,Capesize,USA,12.16,370.1,0.382
2025-04-15,Capesize,USA,12.36,372.0,0.439
2025-04-16,Capesize,USA,12.5,385.1,0.078
2025-04-17,Capesize,USA,12.48,417.0,0.507
2025-04-18,Capesize,USA,12.56,369.1,0.577
2025-04-19,Capesize,USA,12.36,397.5,0.305
2025-04-20,Capesize,USA,12.36,369.4,0.591
2025-04-21,Capesize,USA,12.38,426.6,0.205
2025-04-22,Capesize,USA,12.17,381.4,0.291
2025-04-23,Capesize,USA,12.12,398.5,0.556
2025-04-24,Capesize,USA,12.02,393.6,0.166
2025-04-25,Capesize,USA,11.81,412.2,0.541
2025-04-26,Capesize,USA,11.75,420.4,0.421
2025-04-27,Capesize,USA,12.0,405.6,0.202
2025-04-28,Capesize,USA,11.77,379.5,0.008
2025-04-29,Capesize,USA,12.02,409.1,0.568
2025-04-30,Capesize,USA,12.06,410.7,0.334
2025-05-01,Capesize,USA,12.1,397.9,0.347
2025-05-02,Capesize,USA,11.94,392.7,0.631
2025-05-03,Capesize,USA,12.02,385.1,0.327
2025-05-04,Capesize,USA,11.63,398.8,0.468
2025-05-05,Capesize,USA,11.61,387.9,0.489
2025-05-06,Capesize,USA,11.51,411.1,0.355
2025-05-07,Capesize,USA,11.37,414.6,0.426
2025-05-08,Capesize,USA,11.1,378.3,0.465
2025-05-09,Capesize,USA,11.11,391.6,0.328
2025-05-10,Capesize,USA,11.43,394.8,0.298
2025-05-11,Capesize,USA,11.56,401.2,0.462
2025-05-12,Capesize,USA,11.62,363.9,0.269
2025-05-13,Capesize,USA,11.74,387.2,0.427
2025-05-14,Capesize,USA,11.86,390.7,0.375
2025-05-15,Capesize,USA,11.78,368.2,0.47
2025-05-16,Capesize,USA,11.79,377.8,0.441
2025-05-17,Capesize,USA,11.8,398.0,0.301
2025-05-18,Capesize,USA,11.51,387.3,0.892
2025-05-19,Capesize,USA,10.94,408.3,0.324
2025-05-20,Capesize,USA,10.57,362.6,0.292
2025-05-21,Capesize,USA,10.54,393.4,0.341
2025-05-22,Capesize,USA,10.56,399.8,0.366
2025-05-23,Capesize,USA,10.92,384.6,0.577
2025-05-24,Capesize,USA,10.74,410.8,0.115
2025-05-25,Capesize,USA,10.9,388.4,0.627
2025-05-26,Capesize,USA,10.88,403.9,0.455
2025-05-27,Capesize,USA,10.85,383.0,0.284
2025-05-28,Capesize,USA,10.84,376.7,0.578
2025-05-29,Capesize,USA,10.64,400.0,0.246
2025-05-30,Capesize,USA,10.95,366.9,0.297
2025-05-31,Capesize,USA,10.98,417.9,0.344
2025-06-01,Capesize,USA,10.57,401.7,0.483
2025-06-02,Capesize,USA,10.74,373.6,0.031
2025-06-03,Capesize,USA,11.1,379.3,0.201
2025-06-04,Capesize,USA,11.63,400.4,0.389
2025-06-05,Capesize,USA,11.32,383.3,0.462
2025-06-06,Capesize,USA,11.55,378.9,0.125
2025-06-07,Capesize,USA,11.99,384.9,0.417
2025-06-08,Capesize,USA,12.19,381.1,0.562
2025-06-09,Capesize,USA,12.1,400.8,0.0
2025-06-10,Capesize,USA,11.86,395.1,0.041
2025-06-11,Capesize,USA,12.24,399.9,0.435
2025-06-12,Capesize,USA,11.74,382.1,0.232
2025-06-13,Capesize,USA,11.46,411.0,0.168
2025-06-14,Capesize,USA,11.69,403.6,0.257
2025-06-15,Capesize,USA,11.57,385.7,0.222
2025-06-16,Capesize,USA,11.54,395.6,0.444
2025-06-17,Capesize,USA,11.29,385.7,0.199
2025-06-18,Capesize,USA,10.83,369.9,0.322
2025-06-19,Capesize,USA,10.91,398.8,0.558
2025-06-20,Capesize,USA,10.86,419.1,0.375
2025-06-21,Capesize,USA,10.72,407.9,0.137
2025-06-22,Capesize,USA,11.22,374.6,0.185
2025-06-23,Capesize,USA,11.17,382.8,0.402
2025-06-24,Capesize,USA,11.39,386.1,0.283
2025-06-25,Capesize,USA,10.85,387.0,0.333
2025-06-26,Capesize,USA,10.56,402.5,0.427
2025-06-27,Capesize,USA,10.26,376.1,0.596
2025-06-28,Capesize,USA,10.43,368.2,0.525
2025-06-29,Capesize,USA,10.56,410.9,0.336
2025-06-30,Capesize,USA,10.21,394.5,0.404
2025-07-01,Capesize,USA,10.25,373.2,0.516
2025-07-02,Capesize,USA,10.71,415.6,0.172
2025-07-03,Capesize,USA,10.74,388.9,0.129
2025-07-04,Capesize,USA,10.71,398.7,0.38
2025-07-05,Capesize,USA,10.5,392.0,0.51
2025-07-06,Capesize,USA,10.04,384.7,0.302
2025-07-07,Capesize,USA,10.42,382.9,0.445
2025-07-08,Capesize,USA,10.5,383.4,0.272
2025-07-09,Capesize,USA,10.44,420.2,0.57
2025-07-10,Capesize,USA,10.56,391.1,0.374
2025-07-11,Capesize,USA,11.12,400.3,0.627
2025-07-12,Capesize,USA,10.96,397.4,0.229
2025-07-13,Capesize,USA,10.84,408.2,0.068
2025-07-14,Capesize,USA,10.57,415.7,0.229
2025-07-15,Capesize,USA,10.03,392.0,0.1
2025-07-16,Capesize,USA,10.2,387.1,0.209
2025-07-17,Capesize,USA,10.28,367.0,0.438
2025-07-18,Capesize,USA,10.15,399.6,0.428
2025-07-19,Capesize,USA,9.93,407.9,0.216
2025-07-20,Capesize,USA,10.06,404.6,0.253
2025-07-21,Capesize,USA,10.1,374.9,0.21
2025-07-22,Capesize,USA,10.06,404.5,0.236
2025-07-23,Capesize,USA,10.37,391.3,0.526
2025-07-24,Capesize,USA,10.3,425.6,0.0
2025-07-25,Capesize,USA,10.44,399.2,0.18
2025-07-26,Capesize,USA,10.48,413.9,0.491
2025-07-27,Capesize,USA,10.56,398.2,0.0
2025-07-28,Capesize,USA,10.43,387.3,0.098
2025-07-29,Capesize,USA,10.35,376.9,0.07
2025-07-30,Capesize,USA,10.57,396.8,0.463
2025-07-31,Capesize,USA,10.59,381.5,0.333
2025-08-01,Capesize,USA,10.77,407.9,0.41
2025-08-02,Capesize,USA,11.08,429.7,0.262
2025-08-03,Capesize,USA,10.73,389.9,0.182
2025-08-04,Capesize,USA,10.78,403.2,0.191
2025-08-05,Capesize,USA,10.75,390.2,0.365
2025-08-06,Capesize,USA,10.65,386.3,0.265
2025-08-07,Capesize,USA,10.5,418.9,0.129
2025-08-08,Capesize,USA,10.36,396.2,0.103
2025-08-09,Capesize,USA,10.4,390.5,0.27
2025-08-10,Capesize,USA,10.13,408.7,0.324
2025-08-11,Capesize,USA,10.11,385.0,0.387
2025-08-12,Capesize,USA,10.16,386.5,0.477
2025-08-13,Capesize,USA,10.39,455.2,0.193
2025-08-14,Capesize,USA,10.69,391.0,0.155
2025-08-15,Capesize,USA,10.49,403.3,0.29
2025-08-16,Capesize,USA,10.84,439.2,0.294
2025-08-17,Capesize,USA,11.17,373.4,0.0
2025-08-18,Capesize,USA,11.25,378.5,0.2
2025-08-19,Capesize,USA,11.17,387.0,0.049
2025-08-20,Capesize,USA,10.96,406.9,0.324
2025-08-21,Capesize,USA,10.92,420.5,0.092
2025-08-22,Capesize,USA,10.7,433.8,0.155
2025-08-23,Capesize,USA,10.87,387.8,0.254
2025-08-24,Capesize,USA,10.77,407.0,0.245
2025-08-25,Capesize,USA,10.32,421.5,0.274
2025-08-26,Capesize,USA,10.07,404.7,0.0
2025-08-27,Capesize,USA,10.13,430.1,0.028
2025-08-28,Capesize,USA,10.1,431.7,0.246
2025-08-29,Capesize,USA,10.24,381.9,0.358
2025-08-30,Capesize,USA,10.45,398.4,0.566
2025-08-31,Capesize,USA,10.36,404.5,0.674
2025-09-01,Capesize,USA,10.32,391.6,0.302
2025-09-02,Capesize,USA,9.99,404.5,0.353
2025-09-03,Capesize,USA,9.71,422.4,0.248
2025-09-04,Capesize,USA,9.3,398.2,0.375
2025-09-05,Capesize,USA,9.23,410.9,0.236
2025-09-06,Capesize,USA,8.89,386.8,0.333
2025-09-07,Capesize,USA,9.02,407.2,0.213
2025-09-08,Capesize,USA,9.04,392.8,0.36
2025-09-09,Capesize,USA,9.04,428.0,0.166
2025-09-10,Capesize,USA,8.97,390.5,0.275
2025-09-11,Capesize,USA,9.1,408.0,0.0
2025-09-12,Capesize,USA,9.01,409.6,0.371
2025-09-13,Capesize,USA,9.06,419.3,0.093
2025-09-14,Capesize,USA,9.06,418.3,0.066
2025-09-15,Capesize,USA,9.34,410.7,0.255
2025-09-16,Capesize,USA,9.5,398.2,0.249
2025-09-17,Capesize,USA,9.41,406.1,0.361
2025-09-18,Capesize,USA,9.16,405.8,0.0
2025-09-19,Capesize,USA,8.81,410.8,0.347
2025-09-20,Capesize,USA,8.52,374.4,0.26
2025-09-21,Capesize,USA,8.8,413.9,0.182
2025-09-22,Capesize,USA,8.93,392.4,0.273
2025-09-23,Capesize,USA,8.76,414.5,0.127
2025-09-24,Capesize,USA,8.69,414.5,0.42
2025-09-25,Capesize,USA,8.65,419.1,0.366
2025-09-26,Capesize,USA,8.82,418.0,0.223
2025-09-27,Capesize,USA,8.59,407.4,0.122
2025-09-28,Capesize,USA,8.51,411.5,0.185
2025-09-29,Capesize,USA,8.71,418.5,0.357
2025-09-30,Capesize,USA,8.98,400.6,0.039
2025-10-01,Capesize,USA,9.11,428.2,0.268
2025-10-02,Capesize,USA,8.97,395.3,0.318
2025-10-03,Capesize,USA,9.28,415.6,0.147
2025-10-04,Capesize,USA,9.2,420.4,0.346
2025-10-05,Capesize,USA,9.24,406.9,0.089
2025-10-06,Capesize,USA,9.32,429.5,0.126
2025-10-07,Capesize,USA,9.43,395.0,0.442
2025-10-08,Capesize,USA,9.32,401.0,0.234
2025-10-09,Capesize,USA,9.23,408.4,0.316
2025-10-10,Capesize,USA,9.35,430.3,0.194
2025-10-11,Capesize,USA,9.53,418.3,0.068
2025-10-12,Capesize,USA,9.37,432.8,0.153
2025-10-13,Capesize,USA,9.41,423.6,0.154
2025-10-14,Capesize,USA,9.49,427.9,0.042
2025-10-15,Capesize,USA,9.51,417.9,0.273
2025-10-16,Capesize,USA,9.36,384.1,0.387
2025-10-17,Capesize,USA,9.46,390.8,0.298
2025-10-18,Capesize,USA,9.01,406.1,0.513
2025-10-19,Capesize,USA,9.1,409.6,0.214
2025-10-20,Capesize,USA,8.99,435.1,0.257
2025-10-21,Capesize,USA,9.34,359.9,0.17
2025-10-22,Capesize,USA,9.18,421.0,0.097
2025-10-23,Capesize,USA,9.23,400.8,0.347
2025-10-24,Capesize,USA,9.33,410.6,0.329
2025-10-25,Capesize,USA,9.23,409.4,0.366
2025-10-26,Capesize,USA,9.43,422.6,0.336
2025-10-27,Capesize,USA,9.79,434.1,0.224
2025-10-28,Capesize,USA,9.87,413.8,0.396
2025-10-29,Capesize,USA,10.07,430.6,0.166
2025-10-30,Capesize,USA,10.21,416.0,0.174
2025-10-31,Capesize,USA,9.83,437.3,0.306
2025-11-01,Capesize,USA,9.59,449.2,0.42
2025-11-02,Capesize,USA,9.28,435.4,0.272
2025-11-03,Capesize,USA,9.4,433.3,0.168
2025-11-04,Capesize,USA,9.08,422.1,0.298
2025-11-05,Capesize,USA,9.06,428.4,0.383
2025-11-06,Capesize,USA,8.92,407.1,0.145
2025-11-07,Capesize,USA,8.62,428.1,0.336
2025-11-08,Capesize,USA,8.7,404.4,0.21
2025-11-09,Capesize,USA,8.96,420.2,0.0
2025-11-10,Capesize,USA,9.02,433.0,0.245
2025-11-11,Capesize,USA,8.97,408.0,0.136
2025-11-12,Capesize,USA,9.05,403.7,0.612
2025-11-13,Capesize,USA,9.44,437.0,0.0
2025-11-14,Capesize,USA,9.52,437.7,0.432
2025-11-15,Capesize,USA,9.5,423.2,0.244
2025-11-16,Capesize,USA,9.61,425.5,0.296
2025-11-17,Capesize,USA,10.04,411.8,0.076
2025-11-18,Capesize,USA,9.98,413.0,0.314
2025-11-19,Capesize,USA,10.07,412.3,0.207
2025-11-20,Capesize,USA,10.06,460.6,0.322
2025-11-21,Capesize,USA,9.85,426.2,0.464
2025-11-22,Capesize,USA,10.2,434.0,0.32
2025-11-23,Capesize,USA,10.14,422.5,0.439
2025-11-24,Capesize,USA,10.41,430.7,0.678
2025-11-25,Capesize,USA,10.33,409.5,0.248
2025-11-26,Capesize,USA,10.89,414.0,0.081
2025-11-27,Capesize,USA,11.0,440.8,0.0
2025-11-28,Capesize,USA,10.75,438.6,0.018
2025-11-29,Capesize,USA,10.78,421.1,0.193
2025-11-30,Capesize,USA,10.43,420.4,0.298
2025-12-01,Capesize,USA,10.52,422.0,0.532
2025-12-02,Capesize,USA,10.6,430.0,0.039
2025-12-03,Capesize,USA,10.48,438.5,0.268
2025-12-04,Capesize,USA,10.3,428.5,0.485
2025-12-05,Capesize,USA,10.37,443.6,0.49
2025-12-06,Capesize,USA,10.22,453.3,0.278
2025-12-07,Capesize,USA,9.74,410.5,0.311
2025-12-08,Capesize,USA,9.98,443.5,0.061
2025-12-09,Capesize,USA,10.07,444.9,0.189
2025-12-10,Capesize,USA,9.89,446.6,0.183
2025-12-11,Capesize,USA,9.89,422.0,0.278
2025-12-12,Capesize,USA,9.95,453.3,0.45
2025-12-13,Capesize,USA,9.42,412.5,0.398
2025-12-14,Capesize,USA,9.31,409.6,0.453
2025-12-15,Capesize,USA,8.95,427.5,0.109
2025-12-16,Capesize,USA,8.55,437.8,0.074
2025-12-17,Capesize,USA,8.66,424.2,0.307
2025-12-18,Capesize,USA,8.94,437.1,0.186
2025-12-19,Capesize,USA,9.0,460.8,0.36
2025-12-20,Capesize,USA,9.41,450.4,0.205
2025-12-21,Capesize,USA,9.32,444.6,0.296
2025-12-22,Capesize,USA,9.76,442.8,0.433
2025-12-23,Capesize,USA,9.02,452.3,0.111
2025-12-24,Capesize,USA,8.37,419.6,0.547
2025-12-25,Capesize,USA,8.76,408.3,0.168
2025-12-26,Capesize,USA,9.43,436.2,0.28
2025-12-27,Capesize,USA,9.09,423.2,0.228
2025-12-28,Capesize,USA,9.55,447.3,0.232
2025-12-29,Capesize,USA,10.01,442.5,0.28
2025-12-30,Capesize,USA,9.6,423.4,0.249
